ACCIDENT_YEAR,JURIS,COLLISION_DATE,COLLISION_TIME,DAY_OF_WEEK,CHP_SHIFT,INTERSECTION,WEATHER_1,WEATHER_2,STATE_HWY_IND,LOCATION_TYPE,RAMP_INTERSECTION,TOW_AWAY,COLLISION_SEVERITY,NUMBER_KILLED,NUMBER_INJURED,PARTY_COUNT,PRIMARY_COLL_FACTOR,PCF_CODE_OF_VIOL,PCF_VIOL_CATEGORY,PCF_VIOLATION,PCF_VIOL_SUBSECTION,HIT_AND_RUN,TYPE_OF_COLLISION,ROAD_SURFACE,ROAD_COND_1,ROAD_COND_2,LIGHTING,CONTROL_DEVICE,CHP_ROAD_TYPE,MOTORCYCLE_ACCIDENT,ALCOHOL_INVOLVED,STWD_VEHTYPE_AT_FAULT,CHP_VEHTYPE_AT_FAULT,COUNT_SEVERE_INJ,COUNT_VISIBLE_INJ,COUNT_COMPLAINT_PAIN,COUNT_MC_KILLED,COUNT_MC_INJURED,LATITUDE,LONGITUDE,COUNTY,CITY,POINT_X,POINT_Y,IS_WEEKEND,TIME_OF_DAY,SEVERE_FATAL
2021,9565,2021-11-05,1521,5,2,N,A,-,Y,,,Y,4,0,1,2,A,-,07,21658.0,A,N,B,A,H,-,A,D,0,Y,,A,01,0,0,1,0,1,34.031211853027344,-118.43495178222656,LOS ANGELES,LOS ANGELES,-118.43492126464844,34.03102493286133,0,Midday,0
2021,9550,2021-11-07,1730,7,2,N,A,-,Y,,,N,2,0,1,3,A,-,03,22350.0,,N,C,A,H,-,D,D,0,Y,,C,02,1,0,0,0,1,33.8685302734375,-118.09947967529295,LOS ANGELES,CERRITOS,-118.09947967529295,33.8685302734375,1,Evening,1
2021,9565,2021-11-05,1,5,3,N,A,-,Y,R,,Y,3,0,1,1,A,-,03,22350.0,,N,F,A,H,-,C,D,0,Y,,C,02,0,1,0,0,1,34.031280517578125,-118.43343353271484,LOS ANGELES,LOS ANGELES,-118.43343353271484,34.031280517578125,0,Night,0
2021,9550,2021-11-09,1210,2,1,N,A,-,Y,,,Y,3,0,1,3,A,-,08,22107.0,,N,C,A,H,-,A,D,0,Y,,A,01,0,1,0,0,1,34.008941650390625,-118.05815887451172,LOS ANGELES,WHITTIER,-118.06313323974608,34.004852294921875,0,Midday,0
2021,9590,2021-10-28,1845,4,2,N,A,-,Y,,,Y,4,0,1,2,A,-,03,22350.0,,F,C,A,H,-,C,D,0,Y,,C,02,0,0,1,0,1,34.03582000732422,-118.37217712402344,LOS ANGELES,LOS ANGELES,-118.37220001220705,34.035736083984375,0,Evening,0
2021,9525,2021-11-15,740,1,1,N,A,-,Y,,,Y,4,0,1,2,A,-,03,22350.0,,N,C,A,H,-,A,D,0,Y,,C,02,0,0,1,0,1,34.072509765625,-117.93978881835938,LOS ANGELES,WEST COVINA,-117.93978881835938,34.072540283203125,0,Morning,0
2021,9540,2021-11-16,1915,2,2,Y,A,-,Y,,,N,2,0,1,2,A,-,09,21453.0,B,N,D,A,H,-,C,A,0,Y,,A,01,1,0,0,0,1,34.454299926757805,-118.42041015625,LOS ANGELES,UNINCORPORATED,-118.42031097412108,34.454349517822266,0,Evening,1
2021,9535,2021-11-05,1847,5,2,N,A,-,Y,,,Y,2,0,1,2,A,-,07,21658.0,A,F,F,A,H,-,C,D,0,Y,,-,99,1,0,0,0,1,34.069149017333984,-118.14952850341795,LOS ANGELES,ALHAMBRA,-118.14949798583984,34.069091796875,0,Evening,1
2021,9580,2021-11-09,658,2,1,N,A,-,Y,,,Y,2,0,1,3,A,-,07,21658.0,A,N,C,A,H,-,A,D,0,Y,,A,01,1,0,0,0,1,34.208778381347656,-118.47339630126952,LOS ANGELES,LOS ANGELES,-118.47344207763672,34.20878219604492,0,Morning,1
2021,9580,2021-11-12,1420,5,2,N,A,-,Y,,,Y,2,0,1,1,A,-,03,22350.0,,N,F,A,H,-,A,D,0,Y,,C,02,1,0,0,0,1,34.11619186401367,-118.85144805908205,LOS ANGELES,UNINCORPORATED,-118.8514404296875,34.11614227294922,0,Midday,1
2021,9590,2021-06-23,448,3,3,N,B,-,Y,R,,N,1,1,0,1,A,-,08,22107.0,,N,E,A,H,-,C,D,0,Y,,C,02,0,0,0,1,0,34.03861999511719,-118.27198028564452,LOS ANGELES,LOS ANGELES,-118.27198028564452,34.03861999511719,0,Night,1
2021,9565,2021-11-06,1251,6,1,N,A,-,Y,,,Y,3,0,1,3,A,-,08,22107.0,,F,B,A,H,-,A,D,0,Y,,-,99,0,1,0,0,1,34.065670013427734,-118.46041870117188,LOS ANGELES,UNINCORPORATED,-118.46051025390624,34.06558990478516,1,Midday,0
2021,9550,2021-11-12,1755,5,2,N,A,-,Y,,,Y,4,0,1,2,A,-,03,22350.0,,N,C,A,H,-,C,D,0,Y,,C,02,0,0,1,0,1,33.99428176879883,-117.9065170288086,LOS ANGELES,UNINCORPORATED,-117.9065170288086,33.99431228637695,0,Evening,0
2021,9590,2021-11-08,1308,1,1,N,A,-,Y,,,Y,3,0,1,2,A,-,03,22350.0,,N,B,A,H,-,A,D,0,Y,,A,01,0,1,0,0,1,34.09394073486328,-118.25543212890624,LOS ANGELES,LOS ANGELES,-118.25543212890624,34.09394073486328,0,Midday,0
2021,9525,2021-11-12,915,5,1,N,A,-,Y,,,Y,3,0,1,3,A,-,03,22350.0,,N,C,A,H,-,A,D,0,Y,,C,02,0,1,0,0,1,34.12778091430664,-117.91842651367188,LOS ANGELES,AZUSA,-117.91844940185548,34.12773132324219,0,Morning,0
2021,9565,2021-11-08,1700,1,2,N,A,-,N,,,N,4,0,1,1,A,-,03,22350.0,,N,F,A,H,-,B,D,0,Y,,C,02,0,0,1,0,1,33.91831970214844,-118.30847930908205,LOS ANGELES,UNINCORPORATED,-118.3078384399414,33.9183235168457,0,Evening,0
2021,9530,2021-11-09,1819,2,2,N,A,-,Y,,,Y,3,0,1,2,A,-,07,21658.0,A,N,B,A,H,-,C,D,0,Y,,-,- ,0,1,0,0,1,33.82606887817383,-118.24835205078124,LOS ANGELES,CARSON,-118.24835205078124,33.826053619384766,0,Evening,0
2021,9580,2021-11-14,2150,7,2,N,A,-,Y,R,,N,3,0,1,1,A,-,08,22107.0,,N,E,A,H,-,D,D,0,Y,,C,02,0,1,0,0,1,34.18796920776367,-118.4739227294922,LOS ANGELES,LOS ANGELES,-118.4739227294922,34.18796920776367,1,Night,0
2021,9530,2021-11-09,1612,2,2,N,A,-,Y,,,Y,3,0,1,2,A,-,07,21658.0,A,N,B,A,H,-,A,D,0,Y,,D,22,0,1,0,0,1,33.84904098510742,-118.27436065673828,LOS ANGELES,CARSON,-118.2744140625,33.848960876464844,0,Evening,0
2021,9565,2021-11-10,1540,3,2,N,A,-,Y,,,N,4,0,1,2,A,-,08,22107.0,,N,B,A,H,-,A,D,0,Y,,A,07,0,0,1,0,1,34.00640869140625,-118.41378021240234,LOS ANGELES,CULVER CITY,-118.41391754150392,34.006301879882805,0,Midday,0
2021,9575,2021-10-05,1810,2,2,N,A,-,Y,,,Y,2,0,1,1,A,-,03,22350.0,,N,E,A,H,-,A,D,0,Y,,C,02,1,0,0,0,1,34.26102066040039,-118.10088348388672,LOS ANGELES,UNINCORPORATED,-118.10088348388672,34.26102828979492,0,Evening,1
2021,9575,2021-10-12,1430,2,2,N,A,-,Y,,,Y,2,0,1,1,A,-,03,22350.0,,N,F,A,H,-,A,D,0,Y,,C,02,1,0,0,0,1,34.35499954223633,-117.94619750976562,LOS ANGELES,UNINCORPORATED,-117.94602966308594,34.35504150390625,0,Midday,1
2021,9530,2021-09-27,1730,1,2,N,B,-,Y,,,Y,3,0,1,2,A,-,07,21658.0,A,N,B,A,H,-,A,D,0,Y,,A,01,0,1,0,0,1,33.91957092285156,-118.28331756591795,LOS ANGELES,LOS ANGELES,-118.28337860107422,33.919620513916016,0,Evening,0
2021,9540,2021-11-12,1900,5,2,N,A,-,Y,,,Y,2,0,1,3,A,-,07,21658.0,A,N,B,A,H,-,D,D,0,Y,,A,01,1,0,0,0,1,34.39931106567383,-118.4605712890625,LOS ANGELES,UNINCORPORATED,-118.46168518066406,34.39864730834961,0,Evening,1
2021,9565,2021-11-10,1710,3,2,N,B,-,Y,,,Y,3,0,1,2,A,-,06,21750.0,A,N,B,A,H,-,C,D,0,Y,,C,02,0,1,0,0,1,33.933128356933594,-118.33067321777344,LOS ANGELES,HAWTHORNE,-118.35189819335938,33.93329620361328,0,Evening,0
2021,9530,2021-09-21,1700,2,2,N,A,-,Y,,,N,4,0,1,2,A,-,07,21658.0,A,F,B,A,H,-,A,D,0,Y,,A,07,0,0,1,0,1,33.91706085205078,-118.28529357910156,LOS ANGELES,LOS ANGELES,-118.2853775024414,33.9171142578125,0,Evening,0
2021,9530,2021-06-16,1035,3,1,N,A,-,Y,R,,Y,3,0,1,2,A,-,03,22350.0,,N,C,A,H,-,A,D,0,Y,,C,02,0,1,0,0,1,33.871490478515625,-118.28671264648438,LOS ANGELES,LOS ANGELES,-118.28671264648438,33.871490478515625,0,Morning,0
2021,9590,2021-11-10,1945,3,2,N,A,-,Y,,,N,4,0,1,3,A,-,03,22350.0,,M,C,A,H,-,C,A,0,Y,Y,A,07,0,0,1,0,0,34.059669494628906,-118.25202178955078,LOS ANGELES,LOS ANGELES,-118.25208282470705,34.059749603271484,0,Evening,0
2021,9575,2021-07-11,2233,7,3,N,A,-,Y,,,Y,1,1,0,2,A,-,08,22107.0,,N,E,A,H,-,D,D,0,Y,,C,02,0,0,0,1,0,34.222190856933594,-118.36856842041016,LOS ANGELES,LOS ANGELES,-118.36856079101562,34.222259521484375,1,Night,1
2021,9590,2021-08-09,2015,1,2,N,A,-,Y,,,N,2,0,1,2,A,-,07,21658.0,A,N,B,A,H,-,C,D,0,Y,,A,01,1,0,0,0,1,34.049560546875,-118.26403045654295,LOS ANGELES,LOS ANGELES,-118.26404571533205,34.04958724975586,0,Night,1
2021,9580,2021-11-17,1420,3,2,N,A,-,Y,,,Y,3,0,1,2,A,-,07,21658.0,A,N,C,A,H,-,A,D,0,Y,,A,01,0,1,0,0,1,34.149879455566406,-118.46835327148438,LOS ANGELES,LOS ANGELES,-118.4684829711914,34.14993667602539,0,Midday,0
2021,9530,2021-11-12,1730,5,2,N,A,-,N,,,Y,3,0,2,2,A,-,09,21801.0,A,N,D,A,H,-,C,D,0,Y,,A,07,0,2,0,0,1,33.88951110839844,-118.26548004150392,LOS ANGELES,UNINCORPORATED,-118.2646713256836,33.88235092163086,0,Evening,0
2021,9525,2021-11-16,630,2,1,N,A,-,Y,,,Y,3,0,1,2,A,-,07,21658.0,A,N,B,A,H,-,B,D,0,Y,,A,01,0,1,0,0,1,34.11766815185547,-117.84658050537108,LOS ANGELES,GLENDORA,-117.84658050537108,34.1176872253418,0,Morning,0
2021,9525,2021-11-15,1925,1,2,N,A,-,Y,,,N,4,0,1,3,A,-,03,22350.0,,N,C,A,H,-,B,D,0,Y,,A,07,0,0,1,0,1,33.99549865722656,-117.84069061279295,LOS ANGELES,DIAMOND BAR,-117.84069061279295,33.99549865722656,0,Evening,0
2021,9530,2021-06-21,2110,1,2,N,A,-,Y,,,N,3,0,1,1,A,-,03,22350.0,,N,E,A,H,-,C,A,0,Y,,C,02,0,1,0,0,1,33.872440338134766,-118.34300994873048,LOS ANGELES,TORRANCE,-118.31350708007812,33.87282180786133,0,Night,0
2021,9580,2021-11-12,755,5,1,N,A,-,Y,,,N,3,0,1,1,A,-,03,22350.0,,N,F,A,H,-,A,D,0,Y,,C,02,0,1,0,0,1,34.26573181152344,-118.46056365966795,LOS ANGELES,LOS ANGELES,-118.46055603027344,34.265769958496094,0,Morning,0
2021,9525,2021-11-17,1515,3,2,N,A,-,Y,,,N,2,0,1,2,A,-,08,22107.0,,N,B,A,A,-,A,D,0,Y,,A,01,1,0,0,0,1,34.072219848632805,-117.92423248291016,LOS ANGELES,WEST COVINA,-117.92423248291016,34.07219314575195,0,Midday,1
2021,9525,2021-11-20,1450,6,2,N,A,-,N,,,Y,4,0,1,1,A,-,03,22350.0,,N,F,A,H,-,A,D,0,Y,,C,02,0,0,1,0,1,34.29909133911133,-117.84056091308594,LOS ANGELES,UNINCORPORATED,-117.8405532836914,34.299041748046875,1,Midday,0
2021,9530,2021-06-27,138,7,3,N,A,-,Y,,,Y,4,0,1,1,C,-,18,,,N,F,A,H,-,C,D,0,Y,,-,- ,0,0,1,0,1,33.82130813598633,-118.28749084472656,LOS ANGELES,UNINCORPORATED,-118.28749084472656,33.82130813598633,1,Night,0
2021,9545,2021-11-19,2145,5,2,N,A,-,N,,,Y,2,0,1,1,A,-,01,23152.0,A,N,F,A,H,-,D,D,0,Y,Y,C,02,1,0,0,0,1,34.65966033935547,-118.36167144775392,LOS ANGELES,UNINCORPORATED,-118.3657455444336,34.65998840332031,0,Night,1
2021,9530,2021-06-26,1535,6,2,N,A,-,N,,,N,3,0,1,2,A,-,07,21658.0,A,N,B,A,H,-,A,D,0,Y,,D,22,0,1,0,0,1,33.98894119262695,-118.2521514892578,LOS ANGELES,UNINCORPORATED,-118.25212097167967,33.98896408081055,1,Midday,0
2021,9580,2021-11-22,1505,1,2,N,B,-,Y,,,Y,3,0,1,3,A,-,07,21658.0,A,F,B,A,H,-,A,D,0,Y,,A,01,0,1,0,0,1,34.15541076660156,-118.44129943847656,LOS ANGELES,LOS ANGELES,-118.44130706787108,34.15545654296875,0,Midday,0
2021,9580,2021-11-23,1620,2,2,N,A,-,Y,,,N,4,0,1,3,A,-,07,21658.0,A,N,B,A,H,-,B,D,0,Y,,D,22,0,0,1,0,1,34.146541595458984,-118.47007751464844,LOS ANGELES,LOS ANGELES,-118.47021484375,34.146610260009766,0,Evening,0
2021,9550,2021-11-19,2345,5,3,N,B,-,Y,,,N,3,0,1,1,A,-,08,22107.0,,N,E,A,H,-,C,D,0,Y,,C,02,0,1,0,0,1,33.87662124633789,-118.09545135498048,LOS ANGELES,BELLFLOWER,-118.1047592163086,33.8764762878418,0,Night,0
2021,9590,2021-09-15,726,3,1,N,A,-,Y,,,Y,3,0,1,2,A,-,07,21658.0,A,N,B,A,H,-,A,D,0,Y,,C,02,0,1,0,0,1,34.02655029296875,-118.27480316162108,LOS ANGELES,LOS ANGELES,-118.27486419677734,34.02658462524414,0,Morning,0
2021,9550,2021-11-18,1445,4,2,N,A,-,N,,,Y,2,0,1,2,A,-,08,22107.0,,F,F,A,H,-,A,A,0,Y,,A,07,1,0,0,0,1,33.97589874267578,-117.8588409423828,LOS ANGELES,UNINCORPORATED,-117.85853576660156,33.9756965637207,0,Midday,1
2021,9550,2021-11-15,1621,1,2,N,A,-,N,,,N,2,0,1,2,A,-,09,21802.0,A,N,B,A,H,-,A,A,0,Y,,A,01,1,0,0,0,1,33.92436981201172,-118.04659271240234,LOS ANGELES,UNINCORPORATED,-118.04659271240234,33.92441177368164,0,Evening,1
2021,9525,2021-10-24,528,7,3,N,A,-,Y,,,N,1,1,1,3,A,-,03,22350.0,,N,F,A,H,-,D,D,0,Y,,C,02,0,0,1,1,0,34.065128326416016,-117.8298797607422,LOS ANGELES,POMONA,-117.83468627929688,34.0675048828125,1,Morning,1
2021,9565,2021-11-15,1835,1,2,N,A,-,Y,,,Y,3,0,1,2,A,-,07,21658.0,A,N,B,A,H,-,C,D,0,Y,,A,07,0,1,0,0,1,34.029998779296875,-118.40630340576172,LOS ANGELES,LOS ANGELES,-118.4062957763672,34.03001403808594,0,Evening,0
2021,9590,2021-04-07,2250,3,3,N,A,-,Y,,,Y,1,1,0,1,A,-,08,22107.0,,N,E,A,H,-,C,D,0,Y,,C,02,0,0,0,1,0,34.03445053100586,-118.34456634521484,LOS ANGELES,LOS ANGELES,-118.34457397460938,34.03446578979492,0,Night,1
2021,9580,2021-11-10,2045,3,2,N,A,-,Y,,,Y,2,0,1,1,A,-,03,22350.0,,N,F,A,H,-,D,D,0,Y,,C,02,1,0,0,0,1,34.072540283203125,-118.58830261230467,LOS ANGELES,UNINCORPORATED,-118.58823394775392,34.07258605957031,0,Night,1
2021,9530,2021-11-16,2020,2,2,N,A,-,N,,,Y,2,0,1,2,A,-,09,21801.0,A,N,D,A,H,-,C,D,0,Y,,-,- ,1,0,0,0,1,33.96010971069336,-118.2367935180664,LOS ANGELES,UNINCORPORATED,-118.23670959472656,33.96015167236328,0,Night,1
2021,9525,2021-11-25,1215,4,1,Y,A,-,N,,,N,4,0,1,2,A,-,09,21453.0,C,N,D,A,H,-,A,A,0,Y,,C,02,0,0,1,0,1,34.03474044799805,-117.9743881225586,LOS ANGELES,UNINCORPORATED,-117.97457122802734,34.034759521484375,0,Midday,0
2021,9565,2021-11-16,1909,2,2,N,A,-,Y,,,Y,2,0,1,2,A,-,17,23114.0,A,F,E,A,H,-,C,D,0,Y,,-,99,1,0,0,0,1,34.03998947143555,-118.44048309326172,LOS ANGELES,LOS ANGELES,-118.44048309326172,34.03998947143555,0,Evening,1
2021,9590,2021-11-16,750,2,1,N,A,-,Y,R,,N,3,0,1,2,A,-,03,22350.0,,F,B,A,H,-,A,D,0,Y,,-,99,0,1,0,0,1,34.042938232421875,-118.22073364257812,LOS ANGELES,LOS ANGELES,-118.22073364257812,34.042938232421875,0,Morning,0
2021,9590,2021-11-16,555,2,3,N,A,-,Y,,,N,3,0,1,3,A,-,07,21658.0,A,N,B,A,H,-,B,D,0,Y,,C,02,0,1,0,0,1,34.0294303894043,-118.22469329833984,LOS ANGELES,LOS ANGELES,-118.22470855712892,34.029476165771484,0,Morning,0
2021,9525,2021-11-25,1405,4,2,N,A,-,Y,,,N,4,0,1,4,A,-,03,22350.0,,N,B,A,H,-,A,D,0,Y,,C,02,0,0,1,0,1,34.13486099243164,-117.95986175537108,LOS ANGELES,DUARTE,-117.95986938476562,34.13481140136719,0,Midday,0
2021,9565,2021-11-16,735,2,1,N,A,-,Y,,,N,3,0,1,2,A,-,08,22107.0,,N,B,A,H,-,A,D,0,Y,,-,- ,0,1,0,0,1,33.99930953979492,-118.40811920166016,LOS ANGELES,CULVER CITY,-118.40812683105467,33.999305725097656,0,Morning,0
2021,9530,2021-11-17,1705,3,2,N,A,-,Y,,,N,4,0,1,2,A,-,07,21658.0,A,F,B,A,H,-,A,D,0,Y,,A,01,0,0,1,0,1,33.92853927612305,-118.27944946289062,LOS ANGELES,LOS ANGELES,-118.27944946289062,33.92851257324219,0,Evening,0
2021,9530,2021-09-29,2300,3,3,N,A,-,Y,,,Y,3,0,1,2,A,-,03,22350.0,,N,C,A,H,-,C,D,0,Y,,C,02,0,1,0,0,1,33.94287872314453,-118.2797393798828,LOS ANGELES,LOS ANGELES,-118.27977752685548,33.94287872314453,0,Night,0
2021,9550,2021-11-20,1650,6,2,N,A,-,Y,,,Y,3,0,1,2,A,-,07,21658.0,A,N,B,A,H,-,C,D,0,Y,,A,07,0,1,0,0,1,33.99612045288086,-117.87122344970705,LOS ANGELES,INDUSTRY,-117.8712158203125,33.996063232421875,1,Evening,0
2021,9565,2021-11-17,1622,3,2,N,A,-,Y,,,Y,2,0,1,3,A,-,08,22107.0,,N,B,A,H,-,B,D,0,Y,,A,01,1,0,0,0,1,34.026851654052734,-118.4299087524414,LOS ANGELES,LOS ANGELES,-118.42991638183594,34.02684783935547,0,Evening,1
2021,9525,2021-11-24,1644,3,2,N,A,-,Y,,,Y,3,0,1,2,A,-,07,21658.0,A,N,F,A,H,-,D,D,0,Y,,A,01,0,1,0,0,1,34.068580627441406,-117.79934692382812,LOS ANGELES,POMONA,-117.79927825927734,34.068416595458984,0,Evening,0
2021,9530,2021-11-19,627,5,1,N,B,-,Y,,,Y,3,0,1,2,A,-,06,21750.0,A,N,B,A,H,-,A,D,0,Y,,C,02,0,1,0,0,1,33.867271423339844,-118.33519744873048,LOS ANGELES,TORRANCE,-118.33518981933594,33.867313385009766,0,Morning,0
2021,9565,2021-11-17,1720,3,2,Y,A,-,N,,,N,4,0,1,2,A,-,09,21802.0,A,N,D,A,H,-,C,A,0,Y,,C,02,0,0,1,0,1,33.93994140625,-118.2918701171875,LOS ANGELES,UNINCORPORATED,-118.29191589355467,33.940044403076165,0,Evening,0
2021,9565,2021-11-18,1836,4,2,N,A,-,Y,,,N,3,0,1,2,A,-,07,21658.0,A,N,B,A,H,-,C,D,0,Y,,A,07,0,1,0,0,1,33.91168975830078,-118.370361328125,LOS ANGELES,HAWTHORNE,-118.37059020996094,33.91168975830078,0,Evening,0
2021,9565,2021-11-18,1851,4,2,N,A,-,Y,,,Y,3,0,1,2,A,-,07,21658.0,A,N,B,A,H,-,D,D,0,Y,,A,07,0,1,0,0,1,34.01945877075195,-118.42430114746094,LOS ANGELES,LOS ANGELES,-118.42433166503906,34.01943588256836,0,Evening,0
2021,9535,2021-11-12,1535,5,2,N,A,-,Y,,,Y,3,0,1,3,A,-,07,21658.0,A,M,B,A,H,-,A,D,0,Y,,A,01,0,1,0,0,1,34.033180236816406,-118.12201690673828,LOS ANGELES,MONTEBELLO,-118.12201690673828,34.033138275146484,0,Midday,0
2021,9535,2021-11-18,845,4,1,N,A,-,Y,,,Y,4,0,1,2,A,-,03,22350.0,,N,C,A,H,-,A,D,0,Y,,C,02,0,0,1,0,1,34.03985977172852,-118.05162811279295,LOS ANGELES,UNINCORPORATED,-118.0516357421875,34.039833068847656,0,Morning,0
2021,9535,2021-11-19,645,5,1,N,B,-,Y,,,N,4,0,1,2,A,-,03,22350.0,,N,C,A,H,-,A,D,0,Y,,C,02,0,0,1,0,1,33.97526931762695,-118.12499237060548,LOS ANGELES,COMMERCE,-118.12500762939452,33.97525787353516,0,Morning,0
2021,9565,2021-11-18,1645,4,2,N,A,-,Y,,,Y,3,0,1,3,A,-,08,22107.0,,N,B,A,H,-,C,D,0,Y,,-,- ,0,1,0,0,1,34.04703140258789,-118.44663238525392,LOS ANGELES,LOS ANGELES,-118.44660186767578,34.04705047607422,0,Evening,0
2021,9565,2021-10-26,1540,2,2,N,A,-,Y,,,Y,4,0,1,2,A,-,03,22350.0,,N,B,A,H,-,A,D,0,Y,,C,02,0,0,1,0,1,34.02872085571289,-118.44728088378906,LOS ANGELES,LOS ANGELES,-118.447265625,34.0286750793457,0,Midday,0
2021,9565,2021-11-19,1800,5,2,N,A,-,Y,,,Y,4,0,1,2,A,-,08,22107.0,,N,B,A,H,-,C,D,0,Y,,A,01,0,0,1,0,1,34.021568298339844,-118.42610931396484,LOS ANGELES,LOS ANGELES,-118.4260482788086,34.0216178894043,0,Evening,0
2021,9530,2021-11-20,1525,6,2,N,A,-,Y,,,N,3,0,1,2,A,-,07,21658.0,A,N,C,A,H,-,A,D,0,Y,,A,01,0,1,0,0,1,33.845420837402344,-118.20581817626952,LOS ANGELES,LONG BEACH,-118.2058334350586,33.84542465209961,1,Midday,0
2021,9590,2021-11-19,1555,5,2,N,B,-,Y,,,N,4,0,1,2,A,-,03,22350.0,,N,B,A,H,-,A,D,0,Y,,C,02,0,0,1,0,1,34.03445053100586,-118.3486099243164,LOS ANGELES,LOS ANGELES,-118.34860229492188,34.034282684326165,0,Midday,0
2021,9565,2021-10-22,1822,5,2,N,A,-,Y,,,N,4,0,1,2,A,-,07,21658.0,A,N,B,A,H,-,C,D,0,Y,,A,01,0,0,1,0,1,34.02920150756836,-118.4452896118164,LOS ANGELES,LOS ANGELES,-118.4452896118164,34.02919387817383,0,Evening,0
2021,9545,2021-11-21,1525,7,2,N,A,-,N,,,N,2,0,1,1,C,-,18,,,N,F,A,H,-,A,D,0,Y,,-,- ,1,0,0,0,1,34.73460006713867,-118.41352081298828,LOS ANGELES,UNINCORPORATED,-118.41336822509766,34.72917938232422,1,Midday,1
2021,9545,2021-11-19,2042,5,2,Y,A,-,N,,,N,3,0,1,2,A,-,09,21801.0,A,N,D,A,H,-,C,A,0,Y,,A,07,0,1,0,0,1,34.64558029174805,-118.2184600830078,LOS ANGELES,UNINCORPORATED,-118.21841430664062,34.645606994628906,0,Night,0
2021,9575,2021-11-21,1100,7,1,N,A,-,Y,,,Y,2,0,2,2,D,-,00,,,N,B,A,H,-,A,D,0,Y,,-,- ,1,1,0,0,2,34.25947189331055,-118.1037826538086,LOS ANGELES,UNINCORPORATED,-118.10376739501952,34.25946044921875,1,Midday,1
2021,9575,2021-11-22,2005,1,2,N,A,-,Y,R,,Y,3,0,1,1,A,-,01,23152.0,A,N,F,A,H,-,C,D,0,Y,Y,C,02,0,1,0,0,1,34.275489807128906,-118.38063049316406,LOS ANGELES,LOS ANGELES,-118.38063049316406,34.275489807128906,0,Night,0
2021,9590,2021-07-20,1550,2,2,N,A,-,Y,,,Y,3,0,1,2,A,-,03,22350.0,,N,C,A,H,-,A,D,0,Y,,C,02,0,1,0,0,1,33.97991180419922,-118.2809600830078,LOS ANGELES,LOS ANGELES,-118.28092956542967,33.97991180419922,0,Midday,0
2021,9575,2021-10-24,1120,7,1,N,B,-,Y,,,Y,2,0,1,1,A,-,08,22107.0,,N,E,A,H,-,A,D,0,Y,,C,02,1,0,0,0,1,34.229400634765625,-118.18274688720705,LOS ANGELES,UNINCORPORATED,-118.1826400756836,34.22938919067383,1,Midday,1
2021,9525,2021-11-25,1320,4,1,N,A,-,Y,,,Y,3,0,1,2,A,-,03,22350.0,,N,B,A,H,-,A,D,0,Y,,A,01,0,1,0,0,1,34.12104034423828,-117.87866973876952,LOS ANGELES,GLENDORA,-117.87866973876952,34.12101745605469,0,Midday,0
2021,9580,2021-11-29,1630,1,2,N,A,-,Y,,,N,3,0,1,2,A,-,03,22350.0,,N,C,A,H,-,A,D,0,Y,,C,02,0,1,0,0,1,34.20438003540039,-118.47337341308594,LOS ANGELES,LOS ANGELES,-118.47325134277344,34.20438003540039,0,Evening,0
2021,9580,2021-11-28,1400,7,2,N,A,-,Y,,,N,3,0,1,2,A,-,03,22350.0,,N,C,A,H,-,A,D,0,Y,,C,02,0,1,0,0,1,34.1733512878418,-118.54415893554688,LOS ANGELES,LOS ANGELES,-118.54415893554688,34.17331314086914,1,Midday,0
2021,9575,2021-11-26,1045,5,1,N,A,-,Y,,,Y,2,0,1,1,A,-,03,22350.0,,N,E,A,H,-,A,D,0,Y,,C,02,1,0,0,0,1,34.298198699951165,-118.00267791748048,LOS ANGELES,UNINCORPORATED,-118.00265502929688,34.298213958740234,0,Morning,1
2021,9575,2021-11-22,1203,1,1,N,A,-,Y,,,Y,4,0,1,2,A,-,03,22350.0,,N,C,A,H,-,A,D,0,Y,,C,02,0,0,1,0,1,34.31504821777344,-118.00800323486328,LOS ANGELES,UNINCORPORATED,-118.00799560546876,34.3150520324707,0,Midday,0
2021,9575,2021-11-27,1120,6,1,N,A,-,N,,,Y,2,0,1,1,A,-,03,22350.0,,N,F,A,H,-,A,D,0,Y,,C,02,1,0,0,0,1,34.28268814086914,-118.17823028564452,LOS ANGELES,UNINCORPORATED,-118.19066619873048,33.869239807128906,1,Midday,1
2021,9525,2021-11-27,1150,6,1,N,A,-,N,,,Y,2,0,1,2,A,-,03,22350.0,,N,A,A,H,-,A,D,0,Y,,C,02,1,0,0,0,1,34.303951263427734,-117.84584808349608,LOS ANGELES,UNINCORPORATED,-117.84586334228516,34.303951263427734,1,Midday,1