ACCIDENT_YEAR,JURIS,COLLISION_DATE,COLLISION_TIME,DAY_OF_WEEK,CHP_SHIFT,INTERSECTION,WEATHER_1,WEATHER_2,STATE_HWY_IND,LOCATION_TYPE,RAMP_INTERSECTION,TOW_AWAY,COLLISION_SEVERITY,NUMBER_KILLED,NUMBER_INJURED,PARTY_COUNT,PRIMARY_COLL_FACTOR,PCF_CODE_OF_VIOL,PCF_VIOL_CATEGORY,PCF_VIOLATION,PCF_VIOL_SUBSECTION,HIT_AND_RUN,TYPE_OF_COLLISION,ROAD_SURFACE,ROAD_COND_1,ROAD_COND_2,LIGHTING,CONTROL_DEVICE,CHP_ROAD_TYPE,MOTORCYCLE_ACCIDENT,ALCOHOL_INVOLVED,STWD_VEHTYPE_AT_FAULT,CHP_VEHTYPE_AT_FAULT,COUNT_SEVERE_INJ,COUNT_VISIBLE_INJ,COUNT_COMPLAINT_PAIN,COUNT_MC_KILLED,COUNT_MC_INJURED,LATITUDE,LONGITUDE,COUNTY,CITY,POINT_X,POINT_Y,IS_WEEKEND,TIME_OF_DAY,SEVERE_FATAL
2021,1942,2021-01-22,2250,5,5,Y,A,-,N,,,Y,4,0,1,1,A,-,03,22348.0,,N,E,A,H,-,C,D,0,Y,,C,06,0,0,1,0,1,,,LOS ANGELES,LOS ANGELES,-118.24700164794922,34.02063751220703,0,Night,0
2021,1942,2021-01-22,1312,5,5,N,A,-,N,,,Y,4,0,1,2,A,-,03,22350.0,A,N,B,A,H,-,A,D,0,Y,,A,01,0,0,1,0,1,,,LOS ANGELES,LOS ANGELES,-118.25011444091795,33.99300003051758,0,Midday,0
2021,1942,2021-01-13,2100,3,5,Y,A,-,N,,,N,4,0,1,2,A,-,09,21804.0,,N,-,A,H,-,C,A,0,Y,,-,- ,0,0,1,0,1,,,LOS ANGELES,LOS ANGELES,-118.23908996582033,34.02764892578125,0,Night,0
2021,1942,2021-01-18,1400,1,5,Y,A,-,N,,,Y,3,0,1,2,A,-,09,21802.0,A,N,D,A,H,-,A,A,0,Y,,C,02,0,1,0,0,1,,,LOS ANGELES,LOS ANGELES,-118.25646209716795,33.992530822753906,0,Midday,0
2021,1900,2021-01-09,110,6,5,N,A,-,N,,,Y,2,0,1,1,A,-,08,22107.0,,N,E,A,H,-,C,D,0,Y,,C,02,1,0,0,0,1,33.00946044921875,-117.92498779296876,LOS ANGELES,INDUSTRY,-117.92488098144533,34.00963592529297,1,Night,1
2021,1941,2021-02-12,1723,5,5,-,A,-,N,,,N,3,0,1,1,A,-,06,21755.0,,N,H,A,H,-,A,D,0,Y,,C,,0,1,0,0,1,,,LOS ANGELES,LONG BEACH,-118.17019653320312,33.764732360839844,0,Evening,0
2021,1972,2021-02-11,1910,4,5,Y,A,-,N,,,N,3,0,1,2,A,-,09,21801.0,A,N,H,A,H,-,C,A,0,Y,,A,,0,1,0,0,1,,,LOS ANGELES,TORRANCE,-118.3698959350586,33.85826110839844,0,Evening,0
2021,1942,2021-02-20,1800,6,5,N,A,-,N,,,Y,3,0,1,2,A,-,05,21650.0,,N,A,A,H,-,C,A,0,Y,,C,02,0,1,0,0,1,,,LOS ANGELES,LOS ANGELES,-118.2871551513672,33.75102615356445,1,Evening,0
2021,1975,2021-02-20,1748,6,5,Y,A,-,N,,,N,4,0,1,2,A,-,09,21801.0,A,N,D,A,H,-,C,D,0,Y,,A,01,0,0,1,0,1,34.03221893310547,-117.91580200195312,LOS ANGELES,WEST COVINA,-117.9157485961914,34.03224182128906,1,Evening,0
2021,1942,2021-01-25,2015,1,5,Y,B,-,N,,,N,3,0,1,2,A,-,12,21453.0,A,F,D,A,H,-,C,A,0,Y,,-,- ,0,1,0,0,1,,,LOS ANGELES,LOS ANGELES,-118.2541961669922,34.04804229736328,0,Night,0
2021,1942,2021-01-26,2315,2,5,Y,A,-,N,,,Y,4,0,1,2,A,-,12,21453.0,A,N,D,A,H,-,C,A,0,Y,,C,06,0,0,1,0,0,,,LOS ANGELES,LOS ANGELES,-118.21571350097656,34.07650375366211,0,Night,0
2021,1942,2021-02-24,900,3,5,Y,A,-,N,,,Y,2,0,1,2,A,-,09,21801.0,A,N,D,A,H,-,A,A,0,Y,,G,27,1,0,0,0,1,,,LOS ANGELES,LOS ANGELES,-118.57973480224608,34.2318229675293,0,Morning,1
2021,1941,2021-02-24,2211,3,5,Y,A,-,N,,,Y,2,0,1,2,-,-,- ,,A,N,D,-,H,-,C,A,0,Y,,A,,1,0,0,0,1,,,LOS ANGELES,LONG BEACH,-118.13746643066406,33.775360107421875,0,Night,1
2021,1942,2021-01-20,1600,3,5,N,A,-,N,,,N,3,0,1,1,A,-,03,22350.0,,N,H,-,H,-,A,D,0,Y,,C,03,0,1,0,0,1,,,LOS ANGELES,LOS ANGELES,-118.27394104003906,33.97467422485352,0,Evening,0
2021,1941,2021-02-19,1802,5,5,N,A,-,Y,R,2,Y,3,0,1,1,A,-,08,22107.0,,N,H,A,H,-,C,D,0,Y,,C,,0,1,0,0,1,,,LOS ANGELES,LONG BEACH,-118.10117340087892,33.77417755126953,0,Evening,0
2021,1900,2021-02-24,1848,3,5,Y,A,-,N,,,Y,4,0,2,2,A,-,09,21801.0,A,N,D,A,H,-,C,D,0,Y,,D,22,0,0,2,0,1,34.34299850463867,-118.05059814453124,LOS ANGELES,PALMDALE,-118.08526611328124,34.58742141723633,0,Evening,0
2021,1942,2021-02-10,1410,3,5,N,A,-,N,,,N,3,0,1,2,A,-,08,22107.0,,F,G,A,H,-,A,D,0,Y,,-,- ,0,1,0,0,0,,,LOS ANGELES,LOS ANGELES,-118.27328491210938,33.97542190551758,0,Midday,0
2021,1942,2021-02-16,1700,2,5,N,A,-,N,,,N,4,0,1,2,A,-,12,21453.0,A,N,D,A,H,-,B,A,0,Y,,D,22,0,0,1,0,1,,,LOS ANGELES,LOS ANGELES,-118.23632049560548,34.10263442993164,0,Evening,0
2021,1942,2021-02-21,1640,7,5,Y,A,-,N,,,N,3,0,2,3,A,-,09,21801.0,A,N,D,A,H,-,A,A,0,Y,Y,D,72,0,1,1,0,1,,,LOS ANGELES,LOS ANGELES,-118.27828979492188,33.98599624633789,1,Evening,0
2021,1900,2021-01-31,1830,7,5,N,A,-,N,,,N,3,0,1,2,A,-,06,21750.0,,M,C,A,H,-,B,D,0,Y,,D,22,0,1,0,0,1,34.400001525878906,-118.40889739990234,LOS ANGELES,SANTA CLARITA,-118.40909576416016,34.40017318725586,1,Evening,0
2021,1942,2021-02-21,2100,7,5,Y,A,-,N,,,Y,2,0,1,2,A,-,12,21453.0,A,N,D,A,H,-,C,A,0,Y,Y,C,02,1,0,0,0,1,,,LOS ANGELES,LOS ANGELES,-118.2749252319336,34.02764129638672,1,Night,1
2021,1969,2021-02-07,2105,7,5,N,A,-,N,,,Y,4,0,1,2,A,-,08,22107.0,,N,B,A,H,-,C,A,0,Y,,A,01,0,0,1,0,1,33.949810028076165,-118.17075347900392,LOS ANGELES,SOUTH GATE,-118.17050170898438,33.9498291015625,1,Night,0
2021,1900,2021-03-13,645,6,5,Y,A,-,N,,,Y,4,0,1,1,A,-,08,22107.0,,N,F,A,H,-,A,D,0,Y,,C,02,0,0,1,0,1,34.57989883422852,-118.0448989868164,LOS ANGELES,PALMDALE,-118.04517364501952,34.58005142211914,1,Morning,0
2021,1942,2021-03-05,2100,5,5,Y,A,-,N,,,Y,2,0,1,2,A,-,09,21801.0,A,N,B,A,H,-,C,D,0,Y,,D,22,1,0,0,0,1,,,LOS ANGELES,LOS ANGELES,-118.42106628417967,34.20119857788086,0,Night,1
2021,1955,2021-02-08,1816,1,5,N,A,-,N,,,Y,4,0,1,1,A,-,08,22107.0,,N,E,A,H,-,C,D,0,Y,,C,02,0,0,1,0,1,,,LOS ANGELES,POMONA,-117.7973175048828,34.0396728515625,0,Evening,0
2021,1900,2021-02-26,1451,5,5,Y,A,-,N,,,Y,4,0,1,2,A,-,04,21703.0,,N,B,A,H,-,A,D,0,Y,,-,- ,0,0,1,0,1,34.56869125366211,-118.12922668457033,LOS ANGELES,PALMDALE,-118.12932586669922,34.572509765625,0,Midday,0
2021,1942,2021-01-15,1800,5,5,N,A,-,N,,,Y,4,0,1,3,A,-,03,22350.0,,N,C,A,H,-,B,D,0,Y,,A,01,0,0,1,0,1,,,LOS ANGELES,LOS ANGELES,-118.22404479980467,34.14255905151367,0,Evening,0
2021,1942,2021-02-28,2130,7,5,Y,A,-,N,,,Y,4,0,1,2,A,-,03,22350.0,,N,B,A,H,-,C,D,0,Y,,C,02,0,0,1,0,1,,,LOS ANGELES,LOS ANGELES,-118.248046875,34.02723693847656,1,Night,0
2021,1942,2021-02-28,2025,7,5,N,A,-,N,,,Y,4,0,1,1,C,-,18,,,N,E,A,H,-,C,A,0,Y,,-,- ,0,0,1,0,1,,,LOS ANGELES,LOS ANGELES,-118.24340057373048,33.94562149047852,1,Night,0
2021,1942,2021-02-24,1800,3,5,N,A,-,N,,,Y,2,0,1,2,A,-,03,22350.0,,N,D,A,H,-,C,A,0,Y,,C,03,1,0,0,0,1,,,LOS ANGELES,LOS ANGELES,-118.30607604980467,34.01084899902344,0,Evening,1
2021,1942,2021-03-03,2020,3,5,Y,A,-,N,,,Y,2,0,1,2,A,-,09,21802.0,A,N,D,A,H,-,C,A,0,Y,,A,08,1,0,0,0,1,,,LOS ANGELES,LOS ANGELES,-118.46620178222656,34.20299530029297,0,Night,1
2021,1922,2021-02-06,1144,6,5,N,A,-,N,,,N,2,0,1,2,D,-,00,,,N,H,A,H,-,A,D,0,Y,,-,- ,1,0,0,0,1,34.07941055297852,-118.0539093017578,LOS ANGELES,EL MONTE,-118.05378723144533,34.07957077026367,1,Midday,1
2021,1969,2021-02-19,1855,5,5,N,A,-,N,,,,3,0,1,2,A,-,05,21651.0,B,N,D,A,H,-,B,D,0,Y,,C,03,0,1,0,0,1,33.95351028442383,-118.228759765625,LOS ANGELES,SOUTH GATE,-118.22802734375,33.95339584350586,0,Evening,0
2021,1900,2021-02-21,1035,7,5,Y,A,-,N,,,N,3,0,2,2,A,-,11,21950.0,B,N,G,A,H,-,A,A,0,Y,,N,60,0,1,1,0,1,34.41559982299805,-118.46649932861328,LOS ANGELES,SANTA CLARITA,-118.46637725830078,34.41567611694336,1,Morning,0
2021,1900,2021-02-22,1718,1,5,Y,-,-,N,,,N,3,0,1,1,A,-,08,22107.0,,N,E,A,H,-,A,A,0,Y,,C,02,0,1,0,0,1,,,LOS ANGELES,PALMDALE,-118.17333984375,34.584182739257805,0,Evening,0
2021,1953,2021-02-19,1759,5,5,Y,A,-,N,,,Y,3,0,2,2,A,-,09,21801.0,,N,D,A,H,-,C,D,0,Y,,A,01,0,1,1,0,1,,,LOS ANGELES,PASADENA,-118.16917419433594,34.180381774902344,0,Evening,0
2021,1941,2021-03-28,2042,7,5,Y,A,-,N,,,Y,2,0,1,2,A,-,01,23152.0,,N,D,A,H,-,C,D,0,Y,Y,A,,1,0,0,0,1,,,LOS ANGELES,LONG BEACH,-118.10304260253906,33.7796630859375,1,Night,1
2021,1941,2021-02-19,1928,5,5,Y,A,-,N,,,Y,3,0,1,2,-,-,- ,,,N,H,A,H,-,C,D,0,Y,,-,- ,0,1,0,0,1,,,LOS ANGELES,LONG BEACH,-118.15086364746094,33.76089096069336,0,Evening,0
2021,1900,2021-02-20,1557,6,5,N,A,-,N,,,N,3,0,1,2,A,-,03,22350.0,,F,B,A,H,-,A,A,0,Y,,D,22,0,1,0,0,1,,,LOS ANGELES,LANCASTER,-118.14788055419922,34.67531204223633,1,Midday,0
2021,1900,2021-03-13,1401,6,5,N,A,-,N,,,Y,2,0,1,2,A,-,05,21651.0,B,N,A,A,H,-,A,D,0,Y,,C,03,1,0,0,0,1,,,LOS ANGELES,LANCASTER,-118.11553192138672,34.68946838378906,1,Midday,1
2021,1900,2021-02-25,2020,4,5,N,A,-,N,,,Y,4,0,1,2,A,-,03,22350.0,,N,C,A,H,-,C,A,0,Y,,C,02,0,0,1,0,1,,,LOS ANGELES,LA MIRADA,-117.97743988037108,33.90887451171875,0,Night,0
2021,1900,2021-02-12,1842,5,5,N,A,-,N,,,Y,4,0,1,2,A,-,06,21755.0,A,N,A,A,H,-,C,A,0,Y,,C,02,0,0,1,0,1,,,LOS ANGELES,BELLFLOWER,-118.12525177001952,33.87752151489258,0,Evening,0
2021,1900,2021-02-15,1000,1,5,N,A,-,N,,,N,4,0,1,2,A,-,09,21804.0,A,N,C,A,H,-,A,D,0,Y,,A,01,0,0,1,0,1,,,LOS ANGELES,BELLFLOWER,-118.12565612792967,33.902000427246094,0,Morning,0
2021,1900,2021-02-07,1435,7,5,N,A,-,N,,,N,3,0,1,2,A,-,08,22107.0,,N,A,A,H,-,A,D,0,Y,,C,02,0,1,0,0,1,,,LOS ANGELES,COMPTON,-118.24745941162108,33.88362121582031,1,Midday,0
2021,1900,2021-07-25,1430,7,5,N,A,-,Y,H,-,Y,2,0,1,3,A,-,03,22350.0,,N,C,A,H,-,A,-,0,Y,,C,02,1,0,0,0,1,34.03961181640625,-118.66613006591795,LOS ANGELES,MALIBU,-118.66539764404295,34.03961563110352,1,Midday,1
2021,1953,2021-02-03,2234,3,5,N,A,-,N,,,Y,3,0,1,3,A,-,03,22350.0,,N,F,A,H,-,C,D,0,Y,,A,07,0,1,0,0,0,,,LOS ANGELES,PASADENA,-118.15963745117188,34.17615509033203,0,Night,0
2021,1941,2021-03-12,939,5,5,Y,A,-,N,,,Y,4,0,1,2,A,-,09,21804.0,A,N,-,A,H,-,A,D,0,Y,,D,,0,0,1,0,1,,,LOS ANGELES,LONG BEACH,-118.15460968017578,33.775352478027344,0,Morning,0
2021,1941,2021-03-08,1145,1,5,Y,A,-,N,,,Y,3,0,2,2,A,-,12,21453.0,A,N,D,A,H,-,A,A,0,Y,,-,- ,0,2,0,0,2,,,LOS ANGELES,LONG BEACH,-118.19371795654295,33.77050018310547,0,Midday,0
2021,1900,2021-04-05,1400,1,5,N,A,-,Y,H,-,N,3,0,1,2,A,-,04,21703.0,,N,C,A,H,-,A,D,0,Y,,A,01,0,1,0,0,1,34.027000427246094,-118.76065826416016,LOS ANGELES,MALIBU,-118.76162719726562,34.026641845703125,0,Midday,0
2021,1972,2021-03-04,1352,4,5,N,A,-,Y,H,-,N,3,0,1,2,A,-,15,21235.0,A,N,D,A,H,-,A,A,0,Y,,O,,0,1,0,0,1,,,LOS ANGELES,TORRANCE,-118.35430145263672,33.80623245239258,0,Midday,0
2021,1941,2021-02-19,1821,5,5,Y,A,-,Y,I,5,Y,2,0,1,2,A,-,11,21456.0,C,N,H,A,H,-,C,A,0,Y,,N,,1,0,0,0,0,,,LOS ANGELES,LONG BEACH,-118.17191314697266,33.7899169921875,0,Evening,1
2021,1972,2021-03-28,1832,7,5,N,A,-,Y,H,-,Y,2,0,2,2,A,-,09,21804.0,A,N,H,A,H,-,A,A,0,Y,,A,,1,1,0,0,2,,,LOS ANGELES,TORRANCE,-118.35215759277344,33.828269958496094,1,Evening,1
2021,1900,2021-03-21,1416,7,5,N,A,-,Y,H,-,Y,2,0,1,2,A,-,03,22350.0,,N,C,A,H,-,A,-,0,Y,,C,02,1,0,0,0,1,34.0224609375,-118.37767791748048,LOS ANGELES,MALIBU,-118.630859375,34.0375862121582,1,Midday,1
2021,1972,2021-03-23,1544,2,5,N,A,-,N,,,Y,3,0,1,2,A,-,07,21658.0,A,N,B,A,H,-,A,A,0,Y,,A,,0,1,0,0,1,,,LOS ANGELES,TORRANCE,-118.34374237060548,33.872779846191406,0,Midday,0
2021,1942,2021-02-26,2350,5,5,Y,A,-,N,,,Y,2,0,1,2,A,-,09,21801.0,A,N,D,A,H,-,C,A,0,Y,,A,01,1,0,0,0,1,,,LOS ANGELES,LOS ANGELES,-118.33084106445312,34.00365447998047,0,Night,1
2021,1962,2021-02-28,1523,7,5,Y,A,-,N,,,Y,3,0,1,2,A,-,12,21453.0,A,N,D,A,H,-,A,A,0,Y,,C,02,0,1,0,0,1,34.10239028930664,-118.11093139648438,LOS ANGELES,SAN GABRIEL,-118.11097717285156,34.1024055480957,1,Midday,0
2021,1962,2021-02-21,1740,7,5,N,A,-,N,,,Y,3,0,1,1,A,-,03,22350.0,,N,H,A,H,-,C,D,0,Y,,C,02,0,1,0,0,1,34.08805084228516,-118.09329223632812,LOS ANGELES,SAN GABRIEL,-118.09326171875,34.08811569213867,1,Evening,0
2021,1941,2021-02-27,1542,6,5,N,A,-,N,,,N,4,0,1,2,A,-,04,21703.0,,N,C,A,H,-,A,D,0,Y,,-,- ,0,0,1,0,1,,,LOS ANGELES,LONG BEACH,-118.17079925537108,33.77534866333008,1,Midday,0
2021,1900,2021-02-27,2045,6,5,N,A,-,N,,,Y,3,0,1,2,A,-,01,23152.0,F,N,C,A,H,-,C,D,0,Y,,C,02,0,1,0,0,1,34.0004997253418,-117.88794708251952,LOS ANGELES,INDUSTRY,-117.88794708251952,34.00052261352539,1,Night,0
2021,1900,2021-03-06,1840,6,5,Y,A,-,N,,,Y,4,0,1,2,A,-,08,22107.0,,N,D,A,H,-,C,A,0,Y,,A,01,0,0,1,0,1,,,LOS ANGELES,PICO RIVERA,-118.08251953125,34.00579833984375,1,Evening,0
2021,1900,2021-03-08,2020,1,5,N,A,-,N,,,Y,2,0,1,2,A,-,03,22350.0,,F,C,A,H,-,C,D,0,Y,,C,02,1,0,0,0,1,,,LOS ANGELES,LYNWOOD,-118.21695709228516,33.91315460205078,0,Night,1
2021,1942,2021-03-30,1420,2,5,N,A,-,N,,,N,3,0,1,2,A,-,10,21950.0,A,F,D,A,H,-,A,D,0,Y,,-,99,0,1,0,0,1,,,LOS ANGELES,LOS ANGELES,-118.29238128662108,33.72976303100586,0,Midday,0
2021,1942,2021-03-24,930,3,5,Y,A,-,N,,,Y,2,0,2,2,A,-,09,21801.0,A,N,D,A,H,-,A,A,0,Y,,A,01,1,1,0,0,1,,,LOS ANGELES,LOS ANGELES,-118.31765747070312,34.0255241394043,0,Morning,1
2021,1942,2021-03-28,1415,7,5,Y,A,-,N,,,N,2,0,2,2,A,-,12,22450.0,A,N,D,A,H,-,A,A,0,Y,,C,02,1,0,1,0,1,,,LOS ANGELES,LOS ANGELES,-118.2783660888672,33.93737030029297,1,Midday,1
2021,1942,2021-03-30,1545,2,5,Y,A,-,N,,,N,4,0,1,2,A,-,08,22100.0,B,F,D,A,H,-,A,D,0,Y,,-,99,0,0,1,0,1,,,LOS ANGELES,LOS ANGELES,-118.33331298828124,33.9890022277832,0,Midday,0
2021,1942,2021-03-21,1100,7,5,N,A,-,N,,,N,4,0,1,2,A,-,09,21804.0,A,N,D,A,H,-,A,D,0,Y,,C,06,0,0,1,0,1,,,LOS ANGELES,LOS ANGELES,-118.40436553955078,34.257957458496094,1,Midday,0
2021,1961,2021-03-16,1300,2,5,Y,A,-,N,,,N,4,0,1,2,A,-,12,21453.0,A,N,D,A,H,-,A,A,0,Y,,C,02,0,0,1,0,0,,,LOS ANGELES,SAN FERNANDO,-118.43739318847656,34.28001022338867,0,Midday,0
2021,1976,2021-03-05,449,5,5,Y,A,-,N,,,Y,3,0,1,2,A,-,09,21801.0,A,F,D,A,H,-,C,A,0,Y,,A,01,0,1,0,0,1,,,LOS ANGELES,SANTA FE SPRINGS,-118.08792877197266,33.93513107299805,0,Night,0
2021,1900,2021-03-26,1819,5,5,N,A,-,N,,,Y,3,0,1,2,A,-,09,21801.0,A,N,A,A,H,-,A,D,0,Y,,A,07,0,1,0,0,1,,,LOS ANGELES,NORWALK,-118.07415008544922,33.900474548339844,0,Evening,0
2021,1900,2021-03-22,1535,1,5,N,A,-,N,,,Y,4,0,1,2,A,-,09,21801.0,A,N,D,A,H,-,A,D,0,Y,,A,07,0,0,1,0,1,,,LOS ANGELES,NORWALK,-118.0981903076172,33.90204620361328,0,Midday,0
2021,1972,2021-03-30,1901,2,5,Y,A,-,N,,,N,3,0,1,2,A,-,12,22450.0,A,N,D,A,H,-,C,A,0,Y,,C,02,0,1,0,0,1,,,LOS ANGELES,TORRANCE,-118.30892944335938,33.82265853881836,0,Evening,0
2021,1942,2021-04-05,1330,1,5,N,A,-,N,,,N,2,0,1,2,A,-,08,22107.0,,N,D,A,H,-,A,D,0,Y,,A,01,1,0,0,0,1,,,LOS ANGELES,LOS ANGELES,-118.25968170166016,33.937255859375,0,Midday,1
2021,1956,2021-04-04,1820,7,5,N,A,-,,,,Y,3,0,1,2,A,-,06,21755.0,A,N,B,A,H,-,A,D,0,Y,,C,02,0,1,0,0,1,33.85834884643555,-118.37896728515624,LOS ANGELES,REDONDO BEACH,-118.37879180908205,33.857540130615234,1,Evening,0
2021,1942,2021-03-08,2145,1,5,N,A,-,N,,,Y,2,0,1,2,A,-,03,22350.0,,F,D,A,H,-,C,D,0,Y,,C,02,1,0,0,0,0,,,LOS ANGELES,LOS ANGELES,-118.43149566650392,34.24992752075195,0,Night,1
2021,1942,2021-03-07,1857,7,5,N,A,-,N,,,Y,2,0,4,2,A,-,08,22102.0,,N,D,A,H,-,C,D,0,Y,,A,01,1,1,2,0,1,,,LOS ANGELES,LOS ANGELES,-118.37033081054688,34.20458221435547,1,Evening,1
2021,1942,2021-03-06,2005,6,5,Y,A,-,N,,,N,4,0,1,2,A,-,03,22350.0,,N,D,A,H,-,C,A,0,Y,,C,02,0,0,1,0,1,,,LOS ANGELES,LOS ANGELES,-118.3314208984375,34.005985260009766,1,Night,0
2021,1900,2021-01-12,1815,2,5,Y,A,-,N,,,N,4,0,1,2,A,-,09,21801.0,A,N,D,A,H,-,C,A,0,Y,,A,01,0,0,1,0,1,33.846920013427734,-118.1599578857422,LOS ANGELES,LAKEWOOD,-118.1598892211914,33.84701156616211,0,Evening,0
2021,1972,2021-01-22,1207,5,5,N,A,-,N,,,N,4,0,1,2,A,-,08,22100.0,B,N,D,A,H,-,A,D,0,Y,,A,,0,0,1,0,1,,,LOS ANGELES,TORRANCE,-118.29038238525392,33.85890197753906,0,Midday,0
2021,1972,2021-01-22,1533,5,5,N,A,-,N,,,N,3,0,1,2,A,-,17,21229.0,,N,D,A,H,-,A,D,0,Y,,C,,0,1,0,0,1,,,LOS ANGELES,TORRANCE,-118.3515396118164,33.84135818481445,0,Midday,0
2021,1923,2021-01-28,1740,4,5,N,C,F,N,,,,3,0,1,2,A,-,06,21755.0,A,N,B,B,H,-,C,D,0,Y,,C,02,0,1,0,0,1,33.930870056152344,-118.41596221923828,LOS ANGELES,EL SEGUNDO,-118.41649627685548,33.93083953857422,0,Evening,0
2021,1942,2021-03-18,1615,4,5,Y,A,-,N,,,N,3,0,1,2,A,-,09,21801.0,A,F,D,A,H,-,A,D,0,Y,,-,99,0,1,0,0,1,,,LOS ANGELES,LOS ANGELES,-118.30354309082033,33.97456741333008,0,Evening,0
2021,1900,2021-03-16,1430,2,5,N,A,-,N,,,N,4,0,1,2,A,-,03,22350.0,,N,D,A,H,-,A,D,0,Y,,C,02,0,0,1,0,1,34.41455078125,-118.46900939941406,LOS ANGELES,SANTA CLARITA,-118.4690170288086,34.41453170776367,0,Midday,0
2021,1941,2021-03-13,1619,6,5,Y,A,-,N,,,Y,4,0,1,3,A,-,09,21802.0,A,N,D,A,H,-,A,A,0,Y,,A,,0,0,1,0,1,,,LOS ANGELES,LONG BEACH,-118.1880111694336,33.835357666015625,1,Evening,0
2021,1941,2021-03-14,1540,7,5,Y,B,-,N,,,Y,4,0,1,2,A,-,07,21658.0,A,N,B,A,H,-,A,D,0,Y,,A,,0,0,1,0,1,,,LOS ANGELES,LONG BEACH,-118.14431762695312,33.789852142333984,1,Midday,0
2021,1941,2021-03-03,100,3,5,Y,A,-,N,,,Y,2,0,1,2,A,-,12,21453.0,A,N,D,A,H,-,C,A,0,Y,,C,,1,0,0,0,1,,,LOS ANGELES,LONG BEACH,-118.17636108398438,33.779006958007805,0,Night,1
2021,1902,2021-03-03,1750,3,5,N,B,-,N,,,Y,3,0,1,1,A,-,03,22350.0,,N,H,A,H,-,B,D,0,Y,,C,02,0,1,0,0,1,,,LOS ANGELES,ARCADIA,-118.02515411376952,34.13887405395508,0,Evening,0
2021,1972,2021-03-12,1159,5,5,N,A,-,N,,,Y,3,0,1,2,A,-,09,21804.0,A,N,D,A,H,-,A,D,0,Y,,A,,0,1,0,0,1,,,LOS ANGELES,TORRANCE,-118.38488006591795,33.816753387451165,0,Midday,0
2021,1976,2021-03-08,1908,1,5,N,A,-,N,,,N,4,0,1,2,A,-,09,21804.0,A,N,B,A,H,-,C,A,0,Y,,A,01,0,0,1,0,1,,,LOS ANGELES,WHITTIER,-118.04739379882812,33.967552185058594,0,Evening,0
2021,1942,2021-02-16,2015,2,5,N,A,-,N,,,Y,4,0,2,1,A,-,08,22107.0,,N,E,A,H,-,C,A,0,Y,,C,02,0,0,2,0,2,,,LOS ANGELES,LOS ANGELES,-118.20159149169922,34.05665588378906,0,Night,0
2021,1900,2021-03-07,1400,7,5,N,A,-,Y,H,-,Y,4,0,1,2,A,-,09,21804.0,A,N,D,A,H,-,A,D,0,Y,,A,08,0,0,1,0,1,,,LOS ANGELES,MALIBU,-118.6586685180664,34.039165496826165,1,Midday,0
2021,1942,2021-02-16,1525,2,5,N,A,-,N,,,Y,3,0,1,2,A,-,03,22350.0,,F,G,A,H,-,A,D,0,Y,,C,03,0,1,0,0,0,,,LOS ANGELES,LOS ANGELES,-118.29016876220705,33.73673629760742,0,Midday,0
2021,1942,2021-02-05,1405,5,5,N,A,-,N,,,N,4,0,1,2,A,-,03,22350.0,,N,C,A,H,-,A,D,0,Y,,C,02,0,0,1,0,1,,,LOS ANGELES,LOS ANGELES,-118.21934509277344,34.0430793762207,0,Midday,0
2021,1942,2021-02-26,340,5,5,N,A,-,N,,,Y,4,0,3,3,A,-,01,23152.0,A,N,B,A,H,-,C,A,0,Y,Y,A,07,0,0,3,0,2,,,LOS ANGELES,LOS ANGELES,-118.275390625,34.052024841308594,0,Night,0
2021,1942,2021-01-20,1050,3,5,N,A,-,N,,,N,4,0,1,2,A,-,09,21804.0,A,F,B,A,H,-,A,D,0,Y,,C,02,0,0,1,0,1,,,LOS ANGELES,LOS ANGELES,-118.2576904296875,34.04066467285156,0,Morning,0
2021,1942,2021-03-18,1035,4,5,N,A,-,N,,,Y,2,0,1,1,A,-,03,22350.0,,N,E,A,H,-,A,D,0,Y,,C,02,1,0,0,0,1,,,LOS ANGELES,LOS ANGELES,-118.44869995117188,34.160919189453125,0,Morning,1
2021,1942,2021-03-18,2245,4,5,N,A,-,N,,,N,2,0,1,2,A,-,08,22102.0,,F,D,A,H,-,C,D,0,Y,,-,99,1,0,0,0,1,,,LOS ANGELES,LOS ANGELES,-118.24080657958984,33.79124450683594,0,Night,1
2021,1942,2021-03-22,1800,1,5,N,A,-,N,,,Y,2,0,2,2,A,-,09,21804.0,A,N,D,A,H,-,A,D,0,Y,,C,06,1,0,1,0,1,,,LOS ANGELES,LOS ANGELES,-118.4755401611328,34.25548553466797,0,Evening,1
2021,1910,2021-03-15,814,1,5,N,C,-,N,,,N,4,0,1,1,B,-,22,,,N,H,B,H,-,A,A,0,Y,,C,02,0,0,1,0,1,34.08197021484375,-118.41156768798828,LOS ANGELES,BEVERLY HILLS,-118.41176605224608,34.08187484741211,0,Morning,0
2021,1900,2021-03-13,1902,6,5,N,A,-,N,,,N,4,0,2,2,A,-,03,22350.0,,M,C,A,H,-,C,A,0,Y,,C,02,0,0,2,0,0,,,LOS ANGELES,LANCASTER,-118.12161254882812,34.68946838378906,1,Evening,0
2021,1900,2021-03-14,1413,7,5,N,A,-,N,,,Y,4,0,1,2,A,-,01,23152.0,A,N,G,A,H,-,A,D,0,Y,Y,C,02,0,0,1,0,1,,,LOS ANGELES,LANCASTER,-118.12499237060548,34.69969177246094,1,Midday,0
2021,1941,2021-03-27,1926,6,5,Y,A,-,N,,,N,3,0,1,2,A,-,05,21650.0,1,N,A,A,H,-,B,D,0,Y,,C,,0,1,0,0,1,,,LOS ANGELES,LONG BEACH,-118.17863464355467,33.76870346069336,1,Evening,0
2021,1900,2021-03-14,945,7,5,N,A,-,N,,,Y,2,0,1,2,A,-,03,22350.0,,N,C,A,H,-,A,D,0,Y,,C,02,1,0,0,0,1,34.59267044067383,-118.14745330810548,LOS ANGELES,PALMDALE,-118.14752960205078,34.590354919433594,1,Morning,1
2021,1900,2021-03-27,1240,6,5,Y,A,-,N,,,Y,4,0,1,2,A,-,01,23152.0,A,M,D,A,H,-,A,A,0,Y,Y,A,07,0,0,1,0,1,34.60213851928711,-118.07640838623048,LOS ANGELES,PALMDALE,-118.07674407958984,34.66070938110352,1,Midday,0