ACCIDENT_YEAR,JURIS,COLLISION_DATE,COLLISION_TIME,DAY_OF_WEEK,CHP_SHIFT,INTERSECTION,WEATHER_1,WEATHER_2,STATE_HWY_IND,LOCATION_TYPE,RAMP_INTERSECTION,TOW_AWAY,COLLISION_SEVERITY,NUMBER_KILLED,NUMBER_INJURED,PARTY_COUNT,PRIMARY_COLL_FACTOR,PCF_CODE_OF_VIOL,PCF_VIOL_CATEGORY,PCF_VIOLATION,PCF_VIOL_SUBSECTION,HIT_AND_RUN,TYPE_OF_COLLISION,ROAD_SURFACE,ROAD_COND_1,ROAD_COND_2,LIGHTING,CONTROL_DEVICE,CHP_ROAD_TYPE,MOTORCYCLE_ACCIDENT,ALCOHOL_INVOLVED,STWD_VEHTYPE_AT_FAULT,CHP_VEHTYPE_AT_FAULT,COUNT_SEVERE_INJ,COUNT_VISIBLE_INJ,COUNT_COMPLAINT_PAIN,COUNT_MC_KILLED,COUNT_MC_INJURED,LATITUDE,LONGITUDE,COUNTY,CITY,POINT_X,POINT_Y,IS_WEEKEND,TIME_OF_DAY,SEVERE_FATAL
2021,1900,2021-09-20,720,1,5,N,A,-,N,,,Y,3,0,2,2,A,-,03,22350.0,,N,C,A,H,-,A,D,0,Y,,C,02,0,2,0,0,2,34.26359939575195,-118.30339813232422,LOS ANGELES,SANTA CLARITA,-118.50972747802734,34.443336486816406,0,Morning,0
2021,1942,2021-10-06,1305,3,5,Y,A,-,N,,,Y,2,0,1,2,A,-,03,22350.0,,N,D,A,H,-,A,A,0,Y,,C,02,1,0,0,0,1,,,LOS ANGELES,LOS ANGELES,-118.34603118896484,34.0442008972168,0,Midday,1
2021,1900,2021-10-10,1610,7,5,Y,A,-,N,,,Y,2,0,1,2,A,-,08,22100.0,,M,D,A,H,-,A,B,0,Y,,-,- ,1,0,0,0,1,,,LOS ANGELES,CERRITOS,-118.09417724609376,33.87293243408203,1,Evening,1
2021,1900,2021-09-30,1748,4,5,Y,A,-,N,,,N,2,0,1,2,A,-,07,21658.0,A,F,C,A,H,-,B,A,0,Y,Y,A,01,1,0,0,0,1,,,LOS ANGELES,LYNWOOD,-118.21246337890624,33.933231353759766,0,Evening,1
2021,1942,2021-10-06,1830,3,5,Y,A,-,N,,,Y,2,0,1,2,A,-,09,21801.0,A,N,D,A,H,-,C,D,0,Y,,A,01,1,0,0,0,1,,,LOS ANGELES,LOS ANGELES,-118.26520538330078,33.932987213134766,0,Evening,1
2021,1942,2021-10-03,1400,7,5,Y,A,-,N,,,Y,3,0,1,2,A,-,09,21801.0,A,N,D,A,H,-,A,A,0,Y,,A,07,0,1,0,0,1,,,LOS ANGELES,LOS ANGELES,-118.30902862548828,33.831504821777344,1,Midday,0
2021,1942,2021-10-02,1405,6,5,N,A,-,N,,,N,2,0,1,2,A,-,08,22107.0,,F,D,A,H,-,A,D,0,Y,,-,99,1,0,0,0,1,,,LOS ANGELES,LOS ANGELES,-118.30235290527344,34.01534652709961,1,Midday,1
2021,1942,2021-10-01,2050,5,5,Y,A,-,N,,,N,2,0,1,2,A,-,12,21453.0,A,N,D,A,H,-,C,A,0,Y,,C,03,1,0,0,0,1,,,LOS ANGELES,LOS ANGELES,-118.3182373046875,34.00723648071289,0,Night,1
2021,1900,2021-10-13,1452,3,5,N,A,-,N,,,Y,4,0,1,2,A,-,09,21804.0,A,N,D,A,H,-,A,D,0,Y,,D,22,0,0,1,0,1,34.42641830444336,-118.42369079589844,LOS ANGELES,SANTA CLARITA,-118.42369079589844,34.42626953125,0,Midday,0
2021,1900,2021-10-01,1830,5,5,N,A,-,N,,,N,3,0,1,2,A,-,08,22102.0,,N,D,A,H,-,A,D,0,Y,,A,01,0,1,0,0,1,34.588871002197266,-118.08527374267578,LOS ANGELES,PALMDALE,-118.08526611328124,34.58742141723633,0,Evening,0
2021,1941,2021-10-26,707,2,5,N,A,-,N,,,Y,3,0,1,2,A,-,08,22107.0,,N,B,A,H,-,A,D,0,Y,,A,,0,1,0,0,1,,,LOS ANGELES,LONG BEACH,-118.16650390625,33.77534866333008,0,Morning,0
2021,1900,2021-09-22,1949,3,5,N,A,-,N,,,N,4,0,1,2,A,-,08,22107.0,,N,A,A,H,-,C,D,0,Y,,C,02,0,0,1,0,1,33.89870071411133,-118.20760345458984,LOS ANGELES,COMPTON,-118.20761108398438,33.89856719970703,0,Evening,0
2021,1900,2021-07-28,1033,3,5,N,A,-,N,,,N,3,0,1,2,A,-,09,21804.0,A,F,D,A,H,-,A,D,0,Y,,A,07,0,1,0,0,1,33.89884185791016,-118.24256134033205,LOS ANGELES,COMPTON,-118.2422332763672,33.895870208740234,0,Morning,0
2021,1941,2021-10-12,2018,2,5,N,A,-,N,,,Y,4,0,1,2,A,-,09,21804.0,A,N,B,A,H,-,C,D,0,Y,,C,,0,0,1,0,1,,,LOS ANGELES,LONG BEACH,-118.16240692138672,33.763023376464844,0,Night,0
2021,1900,2021-10-07,2021,4,5,N,A,-,N,,,N,4,0,1,2,A,-,09,21801.0,A,N,D,-,H,-,B,A,0,Y,,D,22,0,0,1,0,1,,,LOS ANGELES,LYNWOOD,-118.213134765625,33.93539810180664,0,Night,0
2021,1900,2021-10-06,1805,3,5,N,A,-,N,,,Y,4,0,1,2,A,-,08,22102.0,,N,D,A,H,-,A,D,0,Y,,A,01,0,0,1,0,1,,,LOS ANGELES,NORWALK,-118.06314086914062,33.917171478271484,0,Evening,0
2021,1955,2021-10-14,2014,4,5,N,A,C,Y,H,-,N,3,0,1,2,A,-,07,21658.0,A,N,B,-,H,-,A,A,0,Y,,A,01,0,1,0,0,1,,,LOS ANGELES,POMONA,-117.77651214599608,34.04888916015625,0,Night,0
2021,1900,2021-10-22,1723,5,5,N,A,-,N,,,N,4,0,1,2,A,-,08,22107.0,,N,B,A,H,-,A,D,0,Y,,C,02,0,0,1,0,1,,,LOS ANGELES,NORWALK,-118.10140991210938,33.91716003417969,0,Evening,0
2021,1941,2021-10-16,200,6,5,N,A,-,N,,,Y,3,0,1,2,A,-,08,22107.0,,M,D,A,H,-,C,D,0,Y,,A,,0,1,0,0,1,,,LOS ANGELES,LONG BEACH,-118.15117645263672,33.86022186279297,1,Night,0
2021,1941,2021-10-12,736,2,5,Y,A,-,N,,,N,4,0,1,2,D,-,00,,,N,D,A,H,-,A,A,0,Y,,-,- ,0,0,1,0,1,,,LOS ANGELES,LONG BEACH,-118.18067932128906,33.78260803222656,0,Morning,0
2021,1941,2021-10-19,1610,2,5,Y,A,-,N,,,N,3,0,2,2,A,-,00,21235.0,C,N,A,A,H,-,A,A,0,Y,,C,,0,2,0,0,2,,,LOS ANGELES,LONG BEACH,-118.17201995849608,33.76495742797852,0,Evening,0
2021,1925,2021-10-09,1435,6,5,N,A,-,N,,,Y,3,0,2,2,A,-,08,22103.0,,N,D,A,H,-,A,D,0,Y,,A,01,0,1,1,0,1,,,LOS ANGELES,GLENDALE,-118.2104034423828,34.16207504272461,1,Midday,0
2021,1907,2021-07-24,1829,6,5,N,A,-,N,,,Y,2,0,1,1,A,-,01,23152.0,A,N,E,A,H,-,A,A,0,Y,Y,C,02,1,0,0,0,1,33.984901428222656,-118.15361785888672,LOS ANGELES,BELL,-118.1763916015625,33.986282348632805,1,Evening,1
2021,1941,2021-10-17,1555,7,5,Y,A,-,Y,H,-,Y,2,0,1,4,A,-,08,22107.0,,F,D,A,H,-,A,D,0,Y,,A,,1,0,0,0,1,,,LOS ANGELES,LONG BEACH,-118.10765838623048,33.754154205322266,1,Midday,1
2021,1942,2021-03-13,150,6,5,Y,A,-,N,,,Y,2,0,1,2,A,-,01,23152.0,A,N,C,A,H,-,C,B,0,Y,Y,A,01,1,0,0,0,0,,,LOS ANGELES,LOS ANGELES,-118.27117156982422,34.05392837524414,1,Night,1
2021,1900,2021-10-13,1748,3,5,Y,A,-,N,,,N,4,0,1,2,A,-,09,21453.0,C,N,D,A,H,-,A,A,0,Y,,-,- ,0,0,1,0,1,,,LOS ANGELES,COMPTON,-118.22783660888672,33.90327072143555,0,Evening,0
2021,1900,2021-10-12,1340,2,5,N,A,-,N,,,Y,4,0,2,2,A,-,03,22350.0,,N,C,A,H,-,A,A,0,Y,,C,02,0,0,2,0,1,,,LOS ANGELES,LAKEWOOD,-118.11653900146484,33.846981048583984,0,Midday,0
2021,1953,2021-09-05,1620,7,5,N,A,-,N,,,Y,2,0,1,1,A,-,03,22350.0,,N,E,A,H,-,A,D,0,Y,,C,02,1,0,0,0,1,,,LOS ANGELES,PASADENA,-118.16368865966795,34.16673278808594,1,Evening,1
2021,1953,2021-09-18,2018,6,5,Y,A,-,N,,,N,3,0,1,2,A,-,09,21801.0,,N,D,A,H,-,C,A,0,Y,,C,02,0,1,0,0,1,,,LOS ANGELES,PASADENA,-118.15052795410156,34.147674560546875,1,Night,0
2021,1900,2021-09-16,1924,4,5,N,A,-,N,,,Y,2,0,1,2,A,-,09,21801.0,A,N,-,A,H,-,C,D,0,Y,,A,01,1,0,0,0,1,,,LOS ANGELES,LAKEWOOD,-118.09524536132812,33.84355926513672,0,Evening,1
2021,1946,2021-08-24,845,2,5,Y,A,-,N,,,Y,3,0,1,3,A,-,03,22350.0,,N,A,A,H,-,A,A,0,Y,,A,07,0,1,0,0,1,,,LOS ANGELES,MONROVIA,-118.00096130371094,34.14698028564453,0,Morning,0
2021,1900,2021-08-30,2000,1,5,N,A,-,N,,,N,3,0,1,2,A,-,03,22350.0,,N,C,A,H,-,C,A,0,Y,,C,02,0,1,0,0,1,,,LOS ANGELES,LAKEWOOD,-118.07211303710938,33.84589385986328,0,Night,0
2021,1975,2021-10-02,1757,6,5,Y,A,-,N,,,Y,3,0,2,3,A,-,09,21801.0,A,N,D,A,H,-,A,D,0,Y,,A,01,0,1,1,0,0,34.06861877441406,-117.9372329711914,LOS ANGELES,WEST COVINA,-117.93724060058594,34.068572998046875,1,Evening,0
2021,1942,2021-10-11,630,1,5,N,-,-,N,,,N,2,0,1,2,A,-,04,21703.0,,F,C,A,H,-,A,D,0,Y,,-,99,1,0,0,0,1,,,LOS ANGELES,LOS ANGELES,-118.2637939453125,34.07710647583008,0,Morning,1
2021,1942,2021-10-21,1830,4,5,Y,A,-,Y,,,N,3,0,1,2,A,-,08,22107.0,,N,-,A,H,-,C,D,0,Y,,C,03,0,1,0,0,1,,,LOS ANGELES,LOS ANGELES,-118.28192138671876,34.05078887939453,0,Evening,0
2021,1942,2021-10-25,1050,1,5,N,B,C,N,,,N,4,0,2,2,A,-,03,22350.0,,N,C,B,H,-,A,A,0,Y,,C,06,0,0,2,0,0,,,LOS ANGELES,LOS ANGELES,-118.26097106933594,34.0535888671875,0,Morning,0
2021,1942,2021-10-27,1309,3,5,N,A,-,N,,,Y,2,0,1,4,A,-,08,22107.0,,F,A,A,H,-,A,D,0,Y,,A,01,1,0,0,0,1,,,LOS ANGELES,LOS ANGELES,-118.24761199951172,34.048397064208984,0,Midday,1
2021,1942,2021-10-24,1815,7,5,Y,A,-,N,,,Y,2,0,1,2,A,-,09,21802.0,A,N,D,A,H,-,B,A,0,Y,,A,07,1,0,0,0,1,,,LOS ANGELES,LOS ANGELES,-118.2477798461914,33.998409271240234,1,Evening,1
2021,1956,2021-10-27,2219,3,5,Y,A,-,N,,,Y,2,0,1,2,A,-,01,23152.0,A,N,A,A,H,-,C,A,0,Y,Y,C,02,1,0,0,0,1,,,LOS ANGELES,REDONDO BEACH,-118.36434936523438,33.87942123413086,0,Night,1
2021,1956,2021-10-29,525,5,5,N,A,-,N,,,N,3,0,1,1,A,-,03,22350.0,,N,F,A,H,-,C,D,0,Y,,C,02,0,1,0,0,1,33.85831069946289,-118.37693786621094,LOS ANGELES,REDONDO BEACH,-118.37702178955078,33.85826873779297,0,Morning,0
2021,1900,2021-10-02,2215,6,5,N,A,-,Y,H,-,Y,2,0,1,3,A,-,08,22107.0,,F,B,A,H,-,C,D,0,Y,,D,22,1,0,0,0,1,34.03752899169922,-118.61730194091795,LOS ANGELES,MALIBU,-118.6167221069336,34.03746795654297,1,Night,1
2021,1900,2021-10-17,1453,7,5,Y,A,-,N,,,Y,3,0,1,1,C,-,18,,,N,F,A,H,-,A,D,0,Y,,-,- ,0,1,0,0,1,34.03831100463867,-118.64797973632812,LOS ANGELES,MALIBU,-118.6479949951172,34.03834915161133,1,Midday,0
2021,1900,2021-10-04,1015,1,5,N,A,-,N,,,N,2,0,1,2,A,-,07,21658.0,A,F,C,A,H,-,A,A,0,Y,,-,99,1,0,0,0,1,,,LOS ANGELES,COMPTON,-118.24643707275392,33.916221618652344,0,Morning,1
2021,1941,2021-10-28,1113,4,5,Y,A,-,Y,I,5,N,4,0,1,2,A,-,05,21651.0,B,N,D,A,H,-,A,A,0,Y,,O,,0,0,1,0,1,,,LOS ANGELES,LONG BEACH,-118.21051788330078,33.78982162475586,0,Midday,0
2021,1942,2021-10-22,1420,5,5,Y,A,-,N,,,Y,2,0,1,2,A,-,09,21801.0,A,N,D,A,H,-,A,A,0,Y,,D,22,1,0,0,0,1,,,LOS ANGELES,LOS ANGELES,-118.59748077392578,34.19375228881836,0,Midday,1
2021,1942,2021-10-21,1930,4,5,Y,A,-,N,,,Y,3,0,1,2,A,-,09,21801.0,A,N,D,A,H,-,E,A,0,Y,,A,01,0,1,0,0,1,,,LOS ANGELES,LOS ANGELES,-118.57098388671876,34.193790435791016,0,Evening,0
2021,1900,2021-07-29,2030,4,5,Y,A,-,N,,,N,2,0,1,2,A,-,09,21801.0,A,N,D,A,H,-,C,A,0,Y,,A,07,1,0,0,0,1,33.9086799621582,-118.2545166015625,LOS ANGELES,COMPTON,-118.25449371337892,33.908660888671875,0,Night,1
2021,1941,2021-10-12,1223,2,5,Y,A,-,N,,,Y,4,0,1,2,A,-,09,21801.0,A,N,D,A,H,-,A,A,0,Y,,-,- ,0,0,1,0,1,,,LOS ANGELES,LONG BEACH,-118.09931182861328,33.79554748535156,0,Midday,0
2021,1941,2021-10-01,2027,5,5,Y,A,-,N,,,N,4,0,1,2,A,-,06,21750.0,,N,B,A,H,-,C,A,0,Y,,A,,0,0,1,0,1,,,LOS ANGELES,LONG BEACH,-118.16580963134766,33.766929626464844,0,Night,0
2021,1942,2021-10-31,1845,7,5,-,A,-,N,,,N,4,0,1,2,A,-,08,22102.0,,F,D,A,H,-,C,A,0,Y,,-,,0,0,1,0,1,,,LOS ANGELES,LOS ANGELES,-118.52728271484376,34.172367095947266,1,Evening,0
2021,1942,2021-10-31,1025,7,5,Y,A,-,N,,,Y,4,0,1,1,A,-,03,22350.0,,N,A,A,H,-,C,D,0,Y,,C,02,0,0,1,0,1,,,LOS ANGELES,LOS ANGELES,-118.48078918457033,34.22835922241211,1,Morning,0
2021,1900,2021-09-20,1830,1,5,N,A,-,N,,,N,2,0,1,2,A,-,08,22107.0,,N,A,A,H,-,A,D,0,Y,,A,07,1,0,0,0,1,33.90666961669922,-118.22667694091795,LOS ANGELES,COMPTON,-118.22632598876952,33.90682601928711,0,Evening,1
2021,1900,2021-10-28,1539,4,5,Y,A,-,N,,,Y,2,0,1,2,A,-,12,22450.0,A,N,D,A,H,-,A,A,0,Y,,C,02,1,0,0,0,1,33.818931579589844,-118.28215789794922,LOS ANGELES,CARSON,-118.28211212158205,33.81891250610352,0,Midday,1
2021,1976,2021-10-26,1755,2,5,N,A,-,N,,,N,3,0,1,2,A,-,08,22107.0,,N,D,A,H,-,A,D,0,Y,,C,03,0,1,0,0,1,,,LOS ANGELES,WHITTIER,-118.03947448730467,33.961727142333984,0,Evening,0
2021,1900,2021-10-23,959,6,5,N,B,-,N,,,Y,3,0,1,1,A,-,08,22107.0,,N,F,A,H,-,A,D,0,Y,,C,02,0,1,0,0,1,,,LOS ANGELES,LANCASTER,-118.13719177246094,34.718605041503906,1,Morning,0
2021,1942,2021-11-03,1830,3,5,N,A,-,N,,,Y,2,0,1,2,D,-,00,,,N,C,A,H,-,C,D,0,Y,,-,- ,1,0,0,0,0,,,LOS ANGELES,LOS ANGELES,-118.31113433837892,34.25967025756836,0,Evening,1
2021,1941,2021-11-03,2001,3,5,Y,A,-,N,,,Y,4,0,2,2,A,-,09,21801.0,A,N,D,A,H,-,C,A,0,Y,,A,,0,0,2,0,1,,,LOS ANGELES,LONG BEACH,-118.15679168701172,33.782596588134766,0,Night,0
2021,1900,2021-11-05,1150,5,5,N,A,-,N,,,N,3,0,1,2,A,-,07,21658.0,A,M,B,A,H,-,A,A,0,Y,,A,01,0,1,0,0,1,34.60160827636719,-118.12126159667967,LOS ANGELES,PALMDALE,-118.1212921142578,34.60171890258789,0,Midday,0
2021,1900,2021-11-03,1055,3,5,Y,A,-,N,,,Y,2,0,2,2,A,-,12,21453.0,A,N,D,A,H,-,A,A,0,Y,,A,07,1,1,0,0,1,34.55796813964844,-118.11412048339844,LOS ANGELES,PALMDALE,-118.11418914794922,34.55805587768555,0,Morning,1
2021,1972,2021-10-12,1710,2,5,N,A,-,N,,,Y,3,0,2,2,A,-,09,21804.0,A,N,D,A,H,-,A,D,0,Y,,A,,0,1,1,0,1,,,LOS ANGELES,TORRANCE,-118.35135650634766,33.8255500793457,0,Evening,0
2021,1972,2021-09-29,1554,3,5,N,A,-,N,,,Y,3,0,1,2,A,-,08,22107.0,,N,C,A,H,-,A,D,0,Y,,C,,0,1,0,0,1,,,LOS ANGELES,TORRANCE,-118.37303161621094,33.822879791259766,0,Midday,0
2021,1953,2021-10-29,1707,5,5,Y,A,-,N,,,Y,3,0,2,2,A,-,09,21801.0,,N,D,A,H,-,A,D,0,Y,,A,01,0,2,0,0,1,,,LOS ANGELES,PASADENA,-118.1309814453125,34.16898727416992,0,Evening,0
2021,1951,2021-11-05,1541,5,5,N,B,-,N,,,N,4,0,1,2,A,-,03,22350.0,,N,C,A,H,-,A,D,0,Y,,C,02,0,0,1,0,1,,,LOS ANGELES,PALOS VERDES EST,-118.41169738769533,33.78612518310547,0,Midday,0
2021,1942,2021-08-17,1945,2,5,N,A,-,N,,,Y,2,0,1,2,A,-,07,21658.0,A,N,C,A,H,-,B,D,0,Y,,-,- ,1,0,0,0,1,,,LOS ANGELES,LOS ANGELES,-118.26393127441406,34.04743194580078,0,Evening,1
2021,1925,2021-11-07,1322,7,5,Y,A,-,N,,,Y,4,0,1,2,A,-,09,21801.0,A,N,-,A,H,-,A,D,0,Y,,A,01,0,0,1,0,1,,,LOS ANGELES,GLENDALE,-118.23613739013672,34.14270782470703,1,Midday,0
2021,1900,2021-10-30,2024,6,5,Y,A,-,N,,,N,3,0,1,2,A,-,08,22107.0,,N,-,A,H,-,C,D,0,Y,,C,03,0,1,0,0,1,,,LOS ANGELES,WEST HOLLYWOOD,-118.35285186767578,34.09437561035156,1,Night,0
2021,1967,2021-10-26,1536,2,5,Y,A,-,N,,,N,3,0,2,2,A,-,06,21755.0,A,N,A,A,H,-,A,A,0,Y,,C,02,0,1,1,0,1,,,LOS ANGELES,SIGNAL HILL,-118.17633056640624,33.804298400878906,0,Midday,0
2021,1942,2021-10-29,2245,5,5,Y,A,-,N,,,N,2,0,1,3,D,-,00,,,N,H,A,H,-,C,D,0,Y,,-,- ,1,0,0,0,0,,,LOS ANGELES,LOS ANGELES,-118.2710418701172,34.05174255371094,0,Night,1
2021,1910,2021-10-06,1935,3,5,N,A,-,N,,,Y,3,0,1,2,A,-,08,22107.0,1,N,B,A,H,-,C,A,0,Y,Y,A,01,0,1,0,0,1,,,LOS ANGELES,BEVERLY HILLS,-118.38973236083984,34.06470489501953,0,Evening,0
2021,1910,2021-11-14,1513,7,5,Y,A,-,N,,,Y,2,0,1,2,A,-,08,22107.0,,N,B,A,H,-,A,D,0,Y,,A,01,1,0,0,0,1,,,LOS ANGELES,BEVERLY HILLS,-118.40029907226562,34.08679962158203,1,Midday,1
2021,1910,2021-11-09,729,2,5,N,A,-,N,,,Y,4,0,1,2,A,-,08,22107.0,,N,D,A,H,-,A,A,0,Y,,A,07,0,0,1,0,1,,,LOS ANGELES,BEVERLY HILLS,-118.4113311767578,34.06578826904297,0,Morning,0
2021,1900,2021-11-01,1935,1,5,N,A,-,N,,,Y,2,0,1,2,A,-,09,21801.0,,N,C,A,H,-,C,D,0,Y,,A,01,1,0,0,0,1,33.967529296875,-118.0934600830078,LOS ANGELES,PICO RIVERA,-118.09363555908205,33.96747589111328,0,Evening,1
2021,1976,2021-11-04,1511,4,5,Y,A,-,N,,,N,3,0,1,2,A,-,09,21801.0,A,N,D,A,H,-,A,D,0,Y,,A,01,0,1,0,0,0,,,LOS ANGELES,WHITTIER,-118.0048599243164,33.95140075683594,0,Midday,0
2021,1942,2021-10-21,815,4,5,Y,A,-,N,,,Y,2,0,1,1,A,-,08,22107.0,,N,E,A,H,-,A,A,0,Y,,C,02,1,0,0,0,1,,,LOS ANGELES,LOS ANGELES,-118.3878173828125,34.23368835449219,0,Morning,1
2021,1942,2021-11-14,2120,7,5,Y,A,-,N,,,N,2,0,1,2,A,-,09,21801.0,A,N,D,A,-,-,C,D,0,Y,,A,01,1,0,0,0,1,,,LOS ANGELES,LOS ANGELES,-118.61280059814452,34.16898727416992,1,Night,1
2021,1942,2021-11-16,1745,2,5,Y,A,-,Y,R,4,N,2,0,1,2,A,-,09,21801.0,A,N,D,A,H,-,C,A,0,Y,,C,02,1,0,0,0,0,,,LOS ANGELES,LOS ANGELES,-118.474365234375,34.190792083740234,0,Evening,1
2021,1900,2021-11-10,1510,3,5,Y,A,-,N,,,Y,3,0,1,2,A,-,09,21801.0,A,N,A,A,H,-,A,A,0,Y,,A,01,0,1,0,0,1,34.00782012939453,-117.91703033447266,LOS ANGELES,INDUSTRY,-117.91706085205078,34.007686614990234,0,Midday,0
2021,1942,2021-10-21,1110,4,5,N,A,-,N,,,Y,2,0,1,4,A,-,03,22350.0,,N,A,A,H,-,A,D,0,Y,,A,07,1,0,0,0,0,,,LOS ANGELES,LOS ANGELES,-118.34873199462892,34.0213623046875,0,Midday,1
2021,1942,2021-10-31,2320,7,5,Y,A,-,N,,,Y,2,0,1,3,A,-,03,22350.0,,N,B,A,H,-,C,A,0,Y,,C,02,1,0,0,0,1,,,LOS ANGELES,LOS ANGELES,-118.3089599609375,33.985042572021484,1,Night,1
2021,1941,2021-11-24,650,3,5,Y,A,-,N,,,Y,3,0,2,2,A,-,11,21954.0,A,N,G,A,H,-,A,D,0,Y,,N,,0,2,0,0,1,,,LOS ANGELES,LONG BEACH,-118.15991973876952,33.864219665527344,0,Morning,0
2021,1920,2021-10-16,1930,6,5,N,A,-,N,,,Y,2,0,1,2,A,-,03,22350.0,,N,C,A,H,-,C,A,0,Y,,C,02,1,0,0,0,1,,,LOS ANGELES,DOWNEY,-118.1330795288086,33.9401969909668,1,Evening,1
2021,1942,2021-10-20,25,3,5,N,A,-,N,,,N,3,0,1,2,A,-,03,22350.0,,F,B,A,H,-,C,A,0,Y,,-,99,0,1,0,0,1,,,LOS ANGELES,LOS ANGELES,-118.2915267944336,34.02523422241211,0,Night,0
2021,1900,2021-10-08,1600,5,5,Y,A,-,N,,,Y,2,0,1,2,A,-,09,21801.0,B,N,D,A,H,-,A,A,0,Y,,C,02,1,0,0,0,1,,,LOS ANGELES,LA MIRADA,-118.00718688964844,33.898624420166016,0,Evening,1
2021,1900,2021-10-24,1604,7,5,Y,A,-,N,,,N,4,0,1,2,D,-,00,,,N,D,A,H,-,A,A,0,Y,,-,- ,0,0,1,0,1,,,LOS ANGELES,COMPTON,-118.23915863037108,33.909038543701165,1,Evening,0
2021,1900,2021-10-06,1650,3,5,N,B,-,N,,,N,3,0,1,1,A,-,08,22107.0,,N,F,A,H,-,A,D,0,Y,,C,02,0,1,0,0,1,33.94913101196289,-117.92964935302734,LOS ANGELES,LA HABRA HEIGHTS,-117.92958831787108,33.94915771484375,0,Evening,0
2021,1901,2021-10-04,2254,1,5,Y,C,-,N,,,Y,3,0,1,2,A,-,08,22107.0,,M,C,B,H,-,C,A,0,Y,,A,01,0,1,0,0,1,34.076908111572266,-118.15184783935548,LOS ANGELES,ALHAMBRA,-118.15191650390624,34.07689666748047,0,Night,0
2021,1942,2021-10-27,435,3,5,N,A,-,N,,,N,4,0,1,3,A,-,07,21658.0,,F,C,A,-,-,C,D,0,Y,Y,C,02,0,0,1,0,0,,,LOS ANGELES,LOS ANGELES,-118.40696716308594,34.22964859008789,0,Night,0
2021,1942,2021-11-04,750,4,5,Y,E,-,N,,,Y,2,0,2,2,A,-,09,21801.0,A,F,D,A,H,-,A,A,0,Y,,A,01,1,1,0,0,1,,,LOS ANGELES,LOS ANGELES,-118.48368072509766,34.208450317382805,0,Morning,1
2021,1953,2021-11-03,1620,3,5,N,A,-,N,,,N,4,0,1,2,A,-,17,21235.0,G,N,D,A,H,-,A,D,0,Y,,C,03,0,0,1,0,1,,,LOS ANGELES,PASADENA,-118.15046691894533,34.14448165893555,0,Evening,0
2021,1900,2021-11-17,1514,3,5,N,A,-,N,,,Y,4,0,1,3,A,-,08,22107.0,,N,B,A,H,-,A,D,0,Y,,A,08,0,0,1,0,1,34.400779724121094,-118.49136352539062,LOS ANGELES,SANTA CLARITA,-118.49139404296876,34.40083694458008,0,Midday,0
2021,1942,2021-11-02,1625,2,5,Y,A,-,N,,,N,4,0,1,2,A,-,09,21801.0,A,F,D,A,H,-,A,A,0,Y,,-,99,0,0,1,0,1,,,LOS ANGELES,LOS ANGELES,-118.36710357666016,34.06083297729492,0,Evening,0
2021,1942,2021-11-27,1305,6,5,Y,A,-,N,,,Y,2,0,2,2,A,-,09,21801.0,A,N,D,A,H,-,A,A,0,Y,,A,07,1,0,1,0,1,,,LOS ANGELES,LOS ANGELES,-118.32880401611328,34.098003387451165,1,Midday,1
2021,1942,2021-12-08,1350,3,5,N,A,-,N,,,Y,2,0,2,2,A,-,08,22102.0,,N,D,A,H,-,A,D,0,Y,,A,01,1,0,1,0,1,,,LOS ANGELES,LOS ANGELES,-118.59751892089844,34.20647048950195,0,Midday,1
2021,1942,2021-12-07,730,2,5,Y,A,-,N,,,N,3,0,1,2,A,-,09,21801.0,A,F,E,B,H,-,A,A,0,Y,,-,99,0,1,0,0,1,,,LOS ANGELES,LOS ANGELES,-118.55350494384766,34.193824768066406,0,Morning,0
2021,1942,2021-11-12,1840,5,5,Y,A,-,N,,,N,2,0,1,2,A,-,09,21801.0,A,N,D,A,H,-,C,A,0,Y,,D,22,1,0,0,0,1,,,LOS ANGELES,LOS ANGELES,-118.20482635498048,34.021583557128906,0,Evening,1
2021,1900,2021-11-01,2250,1,5,N,A,-,N,,,Y,4,0,1,2,A,-,08,22107.0,,N,E,A,H,-,C,D,0,Y,,C,02,0,0,1,0,1,,,LOS ANGELES,LANCASTER,-118.09954071044922,34.70423126220703,0,Night,0
2021,1942,2021-11-05,650,5,5,Y,A,-,N,,,Y,2,0,1,2,A,-,09,21801.0,A,N,-,A,H,-,B,A,0,Y,,A,01,1,0,0,0,1,,,LOS ANGELES,LOS ANGELES,-118.41380310058594,34.19394302368164,0,Morning,1
2021,1942,2021-11-05,1155,5,5,N,A,-,N,,,Y,2,0,1,2,A,-,03,22350.0,,N,D,A,H,-,A,D,0,Y,,C,02,1,0,0,0,1,,,LOS ANGELES,LOS ANGELES,-118.56624603271484,34.23184585571289,0,Midday,1
2021,1900,2021-11-10,1407,3,5,N,A,G,N,,,Y,3,0,1,2,A,-,09,21804.0,A,N,D,A,H,-,A,D,0,Y,,C,02,0,1,0,0,1,,,LOS ANGELES,LANCASTER,-118.12408447265624,34.70405197143555,0,Midday,0
2021,1941,2021-11-09,1652,2,5,Y,A,-,N,,,Y,2,0,1,2,A,-,03,22350.0,,N,A,A,H,-,A,A,0,Y,,C,,1,0,0,0,1,,,LOS ANGELES,LONG BEACH,-118.13954925537108,33.79193878173828,0,Evening,1
2021,1942,2021-11-08,2035,1,5,N,A,-,N,,,N,2,0,1,2,A,-,03,22350.0,,N,C,A,H,-,C,D,0,Y,,C,02,1,0,0,0,1,,,LOS ANGELES,LOS ANGELES,-118.34970855712892,34.046905517578125,0,Night,1
2021,1942,2021-10-29,2010,5,5,Y,A,-,N,,,Y,2,0,1,2,A,-,09,21801.0,,N,D,A,H,-,C,A,0,Y,,-,- ,1,0,0,0,1,,,LOS ANGELES,LOS ANGELES,-118.26526641845705,34.01533889770508,0,Night,1
2021,1900,2021-10-30,1129,6,5,Y,A,-,N,,,Y,2,0,1,2,A,-,09,21801.0,A,N,A,A,H,-,A,A,0,Y,,A,01,1,0,0,0,1,33.89466857910156,-118.3612823486328,LOS ANGELES,LAWNDALE,-118.3613052368164,33.89463806152344,1,Midday,1
2021,1900,2021-10-29,2120,5,5,Y,A,-,N,,,Y,2,0,1,2,A,-,09,21801.0,A,N,D,A,H,-,A,-,0,Y,,A,01,1,0,0,0,1,,,LOS ANGELES,CERRITOS,-118.04216003417967,33.87321090698242,0,Night,1