ACCIDENT_YEAR,JURIS,COLLISION_DATE,COLLISION_TIME,DAY_OF_WEEK,CHP_SHIFT,INTERSECTION,WEATHER_1,WEATHER_2,STATE_HWY_IND,LOCATION_TYPE,RAMP_INTERSECTION,TOW_AWAY,COLLISION_SEVERITY,NUMBER_KILLED,NUMBER_INJURED,PARTY_COUNT,PRIMARY_COLL_FACTOR,PCF_CODE_OF_VIOL,PCF_VIOL_CATEGORY,PCF_VIOLATION,PCF_VIOL_SUBSECTION,HIT_AND_RUN,TYPE_OF_COLLISION,ROAD_SURFACE,ROAD_COND_1,ROAD_COND_2,LIGHTING,CONTROL_DEVICE,CHP_ROAD_TYPE,MOTORCYCLE_ACCIDENT,ALCOHOL_INVOLVED,STWD_VEHTYPE_AT_FAULT,CHP_VEHTYPE_AT_FAULT,COUNT_SEVERE_INJ,COUNT_VISIBLE_INJ,COUNT_COMPLAINT_PAIN,COUNT_MC_KILLED,COUNT_MC_INJURED,LATITUDE,LONGITUDE,COUNTY,CITY,POINT_X,POINT_Y,IS_WEEKEND,TIME_OF_DAY,SEVERE_FATAL
2021,9850,2021-03-14,1110,7,1,N,A,-,N,,,N,2,0,1,1,A,-,08,38314.0,,N,F,A,H,-,A,D,0,Y,,C,06,1,0,0,0,1,34.68315887451172,-117.54448699951172,SAN BERNARDINO,UNINCORPORATED,-117.54296112060548,34.674461364746094,1,Midday,1
2021,9834,2021-03-06,950,6,1,N,A,-,Y,,,Y,2,0,3,4,A,-,06,21751.0,,N,C,A,H,-,A,D,0,Y,,A,07,2,1,0,0,3,34.50611114501953,-114.64952087402344,SAN BERNARDINO,UNINCORPORATED,-114.64947509765624,34.506107330322266,1,Morning,1
2021,9860,2021-03-15,633,1,1,Y,B,-,Y,,,Y,4,0,1,2,A,-,01,23152.0,A,N,C,A,H,-,A,D,0,Y,Y,C,02,0,0,1,0,1,34.311988830566406,-117.47293853759766,SAN BERNARDINO,UNINCORPORATED,-117.47293853759766,34.31192779541016,0,Morning,0
2021,9860,2021-03-18,1615,4,2,N,A,-,N,,,Y,4,0,1,2,A,-,09,21801.0,A,N,D,A,H,-,A,D,0,Y,,A,07,0,0,1,0,1,34.05883026123047,-117.3963623046875,SAN BERNARDINO,UNINCORPORATED,-117.3965072631836,34.058990478515625,0,Evening,0
2021,9855,2021-02-28,1727,7,2,N,A,-,Y,,,N,4,0,1,2,A,-,07,21658.0,A,F,F,A,D,-,A,D,0,Y,,-,99,0,0,1,0,1,34.06769943237305,-117.59017181396484,SAN BERNARDINO,FONTANA,-117.59069061279295,34.06768798828125,1,Evening,0
2021,9855,2021-03-13,1730,6,2,N,A,-,Y,,,Y,4,0,1,3,A,-,07,21658.0,A,N,C,A,D,-,A,D,0,Y,Y,A,01,0,0,1,0,1,34.08742904663086,-117.65086364746094,SAN BERNARDINO,FONTANA,-118.20883178710938,34.028472900390625,1,Evening,0
2021,9835,2021-03-13,1412,6,2,N,A,-,Y,,,N,2,0,1,3,A,-,03,22350.0,,N,A,A,H,-,A,D,0,Y,,C,02,1,0,0,0,1,35.25653839111328,-116.0572509765625,SAN BERNARDINO,UNINCORPORATED,-116.07235717773438,35.26251983642578,1,Midday,1
2021,9855,2021-01-27,142,3,3,N,A,-,Y,,,Y,2,0,1,2,A,-,03,22350.0,,F,C,A,H,-,D,D,0,Y,,A,01,1,0,0,0,1,34.075321197509766,-117.54502868652344,SAN BERNARDINO,ONTARIO,-117.54502105712892,34.075321197509766,0,Night,1
2021,9850,2021-03-15,1210,1,1,N,B,-,Y,R,,Y,4,0,1,1,A,-,03,22350.0,,N,F,B,H,-,A,D,0,Y,,C,02,0,0,1,0,1,34.40306854248047,-117.57858276367188,SAN BERNARDINO,UNINCORPORATED,-117.57858276367188,34.40306854248047,0,Midday,0
2021,9855,2021-03-14,1557,7,2,N,B,-,Y,,,Y,3,0,1,2,A,-,07,21658.0,A,N,B,A,H,-,A,D,0,Y,,A,07,0,1,0,0,1,34.13637161254883,-117.50772857666016,SAN BERNARDINO,RANCHO CUCAMONGA,-117.50772857666016,34.136470794677734,1,Midday,0
2021,9834,2021-03-18,1615,4,2,N,A,-,Y,,,Y,2,0,1,2,A,-,01,23152.0,A,N,C,A,H,-,A,D,0,Y,Y,C,02,1,0,0,0,1,34.74671173095703,-114.56063842773438,SAN BERNARDINO,UNINCORPORATED,-114.56062316894533,34.74672317504883,0,Evening,1
2021,9835,2021-03-22,1725,1,2,N,A,-,N,,,N,2,0,1,2,A,-,06,21755.0,,N,D,A,H,-,A,D,0,Y,,C,02,1,0,0,0,1,34.88298034667969,-117.10650634765624,SAN BERNARDINO,UNINCORPORATED,-117.10655975341795,34.88270568847656,0,Evening,1
2021,9855,2021-03-19,1642,5,2,N,A,-,Y,,,Y,3,0,1,2,A,-,07,21658.0,A,N,B,A,D,-,A,D,0,Y,,C,02,0,1,0,0,1,34.030181884765625,-117.67243194580078,SAN BERNARDINO,CHINO,-117.67243194580078,34.030269622802734,0,Evening,0
2021,9860,2021-03-18,1650,4,2,N,A,-,Y,,,Y,2,0,1,3,A,-,08,22107.0,,F,B,A,D,E,A,D,0,Y,,A,01,1,0,0,0,1,34.08177947998047,-117.20053863525392,SAN BERNARDINO,UNINCORPORATED,-117.20054626464844,34.08177947998047,0,Evening,1
2021,9850,2021-03-19,1305,5,1,N,A,-,Y,,,Y,3,0,1,2,A,-,03,22350.0,,N,C,A,H,-,A,D,0,Y,,C,02,0,1,0,0,1,34.44538116455078,-117.6501693725586,SAN BERNARDINO,UNINCORPORATED,-117.65016174316406,34.445396423339844,0,Midday,0
2021,9835,2021-03-18,1430,4,2,N,A,-,Y,,,Y,3,0,1,2,A,-,07,21658.0,A,N,C,A,H,-,A,D,0,Y,,C,02,0,1,0,0,1,35.40013885498047,-115.80056762695312,SAN BERNARDINO,UNINCORPORATED,-115.8005599975586,35.40009689331055,0,Midday,0
2021,9860,2021-03-18,1810,4,2,N,A,-,N,,,Y,3,0,1,1,A,-,08,22107.0,,N,F,A,H,-,B,D,0,Y,,C,02,0,1,0,0,1,34.21377182006836,-117.45732879638672,SAN BERNARDINO,UNINCORPORATED,-117.45732879638672,34.21345520019531,0,Evening,0
2021,9860,2021-03-23,1605,2,2,N,A,-,Y,,,Y,2,0,1,2,A,-,08,22107.0,,N,C,A,H,-,A,D,0,Y,,C,02,1,0,0,0,1,34.2216796875,-117.40293121337892,SAN BERNARDINO,SAN BERNARDINO,-117.40296936035156,34.222381591796875,0,Evening,1
2021,9855,2021-03-25,1743,4,2,N,B,C,Y,,,Y,2,0,1,2,A,-,07,21658.0,A,F,B,B,H,-,A,D,0,Y,,-,99,1,0,0,0,1,34.134891510009766,-117.6005401611328,SAN BERNARDINO,RANCHO CUCAMONGA,-117.6005401611328,34.1348991394043,0,Evening,1
2021,9860,2021-03-29,2045,1,2,N,A,-,Y,,,Y,2,0,1,2,A,-,03,22350.0,,N,B,A,H,-,D,D,0,Y,,C,02,1,0,0,0,1,34.06404113769531,-117.27483367919922,SAN BERNARDINO,SAN BERNARDINO,-117.27483367919922,34.06401824951172,0,Night,1
2021,9860,2021-04-02,1845,5,2,N,A,-,N,,,N,3,0,1,2,A,-,08,22103.0,,N,D,A,H,-,A,D,0,Y,,A,01,0,1,0,0,1,34.16313171386719,-117.34638214111328,SAN BERNARDINO,UNINCORPORATED,-117.34636688232422,34.16315078735352,0,Evening,0
2021,9860,2021-03-27,1830,6,2,N,A,-,Y,,,Y,3,0,1,2,A,-,07,21658.0,A,N,C,A,H,-,A,D,0,Y,,C,02,0,1,0,0,1,34.2492790222168,-117.44197082519533,SAN BERNARDINO,UNINCORPORATED,-117.44200134277344,34.249210357666016,1,Evening,0
2021,9855,2021-03-27,2132,6,2,N,A,-,Y,,,Y,3,0,1,1,A,-,08,22107.0,,N,H,A,H,-,C,D,0,Y,,C,02,0,1,0,0,1,34.0667610168457,-117.44708251953124,SAN BERNARDINO,FONTANA,-117.44708251953124,34.06674575805664,1,Night,0
2021,9855,2021-03-28,2048,7,2,N,A,-,Y,,,N,2,0,1,1,A,-,03,22350.0,,N,F,A,D,-,C,D,0,Y,,C,02,1,0,0,0,1,34.030208587646484,-117.64565277099608,SAN BERNARDINO,ONTARIO,-117.64565277099608,34.03034210205078,1,Night,1
2021,9855,2021-03-29,1550,1,2,N,A,-,Y,,,Y,2,0,1,3,A,-,03,22350.0,,N,C,A,H,-,A,D,0,Y,,C,02,1,0,0,0,1,34.136138916015625,-117.45005798339844,SAN BERNARDINO,FONTANA,-117.45005798339844,34.136268615722656,0,Midday,1
2021,9855,2021-04-01,1645,4,2,N,B,-,Y,,,Y,2,0,1,1,A,-,03,22350.0,,N,F,A,H,-,A,D,0,Y,,C,02,1,0,0,0,1,34.136428833007805,-117.45874786376952,SAN BERNARDINO,FONTANA,-117.45874786376952,34.13629531860352,0,Evening,1
2021,9865,2021-04-03,1446,6,2,N,A,-,Y,,,Y,4,0,1,1,A,-,03,22350.0,,N,F,A,H,-,A,D,0,Y,,C,02,0,0,1,0,1,34.221248626708984,-117.04937744140624,SAN BERNARDINO,UNINCORPORATED,-117.0493621826172,34.221221923828125,1,Midday,0
2021,9860,2021-04-02,1030,5,1,N,A,-,Y,,,Y,3,0,1,1,A,-,08,22107.0,,N,F,A,H,-,A,D,0,Y,,C,02,0,1,0,0,1,34.14575958251953,-117.30101776123048,SAN BERNARDINO,SAN BERNARDINO,-117.30101776123048,34.14580154418945,0,Morning,0
2021,9870,2021-03-14,2018,7,2,N,A,-,Y,,,Y,1,1,0,3,A,-,03,22350.0,,N,C,A,H,-,D,D,0,Y,,C,02,0,0,0,1,0,34.103939056396484,-116.49172973632812,SAN BERNARDINO,UNINCORPORATED,-116.49176025390624,34.104000091552734,1,Night,1
2021,9855,2021-04-02,1615,5,2,N,A,-,Y,,,N,4,0,1,3,A,-,07,21658.0,A,N,B,A,H,-,A,D,0,Y,,A,01,0,0,1,0,1,34.13629150390625,-117.48269653320312,SAN BERNARDINO,FONTANA,-117.48269653320312,34.13628005981445,0,Evening,0
2021,9855,2021-04-02,1442,5,2,N,A,-,Y,,,N,4,0,1,2,A,-,03,22350.0,,N,C,A,H,-,A,D,0,Y,,C,02,0,0,1,0,1,34.11140823364258,-117.52617645263672,SAN BERNARDINO,RANCHO CUCAMONGA,-117.52623748779295,34.11147689819336,0,Midday,0
2021,9860,2021-04-04,1947,7,2,N,A,-,Y,,,Y,3,0,1,2,A,-,03,22350.0,,N,B,A,H,-,B,D,0,Y,,C,02,0,1,0,0,1,34.3026008605957,-117.46111297607422,SAN BERNARDINO,UNINCORPORATED,-117.46110534667967,34.302608489990234,1,Evening,0
2021,9835,2021-04-11,1630,7,2,N,A,-,N,,,Y,4,0,1,1,A,-,08,22107.0,,N,F,A,H,-,A,D,0,Y,,C,02,0,0,1,0,1,34.95362854003906,-117.0215072631836,SAN BERNARDINO,UNINCORPORATED,-117.02306365966795,34.952720642089844,1,Evening,0
2021,9865,2021-04-11,1127,7,1,N,B,-,Y,,,Y,3,0,1,1,A,-,08,22107.0,,N,E,A,H,-,A,D,0,Y,,C,02,0,1,0,0,1,34.2292594909668,-117.29776000976562,SAN BERNARDINO,UNINCORPORATED,-117.29776000976562,34.229251861572266,1,Midday,0
2021,9865,2021-04-12,657,1,1,N,E,-,Y,,,Y,3,0,1,1,A,-,03,22350.0,,N,E,A,H,-,A,D,0,Y,,C,02,0,1,0,0,1,34.217430114746094,-117.29058074951172,SAN BERNARDINO,UNINCORPORATED,-117.29058074951172,34.21739959716797,0,Morning,0
2021,9865,2021-04-10,1330,6,1,N,A,-,Y,,,N,2,0,1,1,A,-,08,22107.0,,N,E,A,H,-,A,D,0,Y,,C,02,1,0,0,0,1,34.15803909301758,-117.18479919433594,SAN BERNARDINO,UNINCORPORATED,-117.1848373413086,34.15804672241211,1,Midday,1
2021,9865,2021-04-11,1505,7,2,N,A,-,Y,,,N,3,0,1,1,A,-,03,22350.0,,N,E,A,B,-,A,D,0,Y,,C,02,0,1,0,0,1,34.22618103027344,-117.30594635009766,SAN BERNARDINO,UNINCORPORATED,-117.30596923828124,34.22616195678711,1,Midday,0
2021,9865,2021-04-15,1835,4,2,N,A,-,Y,,,Y,3,0,1,1,A,-,03,22350.0,,N,F,A,H,-,A,D,0,Y,,C,02,0,1,0,0,1,34.22687911987305,-117.30056762695312,SAN BERNARDINO,UNINCORPORATED,-117.3005828857422,34.22688293457031,0,Evening,0
2021,9870,2021-04-09,1540,5,2,Y,A,-,Y,,,Y,2,0,1,1,A,-,12,21453.0,A,N,F,A,H,-,A,A,0,Y,,C,02,1,0,0,0,1,34.135040283203125,-116.27678680419922,SAN BERNARDINO,UNINCORPORATED,-116.27678680419922,34.13508987426758,0,Midday,1
2021,9865,2021-04-12,1420,1,2,N,A,-,Y,,,Y,2,0,1,2,A,-,06,21750.0,A,N,F,A,H,-,A,D,0,Y,,C,02,1,0,0,0,1,34.31523132324219,-116.81044006347656,SAN BERNARDINO,UNINCORPORATED,-116.8105926513672,34.315059661865234,0,Midday,1
2021,9860,2021-04-10,1135,6,1,Y,A,-,N,,,Y,2,0,1,2,A,-,09,21801.0,A,N,D,A,H,-,A,D,0,Y,,D,22,1,0,0,0,1,34.26036071777344,-117.46752166748048,SAN BERNARDINO,UNINCORPORATED,-117.45480346679688,34.25147247314453,1,Midday,1
2021,9860,2021-04-19,1602,1,2,N,A,-,Y,,,Y,2,0,1,2,A,-,07,21658.0,A,N,B,A,H,-,A,D,0,Y,,A,01,1,0,0,0,1,34.32640075683594,-117.48236846923828,SAN BERNARDINO,UNINCORPORATED,-117.4823989868164,34.32640075683594,0,Evening,1
2021,9865,2021-04-16,1938,5,2,N,A,-,Y,,,Y,3,0,1,1,A,-,08,22107.0,,N,F,A,H,-,D,D,0,Y,,C,02,0,1,0,0,1,34.1875,-117.14884948730467,SAN BERNARDINO,UNINCORPORATED,-117.14886474609376,34.18748092651367,0,Evening,0
2021,9865,2021-04-18,1405,7,2,Y,A,-,N,,,Y,2,0,1,2,A,-,09,21800.0,A,N,D,A,H,-,A,D,0,Y,,C,02,1,0,0,0,1,34.245071411132805,-116.7993621826172,SAN BERNARDINO,UNINCORPORATED,-116.79934692382812,34.24508285522461,1,Midday,1
2021,9834,2021-04-23,1455,5,2,N,A,-,Y,,,N,4,0,1,1,A,-,03,22350.0,,N,F,A,H,-,A,D,0,Y,,C,02,0,0,1,0,1,34.10911178588867,-114.68707275390624,SAN BERNARDINO,UNINCORPORATED,-114.68711853027344,34.10914993286133,0,Midday,0
2021,9850,2021-04-25,1430,7,2,N,B,-,Y,,,Y,4,0,1,3,A,-,07,21658.0,A,N,B,A,H,-,A,D,0,Y,,A,01,0,0,1,0,1,34.384178161621094,-117.41449737548828,SAN BERNARDINO,HESPERIA,-117.41455841064452,34.38422775268555,1,Midday,0
2021,9835,2021-04-10,2205,6,3,N,A,-,N,,,N,2,0,2,2,A,-,09,21804.0,A,F,D,A,H,-,D,D,0,Y,Y,C,06,2,0,0,0,2,35.038509368896484,-116.97186279296876,SAN BERNARDINO,UNINCORPORATED,-116.9721221923828,35.039268493652344,1,Night,1
2021,9855,2021-04-20,835,2,1,N,A,-,Y,,,Y,4,0,1,2,A,-,03,22350.0,,N,C,A,H,-,A,D,0,Y,,C,02,0,0,1,0,1,34.03034973144531,-117.63915252685548,SAN BERNARDINO,ONTARIO,-117.63915252685548,34.03036117553711,0,Morning,0
2021,9860,2021-04-12,1610,1,2,N,A,-,Y,,,Y,3,0,1,2,A,-,07,21658.0,A,N,F,A,H,-,A,D,0,Y,,A,01,0,1,0,0,1,34.06739044189453,-117.42057800292967,SAN BERNARDINO,FONTANA,-117.42057800292967,34.06734848022461,0,Evening,0
2021,9834,2021-04-26,1135,1,1,N,B,-,N,,,N,2,0,1,1,A,-,03,22350.0,,N,F,A,H,-,A,D,0,Y,,C,02,1,0,0,0,1,34.9875602722168,-115.10559844970705,SAN BERNARDINO,UNINCORPORATED,-115.10504150390624,34.98657989501953,0,Midday,1
2021,9855,2021-04-23,1725,5,2,N,B,-,Y,,,Y,4,0,1,2,A,-,07,21658.0,A,F,C,A,H,-,A,D,0,Y,,A,01,0,0,1,0,1,34.13465881347656,-117.6528091430664,SAN BERNARDINO,UPLAND,-117.6528091430664,34.134578704833984,0,Evening,0
2021,9855,2021-04-23,2229,5,3,N,A,-,Y,,,Y,3,0,1,3,A,-,03,22350.0,,N,C,A,D,-,C,A,0,Y,,C,02,0,1,0,0,1,34.03042984008789,-117.70294189453124,SAN BERNARDINO,CHINO,-117.70294189453124,34.03026580810547,0,Night,0
2021,9855,2021-04-24,2148,6,2,N,A,-,Y,,,N,4,0,1,2,A,-,03,22350.0,,F,C,A,H,-,D,D,0,Y,,A,01,0,0,1,0,1,34.040771484375,-117.55001068115234,SAN BERNARDINO,ONTARIO,-117.55001831054688,34.040771484375,1,Night,0
2021,9860,2021-04-16,1625,5,2,N,A,-,Y,,,Y,3,0,1,2,A,-,08,22107.0,,N,B,A,H,-,A,D,0,Y,,-,- ,0,1,0,0,1,34.24137878417969,-117.43115234375,SAN BERNARDINO,UNINCORPORATED,-117.4311065673828,34.24143600463867,0,Evening,0
2021,9835,2021-04-24,1900,6,2,Y,A,-,N,,,N,3,0,1,1,A,-,01,23152.0,A,N,F,A,H,-,B,D,0,Y,Y,C,02,0,1,0,0,1,34.91450119018555,-117.20671081542967,SAN BERNARDINO,UNINCORPORATED,-117.20668792724608,34.91445541381836,1,Evening,0
2021,9855,2021-04-06,1150,2,1,N,A,-,Y,,,Y,2,0,1,3,A,-,07,21658.0,A,F,B,A,H,-,A,D,0,Y,,C,02,1,0,0,0,1,34.066551208496094,-117.4634017944336,SAN BERNARDINO,FONTANA,-117.4634017944336,34.06660079956055,0,Midday,1
2021,9855,2021-04-30,304,5,3,N,A,-,Y,,,Y,2,0,1,2,A,-,01,23152.0,A,N,C,A,D,-,C,D,0,Y,Y,A,08,1,0,0,0,1,34.06774139404297,-117.58611297607422,SAN BERNARDINO,ONTARIO,-117.58611297607422,34.06769943237305,0,Night,1
2021,9860,2021-05-01,2345,6,3,N,A,-,Y,,,Y,3,0,1,2,A,-,08,22107.0,,F,B,A,H,-,D,D,0,Y,,C,02,0,1,0,0,1,34.051151275634766,-117.3023681640625,SAN BERNARDINO,COLTON,-117.30236053466795,34.05113983154297,1,Night,0
2021,9855,2021-04-30,1600,5,2,N,A,-,Y,,,Y,2,0,1,3,A,-,07,21658.0,A,N,B,A,H,-,A,D,0,Y,,A,01,1,0,0,0,1,34.1245002746582,-117.6922607421875,SAN BERNARDINO,UPLAND,-117.69220733642578,34.12442398071289,0,Evening,1
2021,9860,2021-04-19,735,1,1,N,A,-,Y,,,Y,4,0,1,2,A,-,07,21658.0,A,N,B,A,H,-,A,D,0,Y,,A,01,0,0,1,0,1,34.06782913208008,-117.40907287597656,SAN BERNARDINO,UNINCORPORATED,-117.40907287597656,34.0678596496582,0,Morning,0
2021,9850,2021-05-09,1700,7,2,N,A,-,N,,,N,4,0,1,1,A,-,08,22107.0,,N,E,A,H,-,A,D,0,Y,,C,02,0,0,1,0,1,34.733280181884766,-117.36273193359376,SAN BERNARDINO,UNINCORPORATED,-117.36262512207033,34.73321533203125,1,Evening,0
2021,9850,2021-05-03,1900,1,2,Y,A,-,Y,,,Y,1,1,0,2,A,-,09,21802.0,A,N,D,A,H,-,A,D,0,Y,,C,06,0,0,0,1,0,34.42694854736328,-117.62081146240234,SAN BERNARDINO,UNINCORPORATED,-117.62078857421876,34.426998138427734,0,Evening,1
2021,9860,2021-05-03,2150,1,2,N,A,-,Y,,,Y,3,0,1,2,A,-,08,22107.0,,F,B,A,H,-,D,D,0,Y,,A,01,0,1,0,0,1,34.065059661865234,-117.30654907226562,SAN BERNARDINO,COLTON,-117.30654907226562,34.0650749206543,0,Night,0
2021,9860,2021-05-06,1855,4,2,N,A,-,Y,,,Y,4,0,1,1,A,-,03,22350.0,,N,F,A,H,-,A,D,0,Y,,C,02,0,0,1,0,1,34.324668884277344,-117.4556121826172,SAN BERNARDINO,UNINCORPORATED,-117.45562744140624,34.32468795776367,0,Evening,0
2021,9865,2021-05-08,1533,6,2,N,A,-,Y,,,Y,2,0,1,1,A,-,08,22107.0,,N,F,A,H,-,A,D,0,Y,,C,02,1,0,0,0,1,34.22940826416016,-117.02957916259766,SAN BERNARDINO,UNINCORPORATED,-117.02957916259766,34.22941207885742,1,Midday,1
2021,9865,2021-05-15,1147,6,1,N,B,-,Y,,,Y,3,0,2,1,A,-,08,22107.0,,N,E,A,H,-,A,D,0,Y,,C,02,0,2,0,0,2,34.226028442382805,-117.30570220947266,SAN BERNARDINO,UNINCORPORATED,-117.30571746826172,34.22599029541016,1,Midday,0
2021,9855,2021-05-07,1451,5,2,N,A,-,Y,,,Y,3,0,1,2,A,-,07,21658.0,A,F,B,A,H,-,A,D,0,Y,,-,99,0,1,0,0,1,34.0659294128418,-117.47853088378906,SAN BERNARDINO,FONTANA,-117.47853088378906,34.066017150878906,0,Midday,0
2021,9860,2021-05-10,1115,1,1,N,A,-,Y,,,Y,2,0,1,2,A,-,07,21658.0,A,N,F,A,H,-,A,D,0,Y,,A,01,1,0,0,0,1,34.06248092651367,-117.1943817138672,SAN BERNARDINO,REDLANDS,-117.19438934326172,34.062454223632805,0,Midday,1
2021,9865,2021-05-09,1535,7,2,N,A,-,Y,,,Y,2,0,1,1,A,-,03,22350.0,,N,F,A,H,-,A,D,0,Y,,C,02,1,0,0,0,1,34.26137161254883,-117.28858184814452,SAN BERNARDINO,UNINCORPORATED,-117.28858184814452,34.261356353759766,1,Midday,1
2021,9860,2021-04-19,1442,1,2,N,A,-,Y,R,,N,4,0,1,2,A,-,03,22350.0,,F,C,A,H,-,A,A,0,Y,,A,01,0,0,1,0,1,34.068111419677734,-117.35327911376952,SAN BERNARDINO,COLTON,-117.35327911376952,34.068111419677734,0,Midday,0
2021,9860,2021-05-11,955,2,1,N,A,-,Y,,,N,4,0,1,2,A,-,03,22350.0,,N,C,A,H,-,A,D,0,Y,,C,02,0,0,1,0,1,34.30401992797852,-117.46250915527344,SAN BERNARDINO,UNINCORPORATED,-117.46255493164062,34.30390167236328,0,Morning,0
2021,9835,2021-01-09,1905,6,2,Y,A,-,N,,,Y,1,1,0,2,C,-,18,,,N,G,A,H,-,D,D,0,Y,,-,- ,0,0,0,0,0,34.96049880981445,-116.65339660644533,SAN BERNARDINO,UNINCORPORATED,-116.65332794189452,34.96051025390625,1,Evening,1
2021,9834,2021-05-11,1118,2,1,N,A,-,Y,,,Y,2,0,1,1,A,-,03,22350.0,,N,F,A,H,-,A,D,0,Y,,C,02,1,0,0,0,1,34.814640045166016,-114.59400177001952,SAN BERNARDINO,NEEDLES,-114.59400177001952,34.814640045166016,0,Midday,1
2021,9870,2021-05-15,1200,6,1,N,A,-,N,,,Y,2,0,1,1,A,-,08,22107.0,,N,F,A,H,-,A,D,0,Y,,C,02,1,0,0,0,1,34.25939178466797,-115.71800994873048,SAN BERNARDINO,UNINCORPORATED,-115.71814727783205,34.25899124145508,1,Midday,1
2021,9865,2021-05-16,925,7,1,N,A,-,Y,,,N,2,0,1,1,A,-,08,22107.0,,N,F,A,H,-,A,D,0,Y,,C,02,1,0,0,0,1,34.24367904663086,-117.02810668945312,SAN BERNARDINO,UNINCORPORATED,-117.02816009521484,34.243682861328125,1,Morning,1
2021,9855,2021-05-16,2335,7,3,N,C,-,Y,,,Y,2,0,1,2,A,-,01,23152.0,A,N,B,B,D,-,C,D,0,Y,Y,C,02,1,0,0,0,1,34.02956008911133,-117.71305847167967,SAN BERNARDINO,CHINO,-117.71309661865234,34.02970886230469,1,Night,1
2021,9855,2021-05-18,1847,2,2,N,A,-,Y,,,Y,3,0,1,3,A,-,03,22350.0,,N,B,A,D,-,A,D,0,Y,,C,02,0,1,0,0,1,34.070011138916016,-117.6101531982422,SAN BERNARDINO,ONTARIO,-117.61013793945312,34.07003402709961,0,Evening,0
2021,9855,2021-05-20,1524,4,2,N,B,-,Y,,,N,3,0,1,2,A,-,07,21658.0,A,N,B,A,D,-,A,D,0,Y,,A,01,0,1,0,0,1,34.067569732666016,-117.55838012695312,SAN BERNARDINO,ONTARIO,-117.55838012695312,34.06756591796875,0,Midday,0
2021,9865,2021-05-18,1920,2,2,N,A,-,Y,,,Y,2,0,1,1,A,-,08,22107.0,,N,E,A,H,-,A,D,0,Y,,C,02,1,0,0,0,1,34.229251861572266,-117.30126190185548,SAN BERNARDINO,UNINCORPORATED,-117.30118560791016,34.229251861572266,0,Evening,1
2021,9860,2021-05-21,1745,5,2,N,A,-,Y,,,N,4,0,1,2,A,-,07,21658.0,A,N,B,A,H,-,A,D,0,Y,,A,08,0,0,1,0,1,34.06818008422852,-117.38722229003906,SAN BERNARDINO,UNINCORPORATED,-117.38722229003906,34.068153381347656,0,Evening,0
2021,9860,2021-04-25,1050,7,1,N,B,-,Y,,,Y,3,0,1,1,A,-,03,22350.0,,N,F,A,H,-,A,D,0,Y,,C,02,0,1,0,0,1,34.29996109008789,-117.45865631103516,SAN BERNARDINO,UNINCORPORATED,-117.45873260498048,34.29990005493164,1,Morning,0
2021,9860,2021-05-14,1152,5,1,N,A,-,Y,R,,Y,2,0,1,1,A,-,03,22350.0,,N,E,A,H,-,A,A,0,Y,,C,02,1,0,0,0,1,34.02396011352539,-117.33579254150392,SAN BERNARDINO,COLTON,-117.33579254150392,34.02396011352539,0,Midday,1
2021,9865,2021-05-20,600,4,1,N,A,-,Y,,,Y,4,0,1,1,A,-,08,22107.0,,N,F,A,H,-,A,D,0,Y,,C,02,0,0,1,0,1,34.30350875854492,-117.33775329589844,SAN BERNARDINO,UNINCORPORATED,-117.33782196044922,34.3034782409668,0,Morning,0
2021,9855,2021-05-18,2223,2,3,N,A,-,Y,,,N,2,0,1,2,A,-,07,21658.0,A,F,F,A,H,-,C,D,0,Y,Y,-,99,1,0,0,0,1,33.95756912231445,-117.68157958984376,SAN BERNARDINO,CHINO HILLS,-117.68158721923828,33.95756149291992,0,Night,1
2021,9860,2021-05-14,1515,5,2,N,A,-,Y,,,Y,2,0,1,2,A,-,08,22107.0,,N,B,A,H,-,A,D,0,Y,,C,02,1,0,0,0,1,34.347259521484375,-117.47618865966795,SAN BERNARDINO,UNINCORPORATED,-117.47621154785156,34.34732437133789,0,Midday,1
2021,9850,2021-05-29,2330,6,3,Y,A,B,N,,,Y,3,0,1,2,A,-,09,21802.0,A,N,D,A,H,-,C,A,0,Y,,A,01,0,1,0,0,1,34.601280212402344,-117.3382568359375,SAN BERNARDINO,UNINCORPORATED,-117.33827972412108,34.60133743286133,1,Night,0
2021,9865,2021-05-25,1247,2,1,N,B,-,N,,,Y,3,0,1,1,A,-,03,22350.0,,N,E,A,H,-,A,D,0,Y,,C,02,0,1,0,0,1,34.248130798339844,-117.18241119384766,SAN BERNARDINO,UNINCORPORATED,-117.18251037597656,34.24812698364258,0,Midday,0