ACCIDENT_YEAR,JURIS,COLLISION_DATE,COLLISION_TIME,DAY_OF_WEEK,CHP_SHIFT,INTERSECTION,WEATHER_1,WEATHER_2,STATE_HWY_IND,LOCATION_TYPE,RAMP_INTERSECTION,TOW_AWAY,COLLISION_SEVERITY,NUMBER_KILLED,NUMBER_INJURED,PARTY_COUNT,PRIMARY_COLL_FACTOR,PCF_CODE_OF_VIOL,PCF_VIOL_CATEGORY,PCF_VIOLATION,PCF_VIOL_SUBSECTION,HIT_AND_RUN,TYPE_OF_COLLISION,ROAD_SURFACE,ROAD_COND_1,ROAD_COND_2,LIGHTING,CONTROL_DEVICE,CHP_ROAD_TYPE,MOTORCYCLE_ACCIDENT,ALCOHOL_INVOLVED,STWD_VEHTYPE_AT_FAULT,CHP_VEHTYPE_AT_FAULT,COUNT_SEVERE_INJ,COUNT_VISIBLE_INJ,COUNT_COMPLAINT_PAIN,COUNT_MC_KILLED,COUNT_MC_INJURED,LATITUDE,LONGITUDE,COUNTY,CITY,POINT_X,POINT_Y,IS_WEEKEND,TIME_OF_DAY,SEVERE_FATAL
2021,9645,2021-04-12,1433,1,2,N,A,-,Y,,,Y,3,0,1,1,C,-,18,,,N,F,A,H,-,A,D,0,Y,,-,- ,0,1,0,0,1,32.616668701171875,-117.09145355224608,SAN DIEGO,CHULA VISTA,-117.09154510498048,32.61665725708008,0,Midday,0
2021,9645,2021-04-16,555,5,3,N,B,-,Y,,,Y,4,0,1,1,A,-,08,22107.0,,N,E,A,H,-,B,D,0,Y,,C,02,0,0,1,0,1,32.641231536865234,-117.05574798583984,SAN DIEGO,CHULA VISTA,-117.05583190917967,32.64116287231445,0,Morning,0
2021,9650,2021-04-14,2050,3,2,N,A,-,Y,,,Y,3,0,2,4,A,-,08,22107.0,,F,C,A,H,-,A,D,0,Y,,C,02,0,1,1,0,0,33.19276809692383,-117.24543762207033,SAN DIEGO,VISTA,-117.24541473388672,33.192813873291016,0,Night,0
2021,9645,2021-04-17,1438,6,2,N,A,-,Y,,,Y,2,0,1,2,A,-,07,21658.0,A,N,C,A,H,-,A,D,0,Y,,C,02,1,0,0,0,1,32.85403823852539,-117.23227691650392,SAN DIEGO,SAN DIEGO,-117.23226928710938,32.85403060913086,1,Midday,1
2021,9650,2021-04-17,1224,6,1,N,A,-,Y,,,N,4,0,1,3,A,-,07,21658.0,A,N,B,A,H,-,A,D,0,Y,,A,01,0,0,1,0,1,33.32405090332031,-117.4860610961914,SAN DIEGO,UNINCORPORATED,-117.48607635498048,33.324031829833984,1,Midday,0
2021,9680,2021-04-14,1725,3,2,N,A,-,Y,R,,Y,3,0,1,1,A,-,03,22350.0,,N,E,A,H,-,A,D,0,Y,,C,02,0,1,0,0,1,32.74457931518555,-117.04213714599608,SAN DIEGO,LEMON GROVE,-117.04213714599608,32.74457931518555,0,Evening,0
2021,9645,2021-04-17,1310,6,1,N,A,-,Y,,,N,4,0,1,1,A,-,08,22107.0,,N,F,A,H,-,A,D,0,Y,,C,02,0,0,1,0,1,32.71324157714844,-117.13751983642578,SAN DIEGO,SAN DIEGO,-117.13751983642578,32.713287353515625,1,Midday,0
2021,9680,2021-04-16,740,5,1,N,A,-,N,,,Y,3,0,1,2,A,-,03,22350.0,,N,F,A,H,-,A,A,0,Y,,C,02,0,1,0,0,1,32.816139221191406,-116.96061706542967,SAN DIEGO,UNINCORPORATED,-116.96131896972656,32.81367874145508,0,Morning,0
2021,9680,2021-04-17,1715,6,2,N,A,-,Y,,,N,3,0,1,1,A,-,03,22350.0,,N,F,A,H,-,A,D,0,Y,,C,02,0,1,0,0,1,32.8348503112793,-116.98912811279295,SAN DIEGO,SANTEE,-116.9891357421875,32.834842681884766,1,Evening,0
2021,9680,2021-04-18,2500,7,4,N,A,-,Y,,,Y,4,0,1,1,A,-,01,23152.0,F,N,F,A,H,-,D,D,0,Y,Y,C,02,0,0,1,0,1,32.67538833618164,-116.28617095947266,SAN DIEGO,UNINCORPORATED,-116.28621673583984,32.67522430419922,1,Night,0
2021,9680,2021-04-18,1644,7,2,N,A,-,Y,,,Y,3,0,1,1,C,-,18,,,N,A,A,H,-,A,D,0,Y,,-,- ,0,1,0,0,1,33.0701904296875,-116.59117126464844,SAN DIEGO,UNINCORPORATED,-116.59116363525392,33.07020568847656,1,Evening,0
2021,9680,2021-04-18,1221,7,1,N,A,-,Y,,,Y,4,0,1,2,A,-,03,22350.0,,N,E,A,H,-,A,D,0,Y,,C,02,0,0,1,0,1,32.779178619384766,-116.98516082763672,SAN DIEGO,LA MESA,-116.98528289794922,32.779197692871094,1,Midday,0
2021,9650,2021-04-25,1420,7,2,N,A,-,N,,,Y,2,0,3,2,A,-,03,22350.0,,N,A,A,H,-,A,D,0,Y,,C,02,1,0,2,0,1,33.26327133178711,-116.76956939697266,SAN DIEGO,UNINCORPORATED,-116.76953125,33.264041900634766,1,Midday,1
2021,9680,2021-04-22,750,4,1,N,B,-,N,,,Y,3,0,1,2,A,-,08,22107.0,,N,B,A,H,-,A,D,0,Y,,C,02,0,1,0,0,1,32.734619140625,-117.00914764404295,SAN DIEGO,UNINCORPORATED,-117.00940704345705,32.73462677001953,0,Morning,0
2021,9680,2021-04-23,1215,5,1,N,A,-,N,,,Y,3,0,2,1,A,-,08,22107.0,,N,F,A,H,-,A,D,0,Y,,C,02,0,2,0,0,2,33.141868591308594,-116.36638641357422,SAN DIEGO,UNINCORPORATED,-116.36631774902344,33.14206314086914,0,Midday,0
2021,9680,2021-04-22,1948,4,2,Y,A,-,Y,,,Y,4,0,2,3,A,-,09,21453.0,C,N,D,A,H,-,C,A,0,Y,,A,07,0,0,2,0,1,32.739898681640625,-116.95159912109376,SAN DIEGO,UNINCORPORATED,-116.95159149169922,32.73992156982422,0,Evening,0
2021,9645,2021-04-29,735,4,1,N,A,-,Y,,,Y,3,0,1,3,A,-,03,22350.0,,F,C,A,H,-,A,D,0,Y,,-,99,0,1,0,0,1,32.63719940185547,-117.05049896240234,SAN DIEGO,CHULA VISTA,-117.0505142211914,32.63718032836914,0,Morning,0
2021,9645,2021-04-22,1620,4,2,N,A,-,Y,,,N,3,0,1,2,A,-,08,22107.0,,F,C,A,H,-,A,D,0,Y,,-,99,0,1,0,0,1,32.54664993286133,-117.03675079345705,SAN DIEGO,SAN DIEGO,-117.03678894042967,32.54655838012695,0,Evening,0
2021,9645,2021-04-18,1644,7,2,N,A,-,Y,,,Y,4,0,1,1,A,-,08,22107.0,,N,E,A,H,-,A,D,0,Y,,C,02,0,0,1,0,1,,,SAN DIEGO,SAN DIEGO,-117.1181182861328,32.717140197753906,1,Evening,0
2021,9680,2021-04-27,1020,2,1,N,B,-,N,,,N,3,0,1,2,A,-,08,22103.0,,N,C,A,H,-,A,D,0,Y,,A,07,0,1,0,0,1,32.82046127319336,-116.95982360839844,SAN DIEGO,UNINCORPORATED,-116.96006011962892,32.820899963378906,0,Morning,0
2021,9680,2021-04-27,1454,2,2,N,B,-,N,,,N,4,0,1,1,A,-,03,22350.0,,N,F,A,H,-,A,D,0,Y,,C,02,0,0,1,0,1,32.72977066040039,-116.96150207519533,SAN DIEGO,UNINCORPORATED,-116.96158599853516,32.729793548583984,0,Midday,0
2021,9650,2021-02-22,1315,1,1,N,A,-,Y,,,Y,1,1,0,2,A,-,03,22350.0,,N,C,A,H,-,A,D,0,Y,,C,02,0,0,0,1,0,33.33586883544922,-117.15901184082033,SAN DIEGO,UNINCORPORATED,-117.15904998779295,33.33586883544922,0,Midday,1
2021,9680,2021-04-28,1705,3,2,Y,A,-,N,,,N,3,0,1,2,A,-,05,21460.0,A,N,F,A,H,-,A,A,0,Y,,C,02,0,1,0,0,1,32.82352066040039,-116.94936370849608,SAN DIEGO,UNINCORPORATED,-116.94925689697266,32.823440551757805,0,Evening,0
2021,9645,2021-05-04,1521,2,2,N,A,-,Y,,,Y,3,0,2,2,A,-,07,21658.0,A,N,B,A,H,-,A,D,0,Y,,C,02,0,1,1,0,1,32.69329071044922,-117.12148284912108,SAN DIEGO,SAN DIEGO,-117.12142181396484,32.693260192871094,0,Midday,0
2021,9680,2021-04-28,2235,3,3,N,A,-,Y,,,Y,3,0,1,2,A,-,07,21658.0,A,N,B,A,H,-,C,D,0,Y,,A,01,0,1,0,0,1,32.77288818359375,-117.0425262451172,SAN DIEGO,LA MESA,-117.04254150390624,32.77285385131836,0,Night,0
2021,9645,2021-05-06,1716,4,2,N,B,-,Y,,,N,4,0,1,2,A,-,07,21658.0,A,N,B,A,H,-,A,D,0,Y,,A,07,0,0,1,0,1,32.69348907470703,-117.12278747558594,SAN DIEGO,SAN DIEGO,-117.122802734375,32.693462371826165,0,Evening,0
2021,9645,2021-05-07,1430,5,2,N,A,-,Y,,,Y,3,0,1,1,A,-,03,22350.0,,N,F,A,H,-,A,D,0,Y,,C,02,0,1,0,0,1,32.69440078735352,-117.126220703125,SAN DIEGO,SAN DIEGO,-117.126220703125,32.69440460205078,0,Midday,0
2021,9650,2021-04-29,2059,4,2,N,A,-,Y,,,Y,2,0,1,2,A,-,01,23152.0,F,F,B,A,H,-,D,D,0,Y,,A,01,1,0,0,0,1,33.35609817504883,-117.15878295898438,SAN DIEGO,UNINCORPORATED,-117.15872192382812,33.35609817504883,0,Night,1
2021,9645,2021-05-07,1630,5,2,N,A,-,Y,,,N,3,0,1,2,A,-,07,21658.0,A,N,B,A,H,-,A,D,0,Y,,A,01,0,1,0,0,1,32.77233123779297,-117.1324462890625,SAN DIEGO,SAN DIEGO,-117.13239288330078,32.772369384765625,0,Evening,0
2021,9645,2021-05-11,658,2,1,N,A,-,Y,R,,Y,4,0,1,1,A,-,03,22350.0,,N,F,A,H,-,A,D,0,Y,,C,02,0,0,1,0,1,32.693790435791016,-117.12235260009766,SAN DIEGO,SAN DIEGO,-117.12235260009766,32.693790435791016,0,Morning,0
2021,9680,2021-04-29,1405,4,2,N,A,-,Y,R,,N,3,0,1,1,A,-,03,22350.0,,N,F,A,H,-,A,D,0,Y,,C,02,0,1,0,0,1,32.75231170654297,-117.01088714599608,SAN DIEGO,UNINCORPORATED,-117.01088714599608,32.75231170654297,0,Midday,0
2021,9650,2021-05-02,1150,7,1,N,A,-,N,,,Y,2,0,1,3,A,-,03,22350.0,,N,C,A,H,-,A,A,0,Y,,A,01,1,0,0,0,1,33.37648010253906,-117.2536392211914,SAN DIEGO,UNINCORPORATED,-117.253662109375,33.37646484375,1,Midday,1
2021,9645,2021-05-10,1510,1,2,N,A,-,Y,,,Y,3,0,1,2,A,-,07,21658.0,A,N,B,A,H,-,A,D,0,Y,,D,22,0,1,0,0,1,32.839969635009766,-117.02385711669922,SAN DIEGO,SAN DIEGO,-117.02376556396484,32.84002685546875,0,Midday,0
2021,9680,2021-04-30,1400,5,2,Y,A,-,N,,,Y,2,0,1,2,A,-,09,21801.0,A,N,D,A,H,-,A,D,0,Y,,A,01,1,0,0,0,1,33.04719924926758,-116.8568878173828,SAN DIEGO,UNINCORPORATED,-117.56068420410156,33.4230842590332,0,Midday,1
2021,9680,2021-05-01,2005,6,2,N,A,-,N,,,N,3,0,1,3,A,-,08,22107.0,,N,B,A,H,-,C,D,0,Y,,C,02,0,1,0,0,1,32.845829010009766,-116.8867416381836,SAN DIEGO,UNINCORPORATED,-116.8868408203125,32.845794677734375,1,Night,0
2021,9650,2021-05-09,1550,7,2,N,B,-,Y,,,N,4,0,1,2,A,-,07,21658.0,A,N,B,A,H,-,A,D,0,Y,,C,02,0,0,1,0,1,33.366851806640625,-117.54656219482422,SAN DIEGO,UNINCORPORATED,-117.54642486572266,33.36705017089844,1,Midday,0
2021,9645,2021-05-12,556,3,3,N,A,-,Y,,,N,3,0,1,1,A,-,08,22107.0,,N,F,A,H,-,A,D,0,Y,,C,02,0,1,0,0,1,32.69763946533203,-117.13728332519533,SAN DIEGO,SAN DIEGO,-117.1373291015625,32.69757461547852,0,Morning,0
2021,9645,2021-05-07,1425,5,2,N,A,-,N,,,N,3,0,1,2,A,-,05,21650.0,,N,B,A,H,-,A,D,0,Y,,J,48,0,1,0,0,1,32.57225036621094,-116.864990234375,SAN DIEGO,UNINCORPORATED,-116.87882995605467,32.575828552246094,0,Midday,0
2021,9645,2021-05-11,1645,2,2,N,A,-,Y,,,Y,2,0,1,2,A,-,07,21658.0,A,N,B,A,H,-,A,D,0,Y,,A,08,1,0,0,0,1,,,SAN DIEGO,SAN DIEGO,-117.11859130859376,32.83131408691406,0,Evening,1
2021,9645,2021-05-11,1550,2,2,N,A,-,Y,,,Y,4,0,1,2,A,-,03,22350.0,,N,C,A,H,-,A,D,0,Y,,C,02,0,0,1,0,1,32.50379943847656,-117.07109832763672,SAN DIEGO,SAN DIEGO,-117.1200942993164,32.84354019165039,0,Midday,0
2021,9680,2021-05-04,2250,2,3,N,A,-,Y,,,Y,3,0,2,2,A,-,01,23152.0,F,N,C,A,H,-,D,D,0,Y,,C,02,0,2,0,0,0,32.717750549316406,-117.01445770263672,SAN DIEGO,UNINCORPORATED,-117.0144271850586,32.717750549316406,0,Night,0
2021,9645,2021-05-15,1125,6,1,N,A,-,Y,,,Y,4,0,1,1,A,-,08,22107.0,,N,F,A,H,-,A,D,0,Y,,C,02,0,0,1,0,1,32.5754508972168,-117.08135986328124,SAN DIEGO,SAN DIEGO,-117.08135986328124,32.57544708251953,1,Midday,0
2021,9645,2021-05-11,1632,2,2,N,A,-,Y,,,Y,2,0,2,2,A,-,01,23152.0,A,N,B,A,H,-,A,D,0,Y,Y,C,02,1,0,1,0,1,32.718048095703125,-117.1093521118164,SAN DIEGO,SAN DIEGO,-117.1093521118164,32.71810531616211,0,Evening,1
2021,9650,2021-05-10,1200,1,1,N,A,-,N,,,N,3,0,1,1,A,-,03,22350.0,,N,E,A,H,-,A,D,0,Y,,C,02,0,1,0,0,1,33.36737823486328,-117.21394348144533,SAN DIEGO,UNINCORPORATED,-117.2138900756836,33.36723709106445,0,Midday,0
2021,9645,2021-05-05,100,3,3,N,A,-,Y,,,Y,3,0,1,1,A,-,01,23152.0,A,N,F,A,H,-,C,D,0,Y,Y,C,02,0,1,0,0,1,32.67890167236328,-117.0261001586914,SAN DIEGO,SAN DIEGO,-117.02613067626952,32.678863525390625,0,Night,0
2021,9680,2021-05-08,1825,6,2,N,A,-,N,,,Y,2,0,1,1,A,-,03,22350.0,,N,F,A,H,-,A,D,0,Y,,C,02,1,0,0,0,1,32.94205093383789,-116.8535614013672,SAN DIEGO,UNINCORPORATED,-116.84700012207033,32.94558334350586,1,Evening,1
2021,9650,2021-05-08,1430,6,2,N,A,-,N,,,N,3,0,1,3,A,-,08,22107.0,,N,B,A,H,-,A,D,0,Y,,C,02,0,1,0,0,1,33.217681884765625,-117.03347778320312,SAN DIEGO,UNINCORPORATED,-117.03580474853516,33.22111511230469,1,Midday,0
2021,9680,2021-05-08,1142,6,1,Y,A,-,Y,,,Y,4,0,1,2,A,-,09,21802.0,A,N,D,A,H,-,A,A,0,Y,,D,22,0,0,1,0,1,33.10918045043945,-116.67378997802734,SAN DIEGO,UNINCORPORATED,-116.67396545410156,33.10920333862305,1,Midday,0
2021,9650,2021-05-13,743,4,1,N,A,-,Y,,,Y,2,0,1,1,A,-,03,22350.0,,N,F,A,H,-,A,D,0,Y,,C,02,1,0,0,0,1,33.13296890258789,-117.1052703857422,SAN DIEGO,ESCONDIDO,-117.10530853271484,33.13296890258789,0,Morning,1
2021,9645,2021-05-20,550,4,3,N,B,-,Y,R,,Y,3,0,1,1,A,-,03,22350.0,,N,F,A,H,-,A,D,0,Y,,C,02,0,1,0,0,1,32.76274108886719,-117.16390228271484,SAN DIEGO,SAN DIEGO,-117.16390228271484,32.76274108886719,0,Morning,0
2021,9680,2021-05-13,1835,4,2,N,A,-,N,,,N,3,0,1,1,A,-,08,22107.0,,N,F,A,H,-,A,D,0,Y,,C,02,0,1,0,0,1,32.83510971069336,-116.77594757080078,SAN DIEGO,UNINCORPORATED,-116.7759017944336,32.835140228271484,0,Evening,0
2021,9645,2021-05-21,1710,5,2,N,A,-,Y,,,N,3,0,1,2,A,-,07,21658.0,A,N,B,A,H,-,A,D,0,Y,,A,01,0,1,0,0,1,32.841819763183594,-117.1208267211914,SAN DIEGO,SAN DIEGO,-117.12091827392578,32.84184646606445,0,Evening,0
2021,9680,2021-05-12,5,3,3,N,A,-,N,,,Y,3,0,1,1,A,-,01,23152.0,A,N,F,A,H,-,C,D,0,Y,Y,C,02,0,1,0,0,1,32.82120895385742,-116.9393310546875,SAN DIEGO,UNINCORPORATED,-116.93949127197266,32.82119369506836,0,Night,0
2021,9680,2021-05-13,542,4,3,N,A,-,N,,,Y,4,0,1,1,A,-,03,22350.0,,N,E,A,H,-,A,D,0,Y,,C,02,0,0,1,0,1,32.78778076171875,-116.89703369140624,SAN DIEGO,UNINCORPORATED,-116.89704132080078,32.78770446777344,0,Morning,0
2021,9645,2021-05-20,640,4,1,N,A,-,Y,,,Y,2,0,1,2,A,-,07,21658.0,A,N,C,A,H,-,A,D,0,Y,,A,01,1,0,0,0,1,32.75495147705078,-117.12428283691406,SAN DIEGO,SAN DIEGO,-117.12464904785156,32.754825592041016,0,Morning,1
2021,9650,2021-05-17,725,1,1,N,A,-,Y,,,Y,4,0,1,3,A,-,07,21658.0,A,N,B,A,H,-,A,D,0,Y,,A,07,0,0,1,0,1,33.11777114868164,-117.09996795654295,SAN DIEGO,ESCONDIDO,-117.10016632080078,33.117652893066406,0,Morning,0
2021,9680,2021-05-15,1900,6,2,Y,B,-,N,,,Y,2,0,1,2,A,-,09,21801.0,A,N,D,A,H,-,B,D,0,Y,,A,01,1,0,0,0,1,32.83106994628906,-116.93254089355467,SAN DIEGO,UNINCORPORATED,-116.93244934082033,32.83107376098633,1,Evening,1
2021,9645,2021-05-22,1113,6,1,N,B,-,Y,,,Y,3,0,1,3,A,-,08,22107.0,,N,B,A,H,-,A,D,0,Y,,C,02,0,1,0,0,1,32.72412872314453,-117.1510772705078,SAN DIEGO,SAN DIEGO,-117.15109252929688,32.724098205566406,1,Midday,0
2021,9680,2021-05-16,1140,7,1,N,B,-,N,,,N,2,0,2,2,A,-,03,22350.0,,N,C,A,H,-,A,D,0,Y,,C,06,2,0,0,0,2,32.58264923095703,-116.62728118896484,SAN DIEGO,UNINCORPORATED,-116.628319,32.582651,1,Midday,1
2021,9680,2021-05-17,1820,1,2,N,E,-,Y,,,Y,2,0,1,1,A,-,03,22350.0,,N,F,A,H,-,B,D,0,Y,,C,02,1,0,0,0,1,33.036479949951165,-116.5621337890625,SAN DIEGO,UNINCORPORATED,-116.56217193603516,33.03647232055664,0,Evening,1
2021,9645,2021-04-29,1815,4,2,N,A,-,Y,,,Y,2,0,1,2,A,-,07,21658.0,A,N,B,A,H,-,B,D,0,Y,,A,01,1,0,0,0,1,32.645389556884766,-117.10214996337892,SAN DIEGO,NATIONAL CITY,-117.10219573974608,32.6453742980957,0,Evening,1
2021,9680,2021-05-19,2052,3,2,N,A,-,N,,,N,2,0,1,2,A,-,21,22106.0,,N,A,A,H,-,C,D,0,Y,,A,01,1,0,0,0,1,32.746490478515625,-117.0034408569336,SAN DIEGO,UNINCORPORATED,-117.00321197509766,32.74647903442383,0,Night,1
2021,9645,2021-05-25,1745,2,2,N,A,-,Y,,,Y,4,0,1,2,A,-,07,21658.0,A,N,C,A,H,-,A,D,0,Y,,C,02,0,0,1,0,1,32.722808837890625,-117.16242980957033,SAN DIEGO,SAN DIEGO,-117.16244506835938,32.72273254394531,0,Evening,0
2021,9650,2021-05-22,2350,6,3,N,A,-,Y,,,Y,3,0,1,1,A,-,08,22107.0,,N,F,A,H,-,D,D,0,Y,,C,02,0,1,0,0,1,33.36473083496094,-117.09532165527344,SAN DIEGO,UNINCORPORATED,-117.09531402587892,33.364700317382805,1,Night,0
2021,9650,2021-05-25,500,2,3,N,A,-,Y,,,Y,3,0,1,1,A,-,07,21658.0,A,N,F,A,H,-,D,D,0,Y,,C,02,0,1,0,0,1,33.138458251953125,-117.14077758789062,SAN DIEGO,UNINCORPORATED,-117.140869140625,33.138465881347656,0,Morning,0
2021,9650,2021-05-22,1033,6,1,Y,A,-,N,,,Y,3,0,1,2,A,-,09,21801.0,A,N,D,A,H,-,A,D,0,Y,,A,01,0,1,0,0,1,33.36236953735352,-117.21645355224608,SAN DIEGO,UNINCORPORATED,-117.21640777587892,33.3623161315918,1,Morning,0
2021,9680,2021-05-21,1440,5,2,N,A,-,N,,,N,3,0,1,2,A,-,08,22101.0,D,N,D,A,H,-,A,A,0,Y,,C,06,0,1,0,0,1,32.7064094543457,-117.00894165039062,SAN DIEGO,UNINCORPORATED,-117.00912475585938,32.706253051757805,0,Midday,0
2021,9680,2021-05-22,1105,6,1,N,A,-,Y,,,Y,2,0,2,2,A,-,08,22107.0,,N,D,A,H,-,A,D,0,Y,,A,01,1,1,0,0,1,32.84328842163086,-116.60269165039062,SAN DIEGO,UNINCORPORATED,-116.60267639160156,32.84324645996094,1,Midday,1
2021,9680,2021-05-23,1242,7,1,N,A,-,N,,,N,4,0,1,2,A,-,08,22107.0,,N,D,A,H,-,A,A,0,Y,,A,07,0,0,1,0,1,32.71379089355469,-117.0127410888672,SAN DIEGO,UNINCORPORATED,-117.0127410888672,32.713951110839844,1,Midday,0
2021,9680,2021-05-23,1910,7,2,Y,A,-,N,,,Y,2,0,1,1,A,-,01,23152.0,A,N,E,A,H,-,A,A,0,Y,Y,C,02,1,0,0,0,1,33.04024124145508,-116.8512725830078,SAN DIEGO,UNINCORPORATED,-116.85141754150392,33.04035186767578,1,Evening,1
2021,9650,2021-05-28,154,5,3,N,A,-,Y,,,Y,3,0,1,1,A,-,03,22350.0,,N,F,A,H,-,D,A,0,Y,Y,C,02,0,1,0,0,1,33.284061431884766,-117.1482162475586,SAN DIEGO,UNINCORPORATED,-117.16124725341795,33.410770416259766,0,Night,0
2021,9650,2021-05-29,47,6,3,N,A,-,N,,,Y,2,0,1,1,A,-,08,22107.0,,N,E,A,H,-,D,D,0,Y,,C,02,1,0,0,0,1,33.176300048828125,-117.20516967773438,SAN DIEGO,UNINCORPORATED,-117.20506286621094,33.176300048828125,1,Night,1
2021,9650,2021-05-21,1800,5,2,N,A,-,Y,,,N,2,0,1,2,A,-,03,22350.0,,N,C,A,D,-,A,D,0,Y,,C,02,1,0,0,0,1,33.09983825683594,-117.3084716796875,SAN DIEGO,CARLSBAD,-117.30843353271484,33.0998649597168,0,Evening,1
2021,9650,2021-05-27,1425,4,2,N,A,-,Y,,,Y,3,0,1,3,A,-,09,21804.0,A,N,D,A,H,-,A,A,0,Y,,A,01,0,1,0,0,1,33.364498138427734,-117.08776092529295,SAN DIEGO,UNINCORPORATED,-117.08776092529295,33.364540100097656,0,Midday,0
2021,9645,2021-06-04,1220,5,1,N,A,-,Y,,,Y,3,0,1,1,A,-,08,22107.0,,N,F,A,H,-,A,D,0,Y,,C,02,0,1,0,0,1,32.77928161621094,-117.07209777832033,SAN DIEGO,SAN DIEGO,-117.07209777832033,32.7791633605957,0,Midday,0
2021,9650,2021-05-29,1720,6,2,N,A,-,N,,,Y,2,0,1,1,A,-,08,22107.0,,N,F,A,H,-,A,D,0,Y,,C,02,1,0,0,0,1,33.326988220214844,-117.11138153076172,SAN DIEGO,UNINCORPORATED,-117.11127471923828,33.326873779296875,1,Evening,1
2021,9680,2021-05-28,1230,5,1,N,A,-,Y,,,N,4,0,1,1,A,-,08,22107.0,,N,E,A,H,-,A,A,0,Y,,C,02,0,0,1,0,1,32.653179168701165,-116.7898406982422,SAN DIEGO,UNINCORPORATED,-116.7897720336914,32.653079986572266,0,Midday,0
2021,9680,2021-01-10,930,7,1,N,A,-,N,,,Y,1,2,0,2,A,-,03,22350.0,,N,H,A,H,-,A,D,0,Y,,C,02,0,0,0,1,0,32.6578483581543,-116.84461212158205,SAN DIEGO,UNINCORPORATED,-116.84366607666016,32.65821838378906,1,Morning,1
2021,9650,2021-06-03,2145,4,2,N,A,-,N,,,Y,3,0,1,1,A,-,08,22107.0,,N,F,A,H,-,D,D,0,Y,,C,02,0,1,0,0,1,33.393741607666016,-117.21003723144533,SAN DIEGO,UNINCORPORATED,-117.21010589599608,33.39366149902344,0,Night,0
2021,9645,2021-06-05,940,6,1,N,A,-,Y,,,Y,3,0,1,2,A,-,08,22107.0,,N,B,A,H,-,A,D,0,Y,,A,01,0,1,0,0,1,32.762081146240234,-117.20440673828124,SAN DIEGO,SAN DIEGO,-117.20447540283205,32.762065887451165,1,Morning,0
2021,9650,2021-05-25,1751,2,2,N,A,-,Y,,,Y,2,0,1,2,A,-,07,21658.0,A,N,C,A,H,-,A,D,0,Y,Y,C,02,1,0,0,0,1,33.179481506347656,-117.34702301025392,SAN DIEGO,UNINCORPORATED,-117.34066772460938,33.18122863769531,0,Evening,1
2021,9650,2021-06-03,1727,4,2,N,A,-,Y,,,Y,4,0,1,2,A,-,08,22107.0,,N,B,A,H,-,A,D,0,Y,,C,02,0,0,1,0,1,33.15134811401367,-117.33580780029295,SAN DIEGO,UNINCORPORATED,-117.3366470336914,33.152801513671875,0,Evening,0
2021,9650,2021-06-05,1740,6,2,N,A,-,Y,,,N,3,0,2,2,A,-,07,21658.0,A,F,B,A,H,-,A,D,0,Y,Y,-,99,0,2,0,0,2,33.19681930541992,-117.367919921875,SAN DIEGO,UNINCORPORATED,-117.36762237548828,33.19654083251953,1,Evening,0
2021,9645,2021-06-11,1525,5,2,N,A,-,Y,,,N,3,0,1,2,A,-,08,22107.0,,N,C,A,H,-,A,D,0,Y,,A,01,0,1,0,0,1,32.7801513671875,-117.08136749267578,SAN DIEGO,SAN DIEGO,-117.08138275146484,32.78004455566406,0,Midday,0
2021,9645,2021-05-29,1520,6,2,N,A,-,Y,,,Y,2,0,2,3,A,-,08,22107.0,,N,C,A,H,-,A,D,0,Y,,A,01,1,0,1,0,1,,,SAN DIEGO,SAN DIEGO,-117.14219665527344,32.8330192565918,1,Midday,1
2021,9680,2021-06-02,1025,3,1,N,A,-,N,,,N,2,0,1,1,A,-,08,22107.0,,N,F,A,H,-,A,A,0,Y,,C,02,1,0,0,0,1,33.03849029541016,-116.8358917236328,SAN DIEGO,UNINCORPORATED,-116.83536529541016,33.0384521484375,0,Morning,1
2021,9650,2021-06-12,1240,6,1,N,A,-,Y,,,N,3,0,2,2,A,-,08,22107.0,,N,B,A,H,-,A,A,0,Y,,A,01,0,2,0,0,2,33.37908172607422,-117.1726303100586,SAN DIEGO,UNINCORPORATED,-117.17259979248048,33.379093170166016,1,Midday,0
2021,9650,2021-06-12,1420,6,2,N,A,-,Y,,,Y,4,0,1,2,A,-,03,22350.0,,N,C,A,D,-,A,D,0,Y,,C,02,0,0,1,0,1,33.08470916748047,-117.29837036132812,SAN DIEGO,CARLSBAD,-117.2982940673828,33.08475112915039,1,Midday,0
2021,9650,2021-06-05,1907,6,2,N,A,-,Y,,,Y,3,0,1,2,A,-,03,22350.0,,N,C,A,H,-,A,D,0,Y,,C,02,0,1,0,0,1,33.294559478759766,-117.45939636230467,SAN DIEGO,UNINCORPORATED,-117.45933532714844,33.29462814331055,1,Evening,0
2021,9650,2021-06-10,1655,4,2,N,A,-,Y,,,Y,3,0,1,2,A,-,07,21658.0,A,N,B,A,H,-,A,D,0,Y,,A,01,0,1,0,0,1,33.42158126831055,-117.1537628173828,SAN DIEGO,UNINCORPORATED,-117.15374755859376,33.42156982421875,0,Evening,0