ACCIDENT_YEAR,JURIS,COLLISION_DATE,COLLISION_TIME,DAY_OF_WEEK,CHP_SHIFT,INTERSECTION,WEATHER_1,WEATHER_2,STATE_HWY_IND,LOCATION_TYPE,RAMP_INTERSECTION,TOW_AWAY,COLLISION_SEVERITY,NUMBER_KILLED,NUMBER_INJURED,PARTY_COUNT,PRIMARY_COLL_FACTOR,PCF_CODE_OF_VIOL,PCF_VIOL_CATEGORY,PCF_VIOLATION,PCF_VIOL_SUBSECTION,HIT_AND_RUN,TYPE_OF_COLLISION,ROAD_SURFACE,ROAD_COND_1,ROAD_COND_2,LIGHTING,CONTROL_DEVICE,CHP_ROAD_TYPE,MOTORCYCLE_ACCIDENT,ALCOHOL_INVOLVED,STWD_VEHTYPE_AT_FAULT,CHP_VEHTYPE_AT_FAULT,COUNT_SEVERE_INJ,COUNT_VISIBLE_INJ,COUNT_COMPLAINT_PAIN,COUNT_MC_KILLED,COUNT_MC_INJURED,LATITUDE,LONGITUDE,COUNTY,CITY,POINT_X,POINT_Y,IS_WEEKEND,TIME_OF_DAY,SEVERE_FATAL
2021,9645,2021-07-23,1846,5,2,N,A,-,Y,,,Y,2,0,3,2,A,-,03,22350.0,,N,C,A,H,-,A,D,0,Y,,C,02,1,0,2,0,1,32.75825881958008,-117.21499633789062,SAN DIEGO,SAN DIEGO,-117.21498107910156,32.75818634033203,0,Evening,1
2021,9650,2021-08-01,1547,7,2,N,A,-,Y,,,Y,3,0,1,2,A,-,03,22350.0,,N,C,A,H,-,A,D,0,Y,,C,02,0,1,0,0,1,33.148658752441406,-117.33422088623048,SAN DIEGO,CARLSBAD,-117.3342514038086,33.148643493652344,1,Midday,0
2021,9650,2021-08-01,1525,7,2,N,A,-,N,,,Y,3,0,1,1,A,-,03,22350.0,,N,F,A,H,-,A,A,0,Y,,C,02,0,1,0,0,1,33.26300048828125,-116.76981353759766,SAN DIEGO,UNINCORPORATED,-116.76422119140624,33.26032638549805,1,Midday,0
2021,9650,2021-07-17,1116,6,1,N,A,-,N,,,Y,3,0,1,2,A,-,05,21460.0,A,N,B,A,H,-,A,D,0,Y,,C,02,0,1,0,0,1,33.26559066772461,-116.7780532836914,SAN DIEGO,UNINCORPORATED,-116.77758026123048,33.26490020751953,1,Midday,0
2021,9650,2021-07-30,1630,5,2,N,A,-,Y,,,Y,3,0,1,1,A,-,03,22350.0,,N,F,A,H,-,A,D,0,Y,,C,02,0,1,0,0,1,33.17219161987305,-117.22447204589844,SAN DIEGO,VISTA,-117.22441864013672,33.17223358154297,0,Evening,0
2021,9645,2021-07-27,1320,2,1,N,A,-,Y,,,Y,3,0,1,2,A,-,07,21658.0,A,N,C,A,H,-,A,D,0,Y,,A,07,0,1,0,0,1,,,SAN DIEGO,CHULA VISTA,-117.08921813964844,32.59917068481445,0,Midday,0
2021,9645,2021-07-20,520,2,3,N,A,-,Y,,,Y,3,0,1,3,A,-,03,22350.0,,N,F,A,H,-,C,D,0,Y,,C,02,0,1,0,0,1,,,SAN DIEGO,SAN DIEGO,-117.11017608642578,32.71831130981445,0,Morning,0
2021,9650,2021-07-31,1745,6,2,N,A,-,N,,,Y,3,0,1,1,A,-,08,22107.0,,N,F,A,H,-,A,D,0,Y,,C,02,0,1,0,0,1,33.41215896606445,-117.0844497680664,SAN DIEGO,UNINCORPORATED,-117.08340454101562,33.41794967651367,1,Evening,0
2021,9645,2021-07-24,215,6,3,N,A,-,Y,,,Y,2,0,1,2,A,-,08,22107.0,,N,B,A,H,-,D,D,0,Y,,C,02,1,0,0,0,1,32.70391845703125,-117.14742279052734,SAN DIEGO,SAN DIEGO,-117.14700317382812,32.70427703857422,1,Night,1
2021,9650,2021-07-29,1540,4,2,Y,B,-,Y,,,Y,4,0,1,2,A,-,03,22350.0,,N,C,A,H,-,A,A,0,Y,,C,02,0,0,1,0,1,32.989540100097656,-117.19647979736328,SAN DIEGO,UNINCORPORATED,-117.1965789794922,32.98958969116211,0,Midday,0
2021,9645,2021-07-27,2108,2,2,N,A,-,Y,,,Y,2,0,1,2,A,-,03,22350.0,,F,C,A,H,-,D,D,0,Y,,C,02,1,0,0,0,1,32.57286834716797,-117.03972625732422,SAN DIEGO,CHULA VISTA,-117.04038238525392,32.56964874267578,0,Night,1
2021,9650,2021-07-31,215,6,3,N,A,-,N,,,Y,2,0,1,1,A,-,08,22107.0,,N,F,A,H,-,D,D,0,Y,,C,02,1,0,0,0,1,33.23054122924805,-117.03588104248048,SAN DIEGO,UNINCORPORATED,-117.03670501708984,33.229835510253906,1,Night,1
2021,9650,2021-07-31,140,6,3,N,A,-,Y,,,N,2,0,1,1,A,-,01,23152.0,A,N,F,A,H,-,D,D,0,Y,Y,C,02,1,0,0,0,1,33.1308708190918,-117.09282684326172,SAN DIEGO,ESCONDIDO,-117.09281158447266,33.130821228027344,1,Night,1
2021,9645,2021-07-20,2145,2,2,N,A,-,Y,,,Y,3,0,1,1,A,-,08,22107.0,,N,F,A,H,-,C,D,0,Y,,C,02,0,1,0,0,1,,,SAN DIEGO,SAN DIEGO,-117.09649658203124,32.706756591796875,0,Night,0
2021,9645,2021-06-11,1500,5,2,N,A,-,Y,,,Y,4,0,1,2,A,-,03,22350.0,,N,C,A,H,-,A,D,0,Y,,C,02,0,0,1,0,1,32.85121154785156,-117.23375701904295,SAN DIEGO,SAN DIEGO,-117.23407745361328,32.85143280029297,0,Midday,0
2021,9680,2021-07-28,805,3,1,N,A,-,Y,,,N,3,0,1,2,A,-,07,21658.0,A,F,F,A,H,-,A,D,0,Y,,-,99,0,1,0,0,1,32.75104141235352,-117.01423645019533,SAN DIEGO,UNINCORPORATED,-117.01422119140624,32.751014709472656,0,Morning,0
2021,9645,2021-07-29,742,4,1,N,A,-,Y,,,Y,3,0,1,2,D,-,00,,,N,B,A,H,-,A,D,0,Y,,-,- ,0,1,0,0,1,37.713340759277344,-117.13311004638672,SAN DIEGO,SAN DIEGO,-117.13345336914062,32.71332931518555,0,Morning,0
2021,9645,2021-08-01,1030,7,1,N,A,-,N,,,N,3,0,1,1,A,-,08,22107.0,,N,F,A,H,-,A,D,0,Y,,C,02,0,1,0,0,1,32.635189056396484,-117.9115982055664,SAN DIEGO,SAN DIEGO,-116.91180419921876,32.63518142700195,1,Morning,0
2021,9650,2021-08-01,1100,7,1,N,A,-,N,,,Y,2,0,1,1,A,-,03,22350.0,,N,F,A,H,-,A,D,0,Y,,C,02,1,0,0,0,1,33.29801940917969,-116.83738708496094,SAN DIEGO,UNINCORPORATED,-116.83776092529295,33.297828674316406,1,Midday,1
2021,9680,2021-08-01,1505,7,2,Y,A,-,Y,,,Y,2,0,1,2,A,-,09,21801.0,A,N,D,A,H,-,A,D,0,Y,,A,07,1,0,0,0,1,33.03936004638672,-116.873291015625,SAN DIEGO,UNINCORPORATED,-116.8733139038086,33.03940200805664,1,Midday,1
2021,9680,2021-08-03,1220,2,1,N,A,-,N,,,N,4,0,1,2,A,-,05,21460.0,A,F,B,A,H,-,A,D,0,Y,,O,05,0,0,1,0,0,32.709320068359375,-117.0107879638672,SAN DIEGO,UNINCORPORATED,-117.01078033447266,32.70924758911133,0,Midday,0
2021,9645,2021-08-10,1620,2,2,N,A,-,Y,,,N,2,0,1,2,A,-,03,22350.0,,N,B,A,H,-,A,D,0,Y,,C,02,1,0,0,0,1,32.814788818359375,-117.15840911865234,SAN DIEGO,SAN DIEGO,-117.15846252441406,32.81475067138672,0,Evening,1
2021,9645,2021-07-19,1825,1,2,N,A,-,Y,R,,N,3,0,1,3,A,-,03,22350.0,,N,C,A,H,-,A,A,0,Y,,A,07,0,1,0,0,1,32.58390045166016,-117.03800201416016,SAN DIEGO,SAN DIEGO,-117.03800201416016,32.58390045166016,0,Evening,0
2021,9680,2021-08-03,2345,2,3,N,A,-,N,,,Y,2,0,1,2,A,-,07,21658.0,A,F,C,A,H,-,C,D,0,Y,,-,99,1,0,0,0,1,32.69718170166016,-117.01991271972656,SAN DIEGO,UNINCORPORATED,-117.01970672607422,32.69717025756836,0,Night,1
2021,9650,2021-08-05,1320,4,1,N,A,-,N,,,Y,2,0,1,1,A,-,08,22107.0,,F,F,A,H,-,A,D,0,Y,Y,C,02,1,0,0,0,1,33.252559661865234,-117.18440246582033,SAN DIEGO,UNINCORPORATED,-117.18465423583984,33.25251007080078,0,Midday,1
2021,9680,2021-05-30,1255,7,1,N,A,-,N,,,Y,2,0,1,2,A,-,05,21460.0,A,N,B,A,H,-,A,D,0,Y,,C,02,1,0,0,0,1,32.75138854980469,-116.67108917236328,SAN DIEGO,UNINCORPORATED,-116.6710205078125,32.75151062011719,1,Midday,1
2021,9645,2021-08-13,630,5,1,N,A,-,Y,,,Y,3,0,1,1,A,-,03,22350.0,,N,E,A,H,-,A,D,0,Y,,C,02,0,1,0,0,1,32.69234085083008,-117.12145233154295,SAN DIEGO,SAN DIEGO,-117.12132263183594,32.69252014160156,0,Morning,0
2021,9645,2021-07-03,1440,6,2,N,A,-,N,,,Y,3,0,1,1,A,-,03,22350.0,,N,E,A,H,-,A,D,0,Y,,C,02,0,1,0,0,1,32.635711669921875,-116.92215728759766,SAN DIEGO,UNINCORPORATED,-116.8700714111328,32.644065856933594,1,Midday,0
2021,9680,2021-08-05,2315,4,3,N,A,-,Y,,,Y,3,0,1,2,A,-,01,23152.0,A,N,B,A,H,-,D,D,0,Y,Y,C,02,0,1,0,0,1,32.77128982543945,-117.02487182617188,SAN DIEGO,LA MESA,-117.02493286132812,32.771080017089844,0,Night,0
2021,9645,2021-07-16,1443,5,2,N,A,-,Y,,,Y,2,0,1,2,A,-,08,22107.0,,F,B,A,H,-,A,D,0,Y,,C,02,1,0,0,0,1,32.69540023803711,-117.09480285644533,SAN DIEGO,SAN DIEGO,-117.0950164794922,32.695396423339844,0,Midday,1
2021,9680,2021-06-20,1035,7,1,N,A,-,Y,,,N,2,0,1,1,A,-,03,22350.0,,N,E,A,H,-,A,D,0,Y,,C,02,1,0,0,0,1,32.85408020019531,-116.85659027099608,SAN DIEGO,UNINCORPORATED,-116.85659027099608,32.854106903076165,1,Morning,1
2021,9680,2021-08-07,2230,6,3,N,A,-,Y,,,Y,2,0,1,1,A,-,08,22107.0,,N,F,A,H,-,D,A,0,Y,,C,02,1,0,0,0,1,33.0985107421875,-116.66436004638672,SAN DIEGO,UNINCORPORATED,-116.66436004638672,33.09851837158203,1,Night,1
2021,9680,2021-08-08,1130,7,1,Y,A,-,N,,,Y,4,0,1,1,A,-,08,22107.0,,N,F,A,H,-,A,D,0,Y,,C,02,0,0,1,0,1,33.0624885559082,-116.97988891601562,SAN DIEGO,UNINCORPORATED,-116.97989654541016,33.0624885559082,1,Midday,0
2021,9650,2021-08-09,1500,1,2,N,A,-,Y,,,Y,3,0,1,3,A,-,03,22350.0,,N,C,A,H,-,A,D,0,Y,,C,02,0,1,0,0,1,33.134788513183594,-117.32937622070312,SAN DIEGO,CARLSBAD,-117.32936096191406,33.13479995727539,0,Midday,0
2021,9645,2021-07-29,1535,4,2,N,A,-,Y,,,Y,3,0,1,2,A,-,03,22350.0,,N,C,A,H,-,A,D,0,Y,,C,02,0,1,0,0,1,32.76726150512695,-117.14704132080078,SAN DIEGO,SAN DIEGO,-117.14701080322266,32.767189025878906,0,Midday,0
2021,9680,2021-05-31,1015,1,1,N,A,-,N,,,N,3,0,2,2,A,-,03,22350.0,,N,D,A,H,-,A,D,0,Y,,C,02,0,2,0,0,2,33.066368103027344,-117.01251220703124,SAN DIEGO,UNINCORPORATED,-117.01252746582033,33.066349029541016,0,Morning,0
2021,9645,2021-08-06,1745,5,2,N,A,-,Y,,,Y,3,0,1,1,A,-,03,22350.0,,N,F,A,H,-,A,D,0,Y,,C,02,0,1,0,0,1,32.74475860595703,-117.11959075927734,SAN DIEGO,SAN DIEGO,-117.11952209472656,32.74481964111328,0,Evening,0
2021,9645,2021-08-18,1619,3,2,N,A,-,Y,,,Y,3,0,1,2,A,-,07,21658.0,A,F,B,A,H,-,A,D,0,Y,,-,99,0,1,0,0,1,32.65476989746094,-117.07151794433594,SAN DIEGO,SAN DIEGO,-117.0745086669922,32.658180236816406,0,Evening,0
2021,9680,2021-08-12,500,4,3,N,A,-,Y,,,Y,3,0,1,3,A,-,01,23152.0,A,N,C,A,H,-,B,D,0,Y,Y,D,22,0,1,0,0,1,32.765968322753906,-116.92797088623048,SAN DIEGO,UNINCORPORATED,-116.92790222167967,32.765968322753906,0,Morning,0
2021,9645,2021-08-25,735,3,1,N,A,-,Y,,,N,2,0,1,2,A,-,07,21658.0,A,N,B,A,H,-,A,D,0,Y,,A,01,1,0,0,0,1,32.789161682128906,-117.1134796142578,SAN DIEGO,SAN DIEGO,-117.113525390625,32.789180755615234,0,Morning,1
2021,9680,2021-06-06,1010,7,1,N,A,-,N,,,Y,3,0,1,1,A,-,03,22350.0,,N,F,A,H,-,A,D,0,Y,,C,02,0,1,0,0,1,32.68399810791016,-116.75422668457033,SAN DIEGO,UNINCORPORATED,-116.7541275024414,32.6839485168457,1,Morning,0
2021,9680,2021-06-27,1312,7,1,N,A,-,Y,,,Y,3,0,1,1,A,-,08,22107.0,,N,F,A,H,-,A,A,0,Y,,C,02,0,1,0,0,1,33.01103973388672,-116.56111907958984,SAN DIEGO,UNINCORPORATED,-116.56116485595705,33.01104736328125,1,Midday,0
2021,9680,2021-08-16,905,1,1,N,A,-,Y,,,Y,3,0,1,1,A,-,03,22350.0,,N,F,A,H,-,A,D,0,Y,,C,02,0,1,0,0,1,32.915740966796875,-116.57141876220705,SAN DIEGO,UNINCORPORATED,-116.57147979736328,32.91573715209961,0,Morning,0
2021,9645,2021-08-25,1720,3,2,N,A,-,Y,,,N,3,0,1,1,A,-,08,22107.0,,N,F,A,H,-,A,D,0,Y,,C,02,0,1,0,0,1,32.71297073364258,-117.1371612548828,SAN DIEGO,SAN DIEGO,-117.1371612548828,32.71305465698242,0,Evening,0
2021,9680,2021-08-16,1120,1,1,Y,A,-,N,,,Y,3,0,1,2,A,-,12,22450.0,A,N,D,A,H,-,A,A,0,Y,,C,06,0,1,0,0,1,32.83829116821289,-116.53768920898438,SAN DIEGO,UNINCORPORATED,-116.53766,32.83825,0,Midday,0
2021,9680,2021-06-27,1058,7,1,N,A,-,N,,,Y,3,0,1,2,A,-,03,22350.0,,N,C,A,H,-,A,D,0,Y,,C,02,0,1,0,0,1,33.03535842895508,-116.56330108642578,SAN DIEGO,UNINCORPORATED,-116.56331634521484,33.03538513183594,1,Morning,0
2021,9650,2021-08-21,1139,6,1,N,B,C,N,,,Y,3,0,1,1,A,-,08,22107.0,,N,F,B,H,-,A,D,0,Y,,C,02,0,1,0,0,1,33.352481842041016,-117.1126708984375,SAN DIEGO,UNINCORPORATED,-117.11271667480467,33.35245513916016,1,Midday,0
2021,9680,2021-08-23,910,1,1,Y,A,-,N,,,N,3,0,1,2,A,-,09,21802.0,A,N,D,A,H,-,A,A,0,Y,,A,07,0,1,0,0,1,32.74198913574219,-117.00492095947266,SAN DIEGO,UNINCORPORATED,-117.00495910644533,32.74196243286133,0,Morning,0
2021,9650,2021-08-21,1830,6,2,N,A,-,Y,,,Y,4,0,1,1,A,-,08,22107.0,,N,F,A,H,-,A,D,0,Y,,C,02,0,0,1,0,1,33.327980041503906,-117.16245269775392,SAN DIEGO,UNINCORPORATED,-117.16259765625,33.32814025878906,1,Evening,0
2021,9645,2021-09-01,817,3,1,N,B,-,Y,,,N,2,0,2,1,A,-,08,22107.0,,N,F,A,H,-,A,D,0,Y,,C,02,1,1,0,0,2,32.55636978149414,-117.94026947021484,SAN DIEGO,SAN DIEGO,-116.94024658203124,32.55614471435547,0,Morning,1
2021,9680,2021-08-24,737,2,1,N,A,-,Y,,,Y,3,0,1,2,D,-,00,,,N,C,A,H,-,A,D,0,Y,,-,- ,0,1,0,0,1,32.74470138549805,-116.9826202392578,SAN DIEGO,UNINCORPORATED,-116.9826202392578,32.74470520019531,0,Morning,0
2021,9680,2021-08-24,810,2,1,N,A,-,N,,,N,3,0,1,2,A,-,07,21658.0,A,N,D,A,H,-,A,D,0,Y,,A,01,0,1,0,0,1,32.73738098144531,-116.97196197509766,SAN DIEGO,UNINCORPORATED,-116.9719009399414,32.73734664916992,0,Morning,0
2021,9650,2021-08-30,1235,1,1,N,A,-,Y,,,Y,3,0,2,2,A,-,09,21804.0,A,N,D,A,H,-,A,D,0,Y,,A,01,0,2,0,0,2,33.23971176147461,-117.77336883544922,SAN DIEGO,UNINCORPORATED,-116.7738037109375,33.239990234375,0,Midday,0
2021,9645,2021-09-01,1640,3,2,N,A,-,Y,,,Y,3,0,2,2,A,-,07,21658.0,A,N,B,A,H,-,A,D,0,Y,,A,07,0,2,0,0,2,32.82783889770508,-117.16618347167967,SAN DIEGO,SAN DIEGO,-117.16624450683594,32.82780075073242,0,Evening,0
2021,9680,2021-08-25,2005,3,2,N,A,-,N,,,Y,2,0,1,2,A,-,09,21802.0,A,N,B,A,H,-,C,A,0,Y,,A,07,1,0,0,0,1,33.044559478759766,-116.85472869873048,SAN DIEGO,UNINCORPORATED,-116.85482788085938,33.044647216796875,0,Night,1
2021,9645,2021-08-25,2158,3,2,N,A,-,Y,,,Y,2,0,2,2,A,-,03,22350.0,,N,C,A,H,-,C,D,0,Y,,C,02,1,1,0,0,2,32.66429901123047,-117.05779266357422,SAN DIEGO,SAN DIEGO,-117.05780029296876,32.664363861083984,0,Night,1
2021,9645,2021-08-26,620,4,1,N,A,-,Y,,,N,4,0,1,2,A,-,03,22350.0,,N,C,A,H,-,A,D,0,Y,,C,02,0,0,1,0,1,32.60404968261719,-117.0897979736328,SAN DIEGO,SAN DIEGO,-117.08983612060548,32.60404586791992,0,Morning,0
2021,9645,2021-08-27,1720,5,2,N,A,-,Y,,,N,4,0,1,2,A,-,07,21658.0,A,N,C,A,H,-,A,D,0,Y,,A,01,0,0,1,0,1,32.795509338378906,-117.149658203125,SAN DIEGO,SAN DIEGO,-117.1497802734375,32.79551696777344,0,Evening,0
2021,9645,2021-08-29,1200,7,1,N,A,-,Y,,,N,2,0,2,1,A,-,08,22107.0,,N,F,A,H,-,A,D,0,Y,,C,02,1,1,0,0,2,32.56394958496094,-117.95939636230467,SAN DIEGO,SAN DIEGO,-116.95822143554688,32.564048767089844,1,Midday,1
2021,9650,2021-08-22,1805,7,2,N,A,-,N,,,Y,2,0,1,1,A,-,08,22107.0,,N,F,A,H,-,A,D,0,Y,Y,C,02,1,0,0,0,1,33.33491897583008,-117.1899185180664,SAN DIEGO,UNINCORPORATED,-117.18987274169922,33.3341064453125,1,Evening,1
2021,9645,2021-08-30,548,1,3,N,B,-,Y,,,N,2,0,1,2,A,-,07,21658.0,A,F,B,A,H,-,C,D,0,Y,,-,99,1,0,0,0,1,32.58369064331055,-117.08750152587892,SAN DIEGO,SAN DIEGO,-117.08749389648438,32.58369064331055,0,Morning,1
2021,9650,2021-09-07,720,2,1,N,B,-,Y,,,N,3,0,1,2,A,-,03,22350.0,,N,C,A,D,-,A,D,0,Y,,C,02,0,1,0,0,1,33.010528564453125,-117.26625823974608,SAN DIEGO,ENCINITAS,-117.26571655273438,33.01115036010742,0,Morning,0
2021,9645,2021-08-18,515,3,3,N,A,-,Y,,,Y,2,0,1,5,A,-,08,22107.0,,N,E,A,H,-,C,D,0,Y,,A,01,1,0,0,0,1,32.71820831298828,-117.10868072509766,SAN DIEGO,SAN DIEGO,-117.10868072509766,32.71822738647461,0,Morning,1
2021,9645,2021-08-30,1845,1,2,N,B,-,Y,R,,N,2,0,1,2,A,-,07,21658.0,A,F,F,A,H,-,A,D,0,Y,,-,99,1,0,0,0,1,32.764400482177734,-117.20536041259766,SAN DIEGO,SAN DIEGO,-117.20536041259766,32.764400482177734,0,Evening,1
2021,9645,2021-09-01,1025,3,1,N,A,-,Y,,,Y,3,0,2,2,A,-,03,22350.0,,N,C,A,H,-,A,D,0,Y,,C,06,0,2,0,0,0,32.71331024169922,-117.14527130126952,SAN DIEGO,SAN DIEGO,-117.14525604248048,32.713409423828125,0,Morning,0
2021,9680,2021-08-28,1240,6,1,Y,A,-,Y,,,N,2,0,1,1,A,-,08,22107.0,,N,F,A,H,-,A,A,0,Y,,C,02,1,0,0,0,1,32.66804122924805,-116.823486328125,SAN DIEGO,UNINCORPORATED,-116.82344818115234,32.667964935302734,1,Midday,1
2021,9645,2021-09-07,615,2,1,N,B,-,Y,,,N,4,0,1,2,A,-,03,22350.0,,N,C,A,H,-,A,D,0,Y,,C,02,0,0,1,0,1,32.606571197509766,-117.03540802001952,SAN DIEGO,SAN DIEGO,-117.03620147705078,32.60820007324219,0,Morning,0
2021,9680,2021-08-29,1150,7,1,N,B,-,Y,,,Y,2,0,1,1,A,-,03,22350.0,,N,F,A,H,-,A,A,0,Y,,C,02,1,0,0,0,1,32.9647102355957,-116.57969665527344,SAN DIEGO,UNINCORPORATED,-116.57971954345705,32.964698791503906,1,Midday,1
2021,9680,2021-08-27,545,5,3,N,A,-,Y,,,Y,2,0,1,2,A,-,09,21453.0,C,N,A,A,H,-,B,A,0,Y,,D,22,1,0,0,0,1,32.74005126953125,-116.95175170898438,SAN DIEGO,UNINCORPORATED,-116.95177459716795,32.7400016784668,0,Morning,1
2021,9680,2021-08-17,612,2,1,N,B,-,Y,,,Y,4,0,1,2,A,-,03,22350.0,,N,C,A,H,-,A,D,0,Y,,C,02,0,0,1,0,1,32.71807861328125,-117.09262847900392,SAN DIEGO,SAN DIEGO,-117.09263610839844,32.71803283691406,0,Morning,0
2021,9680,2021-08-29,1225,7,1,N,A,-,Y,,,N,3,0,1,1,A,-,03,22350.0,,N,F,A,H,-,A,A,0,Y,,C,02,0,1,0,0,1,32.964569091796875,-116.57965850830078,SAN DIEGO,UNINCORPORATED,-116.57968902587892,32.964569091796875,1,Midday,0
2021,9650,2021-09-04,1645,6,2,N,A,-,Y,,,Y,3,0,1,1,A,-,03,22350.0,,N,F,A,H,-,A,D,0,Y,,C,02,0,1,0,0,1,33.30216979980469,-116.91374206542967,SAN DIEGO,UNINCORPORATED,-116.91368103027344,33.302127838134766,1,Evening,0
2021,9645,2021-09-09,600,4,1,N,A,-,Y,,,Y,2,0,3,4,A,-,03,22350.0,,N,C,A,H,-,D,D,0,Y,,D,22,1,0,2,0,1,32.759559631347656,-117.18211364746094,SAN DIEGO,SAN DIEGO,-117.18211364746094,32.75949478149414,0,Morning,1
2021,9645,2021-07-11,2200,7,3,N,A,-,Y,,,Y,2,0,2,3,C,-,18,,,N,C,A,C,-,D,D,0,Y,,-,- ,1,1,0,0,2,32.760440826416016,-117.19286346435548,SAN DIEGO,SAN DIEGO,-117.19287109375,32.7603759765625,1,Night,1
2021,9645,2021-09-10,1815,5,2,N,A,-,Y,,,Y,3,0,1,2,A,-,07,21658.0,A,N,B,A,H,-,A,D,0,Y,,A,01,0,1,0,0,1,32.767940521240234,-117.16236877441406,SAN DIEGO,SAN DIEGO,-117.16249084472656,32.76797103881836,0,Evening,0
2021,9680,2021-09-01,1320,3,1,N,A,-,N,,,Y,3,0,1,1,A,-,03,22350.0,,N,F,A,H,-,A,D,0,Y,,C,02,0,1,0,0,1,32.813350677490234,-116.95741271972656,SAN DIEGO,UNINCORPORATED,-116.95744323730467,32.81330490112305,0,Midday,0
2021,9680,2021-09-07,310,2,3,N,A,-,Y,,,Y,2,0,1,1,A,-,08,22107.0,,N,E,A,H,-,D,D,0,Y,,C,02,1,0,0,0,1,32.72195816040039,-116.8862762451172,SAN DIEGO,UNINCORPORATED,-116.88629150390624,32.72205352783203,0,Night,1
2021,9645,2021-09-03,1448,5,2,N,A,-,N,,,N,3,0,1,3,A,-,17,22517.0,,N,B,A,H,-,A,D,0,Y,,A,07,0,1,0,0,1,32.554901123046875,-116.92790222167967,SAN DIEGO,UNINCORPORATED,-116.92784118652344,32.55481719970703,0,Midday,0
2021,9645,2021-09-07,2051,2,2,N,A,-,Y,,,Y,3,0,1,2,A,-,03,22350.0,,N,C,A,H,-,D,D,0,Y,,A,01,0,1,0,0,1,32.65018844604492,-117.06643676757812,SAN DIEGO,CHULA VISTA,-117.0663604736328,32.65036392211914,0,Night,0
2021,9650,2021-08-25,1724,3,2,Y,A,-,N,,,Y,4,0,1,2,A,-,06,21750.0,,N,B,A,H,-,A,D,0,Y,,C,02,0,0,1,0,1,33.386558532714844,-117.25234985351562,SAN DIEGO,UNINCORPORATED,-117.25235748291016,33.38645553588867,0,Evening,0
2021,9650,2021-08-24,1610,2,2,N,A,-,Y,,,Y,3,0,1,2,A,-,03,22350.0,,N,C,A,H,-,A,D,0,Y,,C,02,0,1,0,0,1,33.185829162597656,-117.28370666503906,SAN DIEGO,OCEANSIDE,-117.28369140625,33.185791015625,0,Evening,0
2021,9680,2021-09-02,1440,4,2,N,A,-,Y,,,Y,2,0,1,2,A,-,07,21658.0,A,M,B,A,H,-,A,D,0,Y,,C,02,1,0,0,0,1,32.778900146484375,-117.00147247314452,SAN DIEGO,LA MESA,-117.00144958496094,32.77885055541992,0,Midday,1
2021,9650,2021-08-28,2255,6,3,Y,A,-,N,,,N,2,0,1,2,A,-,09,21802.0,A,N,D,A,H,-,C,A,0,Y,,D,22,1,0,0,0,1,33.38460922241211,-117.24591064453124,SAN DIEGO,UNINCORPORATED,-117.24594879150392,33.38457489013672,1,Night,1
2021,9645,2021-09-09,1450,4,2,N,A,-,Y,,,Y,3,0,1,3,A,-,07,21658.0,A,N,B,A,H,-,A,D,0,Y,,A,01,0,1,0,0,1,32.74538040161133,-117.10945892333984,SAN DIEGO,SAN DIEGO,-117.10946655273438,32.74538040161133,0,Midday,0
2021,9650,2021-09-06,1840,1,2,N,A,-,N,,,Y,3,0,1,1,A,-,08,22107.0,,N,E,A,H,-,A,D,0,Y,,C,02,0,1,0,0,1,33.2965202331543,-117.24295806884766,SAN DIEGO,UNINCORPORATED,-117.242891,33.296563,0,Evening,0
2021,9645,2021-09-10,28,5,3,N,A,-,Y,,,Y,3,0,1,1,A,-,01,23152.0,A,N,F,A,H,-,D,D,0,Y,Y,C,02,0,1,0,0,1,32.85152816772461,-117.04033660888672,SAN DIEGO,SAN DIEGO,-117.04033660888672,32.85152816772461,0,Night,0
2021,9645,2021-09-09,1615,4,2,N,A,-,Y,,,Y,3,0,1,2,A,-,07,21658.0,A,N,B,A,H,-,A,D,0,Y,,A,07,0,1,0,0,1,32.81658172607422,-117.15950775146484,SAN DIEGO,SAN DIEGO,-117.15963745117188,32.816505432128906,0,Evening,0
2021,9650,2021-09-02,1734,4,2,N,A,-,Y,,,N,3,0,1,3,A,-,03,22350.0,,N,C,A,H,-,A,D,0,Y,,C,02,0,1,0,0,1,33.39802932739258,-117.17135620117188,SAN DIEGO,UNINCORPORATED,-117.17127227783205,33.397979736328125,0,Evening,0
2021,9650,2021-09-09,825,4,1,N,A,-,N,,,Y,3,0,1,1,A,-,06,21755.0,A,N,F,A,H,-,A,D,0,Y,,C,02,0,1,0,0,1,33.12997055053711,-117.1997528076172,SAN DIEGO,UNINCORPORATED,-117.19976806640624,33.12997055053711,0,Morning,0
2021,9650,2021-09-14,734,2,1,Y,A,-,N,,,Y,4,0,1,2,A,-,06,21755.0,,N,D,A,H,-,A,D,0,Y,,C,02,0,0,1,0,1,33.38745880126953,-117.23748779296876,SAN DIEGO,UNINCORPORATED,-117.2375030517578,33.387481689453125,0,Morning,0