ACCIDENT_YEAR,JURIS,COLLISION_DATE,COLLISION_TIME,DAY_OF_WEEK,CHP_SHIFT,INTERSECTION,WEATHER_1,WEATHER_2,STATE_HWY_IND,LOCATION_TYPE,RAMP_INTERSECTION,TOW_AWAY,COLLISION_SEVERITY,NUMBER_KILLED,NUMBER_INJURED,PARTY_COUNT,PRIMARY_COLL_FACTOR,PCF_CODE_OF_VIOL,PCF_VIOL_CATEGORY,PCF_VIOLATION,PCF_VIOL_SUBSECTION,HIT_AND_RUN,TYPE_OF_COLLISION,ROAD_SURFACE,ROAD_COND_1,ROAD_COND_2,LIGHTING,CONTROL_DEVICE,CHP_ROAD_TYPE,MOTORCYCLE_ACCIDENT,ALCOHOL_INVOLVED,STWD_VEHTYPE_AT_FAULT,CHP_VEHTYPE_AT_FAULT,COUNT_SEVERE_INJ,COUNT_VISIBLE_INJ,COUNT_COMPLAINT_PAIN,COUNT_MC_KILLED,COUNT_MC_INJURED,LATITUDE,LONGITUDE,COUNTY,CITY,POINT_X,POINT_Y,IS_WEEKEND,TIME_OF_DAY,SEVERE_FATAL
2021,9680,2021-08-22,1527,7,2,N,A,-,Y,,,Y,1,1,0,2,A,-,01,23152.0,A,N,A,A,H,-,A,A,0,Y,Y,D,22,0,0,0,1,0,33.415969848632805,-116.82524871826172,SAN DIEGO,UNINCORPORATED,-116.8252410888672,33.416019439697266,1,Midday,1
2021,9645,2021-12-21,618,2,1,N,B,-,Y,,,Y,4,0,1,2,A,-,07,21658.0,A,N,B,A,H,-,C,D,0,Y,,A,01,0,0,1,0,1,32.588741302490234,-117.08744049072266,SAN DIEGO,SAN DIEGO,-117.08771514892578,32.58870315551758,0,Morning,0
2021,9645,2021-12-12,1652,7,2,N,A,-,Y,,,Y,3,0,1,2,A,-,08,22107.0,,N,B,A,H,-,C,D,0,Y,,A,01,0,1,0,0,1,32.674800872802734,-117.11009979248048,SAN DIEGO,NATIONAL CITY,-117.1099090576172,32.67472076416016,1,Evening,0
2021,9680,2021-12-12,940,7,1,N,A,-,Y,,,Y,4,0,1,1,A,-,03,22350.0,,N,F,A,H,-,A,A,0,Y,,C,02,0,0,1,0,1,32.603389739990234,-116.63397216796876,SAN DIEGO,UNINCORPORATED,-116.63386535644533,32.6034049987793,1,Morning,0
2021,9645,2021-12-08,1655,3,2,N,A,-,Y,,,Y,3,0,1,3,A,-,07,21658.0,A,F,B,A,H,-,A,D,0,Y,,A,07,0,1,0,0,1,32.778160095214844,-117.16285705566406,SAN DIEGO,SAN DIEGO,-117.16289520263672,32.77814865112305,0,Evening,0
2021,9645,2021-12-21,1600,2,2,N,A,-,Y,,,N,3,0,1,2,A,-,08,22107.0,,F,B,A,H,-,A,D,0,Y,,-,99,0,1,0,0,1,32.77878189086914,-117.13710021972656,SAN DIEGO,SAN DIEGO,-117.13715362548828,32.778743743896484,0,Evening,0
2021,9645,2021-12-13,1630,1,2,N,B,C,Y,,,Y,2,0,1,2,A,-,07,21658.0,A,N,B,A,H,-,B,D,0,Y,,A,01,1,0,0,0,1,34.52627182006836,-117.03603363037108,SAN DIEGO,SAN DIEGO,-117.03560638427734,32.54625701904297,0,Evening,1
2021,9680,2021-12-12,1455,7,2,N,A,-,Y,,,Y,2,0,1,3,A,-,03,22350.0,,N,C,A,H,-,A,D,0,Y,,C,02,1,0,0,0,1,32.80323028564453,-116.95214080810548,SAN DIEGO,EL CAJON,-116.95214080810548,32.803157806396484,1,Midday,1
2021,9645,2021-11-09,550,2,3,N,A,-,Y,,,Y,3,0,1,2,A,-,03,22350.0,,N,C,A,H,-,C,D,0,Y,,C,02,0,1,0,0,1,32.629878997802734,-117.09609985351562,SAN DIEGO,CHULA VISTA,-117.09603881835938,32.629905700683594,0,Morning,0
2021,9680,2021-12-11,1450,6,2,N,A,-,N,,,N,3,0,1,1,C,-,18,,,N,E,A,H,-,A,D,0,Y,,-,- ,0,1,0,0,1,33.05615997314453,-116.77588653564452,SAN DIEGO,UNINCORPORATED,-116.774237,33.056173,1,Midday,0
2021,9680,2021-12-12,1410,7,2,N,A,-,Y,,,N,2,0,2,1,A,-,08,22107.0,,N,F,A,H,-,A,A,0,Y,,C,02,1,1,0,0,2,33.049591064453125,-116.82044982910156,SAN DIEGO,UNINCORPORATED,-116.82038879394533,33.049537658691406,1,Midday,1
2021,9680,2021-12-13,1250,1,1,N,B,C,Y,,,Y,2,0,1,2,A,-,09,21804.0,A,N,D,B,H,-,A,D,0,Y,,D,22,1,0,0,0,1,33.009979248046875,-116.92758178710938,SAN DIEGO,UNINCORPORATED,-116.92760467529295,33.009910583496094,0,Midday,1
2021,9680,2021-12-15,1640,3,2,N,A,-,N,,,Y,4,0,1,2,A,-,09,21801.0,A,N,D,A,H,-,C,D,0,Y,,A,07,0,0,1,0,1,32.6976203918457,-117.01782989501952,SAN DIEGO,UNINCORPORATED,-117.01791381835938,32.697612762451165,0,Evening,0
2021,9680,2021-12-15,1825,3,2,Y,A,-,N,,,Y,4,0,1,2,A,-,09,21801.0,A,N,D,A,H,-,C,D,0,Y,,A,07,0,0,1,0,1,32.813350677490234,-116.94792175292967,SAN DIEGO,UNINCORPORATED,-116.94792175292967,32.81330871582031,0,Evening,0
2021,9650,2021-12-19,1050,7,1,N,A,-,N,,,N,3,0,1,2,A,-,09,21801.0,A,N,F,A,H,-,A,D,0,Y,,D,22,0,1,0,0,1,33.38745880126953,-117.23941802978516,SAN DIEGO,UNINCORPORATED,-117.23921966552734,33.387481689453125,1,Morning,0
2021,9645,2021-12-22,1300,3,1,N,B,-,Y,,,Y,3,0,1,1,A,-,08,22107.0,,N,F,A,H,-,A,D,0,Y,,C,02,0,1,0,0,1,32.72064971923828,-117.11711883544922,SAN DIEGO,SAN DIEGO,-117.11724090576172,32.72071838378906,0,Midday,0
2021,9645,2021-06-25,2317,5,3,N,A,-,Y,,,Y,1,1,0,2,A,-,01,23152.0,A,N,C,A,H,-,C,D,0,Y,Y,C,02,0,0,0,1,0,32.87882995605469,-117.10810089111328,SAN DIEGO,SAN DIEGO,-117.10836791992188,32.878761291503906,0,Night,1
2021,9680,2021-12-18,1250,6,1,N,A,-,Y,,,Y,3,0,1,1,A,-,03,22350.0,,N,E,A,H,-,A,D,0,Y,,C,02,0,1,0,0,1,33.08802032470703,-116.59232330322266,SAN DIEGO,UNINCORPORATED,-116.59232330322266,33.087993621826165,1,Midday,0
2021,9680,2021-12-18,1842,6,2,N,A,-,Y,,,N,3,0,1,1,C,-,18,,,N,F,D,H,-,D,D,0,Y,,-,- ,0,1,0,0,1,32.77180862426758,-117.02684020996094,SAN DIEGO,LA MESA,-117.0268325805664,32.771820068359375,1,Evening,0
2021,9680,2021-12-20,950,1,1,N,A,-,N,,,Y,2,0,1,1,A,-,03,22350.0,,N,F,A,H,-,A,D,0,Y,,C,02,1,0,0,0,1,32.843929290771484,-116.80220794677734,SAN DIEGO,UNINCORPORATED,-116.80404663085938,32.84479141235352,0,Morning,1
2021,9645,2021-12-18,230,6,3,N,A,-,Y,,,Y,3,0,1,1,A,-,08,22107.0,,N,F,A,H,-,D,D,0,Y,,C,02,0,1,0,0,1,32.75777053833008,-117.20340728759766,SAN DIEGO,SAN DIEGO,-117.2033920288086,32.757774353027344,1,Night,0
2021,9680,2021-12-21,1300,2,1,Y,A,-,N,,,Y,2,0,6,4,A,-,12,21453.0,A,N,D,A,H,-,A,A,0,Y,,D,22,2,0,4,0,2,32.85607147216797,-116.9311065673828,SAN DIEGO,UNINCORPORATED,-116.93114471435548,32.856056213378906,0,Midday,1
2021,9645,2021-12-20,1935,1,2,N,A,-,Y,,,Y,3,0,1,3,A,-,03,22350.0,,N,C,A,H,-,C,D,0,Y,,C,02,0,1,0,0,1,32.81658935546875,-117.11531829833984,SAN DIEGO,SAN DIEGO,-117.11541748046876,32.81657028198242,0,Evening,0
2021,9645,2021-12-28,645,2,1,N,B,C,Y,R,,N,3,0,1,1,A,-,03,22350.0,,N,F,B,H,-,A,D,0,Y,,C,02,0,1,0,0,1,32.7147102355957,-117.11805725097656,SAN DIEGO,SAN DIEGO,-117.11805725097656,32.7147102355957,0,Morning,0
2021,9645,2021-11-10,1435,3,2,N,A,-,Y,,,Y,4,0,1,2,A,-,03,22350.0,,N,C,A,H,-,A,B,0,Y,,A,01,0,0,1,0,1,32.98020935058594,-117.0849380493164,SAN DIEGO,SAN DIEGO,-117.08524322509766,32.98040771484375,0,Midday,0
2021,9645,2021-11-08,2200,1,3,N,A,-,Y,R,,N,3,0,1,1,A,-,03,22350.0,,N,F,A,H,-,C,D,0,Y,,C,02,0,1,0,0,1,32.71200180053711,-117.14600372314452,SAN DIEGO,SAN DIEGO,-117.14600372314452,32.71200180053711,0,Night,0
2021,9645,2021-11-13,1202,6,1,N,A,-,Y,R,,N,2,0,1,1,A,-,08,22107.0,,N,E,A,H,-,A,D,0,Y,,C,02,1,0,0,0,1,32.80279922485352,-117.15129089355467,SAN DIEGO,SAN DIEGO,-117.15129089355467,32.80279922485352,1,Midday,1
2021,9645,2021-11-11,1950,4,2,N,A,-,Y,,,Y,3,0,1,1,A,-,03,22350.0,,M,F,A,H,-,D,D,0,Y,,C,02,0,1,0,0,1,32.64234161376953,-117.05670166015624,SAN DIEGO,SAN DIEGO,-117.05706024169922,32.64298629760742,0,Evening,0
2021,9645,2021-12-05,1455,7,2,N,A,-,Y,,,N,3,0,1,2,A,-,07,21658.0,A,N,E,A,H,-,A,D,0,Y,,C,02,0,1,0,0,1,,,SAN DIEGO,SAN DIEGO,-117.13072967529295,32.77216720581055,1,Midday,0
2021,9645,2021-12-25,1520,6,2,N,B,-,Y,R,,N,3,0,1,1,A,-,03,22350.0,,N,F,B,H,-,A,D,0,Y,Y,C,02,0,1,0,0,1,32.78017044067383,-117.11238861083984,SAN DIEGO,SAN DIEGO,-117.11238861083984,32.78017044067383,1,Midday,0
2021,9680,2021-12-26,1800,7,2,N,A,-,Y,,,Y,3,0,1,2,A,-,03,22350.0,,N,C,A,H,-,C,D,0,Y,,A,01,0,1,0,0,1,32.747161865234375,-117.02501678466795,SAN DIEGO,LEMON GROVE,-117.0250244140625,32.74711608886719,1,Evening,0
2021,9645,2021-12-31,139,5,3,N,B,-,Y,,,Y,3,0,2,2,A,-,01,23152.0,A,N,C,A,H,-,D,D,0,Y,Y,A,01,0,2,0,0,1,32.81241989135742,-117.1564712524414,SAN DIEGO,SAN DIEGO,-117.15644073486328,32.81245040893555,0,Night,0
2021,9650,2021-12-11,1037,6,1,N,A,-,N,,,N,2,0,3,4,A,-,03,22350.0,,M,B,A,H,-,A,D,0,Y,,C,02,2,0,1,0,3,33.08306884765625,-117.18318939208984,SAN DIEGO,UNINCORPORATED,-117.18366241455078,33.083431243896484,1,Morning,1
2021,9680,2021-08-03,1002,2,1,N,A,-,N,,,N,2,0,1,1,A,-,08,22107.0,,N,F,A,H,-,A,A,0,Y,,C,02,1,0,0,0,1,32.74795150756836,-116.98661041259766,SAN DIEGO,UNINCORPORATED,-116.987060546875,32.747989654541016,0,Morning,1
2021,9645,2021-10-27,1545,3,2,N,A,-,Y,,,Y,3,0,1,2,A,-,06,21755.0,A,N,B,A,H,-,A,D,0,Y,,C,02,0,1,0,0,1,32.65243148803711,-117.06934356689452,SAN DIEGO,SAN DIEGO,-117.06390380859376,32.64921188354492,0,Midday,0
2021,9645,2021-11-24,1940,3,2,N,B,-,Y,,,Y,2,0,1,2,A,-,03,22350.0,,N,B,A,H,-,C,D,0,Y,,C,02,1,0,0,0,1,33.01274871826172,-117.0794677734375,SAN DIEGO,SAN DIEGO,-117.07968139648438,33.01277160644531,0,Evening,1
2021,9645,2021-09-25,2336,6,3,N,A,-,Y,,,Y,2,0,1,2,A,-,08,22107.0,,F,B,A,H,-,D,D,0,Y,,-,99,1,0,0,0,1,32.739158630371094,-117.17804718017578,SAN DIEGO,SAN DIEGO,-117.17820739746094,32.73902130126953,1,Night,1
2021,9645,2021-11-18,1845,4,2,N,A,-,Y,,,Y,2,0,1,2,A,-,03,22350.0,,N,C,A,H,-,D,D,0,Y,,C,02,1,0,0,0,1,32.851318359375,-117.03868865966795,SAN DIEGO,SAN DIEGO,-117.0386962890625,32.851272583007805,0,Evening,1
2021,9680,2021-09-05,2104,7,2,N,A,-,N,,,Y,2,0,1,1,A,-,01,23152.0,A,N,E,A,H,-,C,D,0,Y,Y,C,02,1,0,0,0,1,32.725521087646484,-116.96861267089844,SAN DIEGO,UNINCORPORATED,-116.96869659423828,32.72560119628906,1,Night,1
2021,9680,2021-12-29,1232,3,1,N,A,-,Y,,,Y,1,1,0,2,A,-,09,21804.0,A,N,D,A,H,-,A,D,0,Y,,C,02,0,0,0,1,0,33.145950317382805,-116.13873291015624,SAN DIEGO,UNINCORPORATED,-116.13871002197266,33.14601135253906,0,Midday,1
2021,9645,2021-10-03,201,7,3,N,A,-,Y,,,Y,1,1,0,3,A,-,03,22350.0,,N,C,A,H,-,C,D,0,Y,,C,02,0,0,0,1,0,32.67919921875,-117.08586883544922,SAN DIEGO,NATIONAL CITY,-117.08585357666016,32.67920684814453,1,Night,1
2021,9680,2021-12-04,1105,6,1,N,A,-,N,,,Y,3,0,1,1,A,-,08,22107.0,,N,E,A,H,-,A,A,0,Y,,C,02,0,1,0,0,1,33.2100715637207,-116.47939300537108,SAN DIEGO,UNINCORPORATED,-116.4909896850586,33.2105712890625,1,Midday,0
2021,9680,2021-12-05,1200,7,1,N,A,-,N,,,Y,3,0,1,1,A,-,08,22107.0,,N,F,A,H,-,A,D,0,Y,,C,02,0,1,0,0,1,32.74256134033203,-116.91578674316406,SAN DIEGO,UNINCORPORATED,-116.91568756103516,32.74241256713867,1,Midday,0
2021,9680,2021-12-06,1858,1,2,N,A,-,Y,,,Y,3,0,1,2,A,-,07,21658.0,A,N,C,A,H,-,D,D,0,Y,,A,01,0,1,0,0,1,32.772518157958984,-117.04083251953124,SAN DIEGO,LA MESA,-117.04082489013672,32.7724723815918,0,Evening,0
2021,9645,2021-06-10,924,4,1,N,A,-,N,,,Y,1,1,0,2,A,-,09,21801.0,A,N,D,A,D,-,A,D,0,Y,,G,25,0,0,0,1,0,32.56739044189453,-116.92398834228516,SAN DIEGO,UNINCORPORATED,-116.92292785644533,32.5673828125,0,Morning,1
2021,9645,2021-12-10,1834,5,2,N,B,-,Y,R,,N,3,0,2,2,A,-,07,21658.0,A,F,B,A,H,-,D,D,0,Y,,-,99,0,1,1,0,2,32.76029968261719,-117.19872283935548,SAN DIEGO,SAN DIEGO,-117.19872283935548,32.76029968261719,0,Evening,0
2021,9645,2021-05-27,1810,4,2,N,A,-,Y,,,N,4,0,1,2,A,-,07,21658.0,A,F,F,A,H,-,A,D,0,Y,,A,01,0,0,1,0,1,32.930641174316406,-117.24015045166016,SAN DIEGO,SAN DIEGO,-117.24115753173828,32.93096923828125,0,Evening,0
2021,9645,2021-12-02,2303,4,3,N,B,C,Y,,,Y,2,0,1,2,A,-,05,21651.0,B,F,B,A,H,-,C,D,0,Y,,A,01,1,0,0,0,1,32.54486083984375,-117.03324127197266,SAN DIEGO,SAN DIEGO,-117.03331756591795,32.54474258422852,0,Night,1
2021,3711,2021-01-06,1215,3,5,Y,A,-,N,,,N,4,0,1,1,A,-,03,22350.0,,N,H,A,G,-,A,D,0,Y,,C,02,0,0,1,0,1,,,SAN DIEGO,SAN DIEGO,-117.08407592773438,32.54360580444336,0,Midday,0
2021,3711,2021-01-04,845,1,5,Y,A,-,N,,,N,3,0,1,2,A,-,09,21803.0,A,N,B,A,H,-,A,D,0,Y,,A,01,0,1,0,0,1,,,SAN DIEGO,SAN DIEGO,-117.12396240234376,32.74102020263672,0,Morning,0
2021,3711,2021-01-06,1523,3,5,N,A,-,N,,,N,4,0,1,2,A,-,03,22350.0,,N,C,A,H,-,A,A,0,Y,,C,03,0,0,1,0,0,,,SAN DIEGO,SAN DIEGO,-117.14336395263672,32.75519561767578,0,Midday,0
2021,3711,2021-01-09,1614,6,5,Y,A,-,N,,,N,4,0,1,1,A,-,03,22350.0,,N,H,A,H,-,A,D,0,Y,,C,02,0,0,1,0,1,,,SAN DIEGO,SAN DIEGO,-117.08272552490234,32.83914566040039,1,Evening,0
2021,3711,2021-01-07,1810,4,5,N,A,-,N,,,N,3,0,1,1,A,-,08,22107.0,,N,E,A,H,-,C,D,0,Y,,C,02,0,1,0,0,1,,,SAN DIEGO,SAN DIEGO,-117.24544525146484,32.860538482666016,0,Evening,0
2021,3711,2021-01-07,1830,4,5,N,A,-,N,,,Y,3,0,2,2,A,-,09,21801.0,A,N,B,A,H,-,C,A,0,Y,,A,01,0,1,1,0,1,,,SAN DIEGO,SAN DIEGO,-117.12742614746094,32.706417083740234,0,Evening,0
2021,3711,2021-02-02,540,2,5,N,B,-,N,,,Y,1,1,0,2,A,-,11,21950.0,B,N,G,A,H,-,C,A,0,Y,,N,60,0,0,0,0,0,,,SAN DIEGO,SAN DIEGO,-117.136407,32.691398,0,Morning,1
2021,3711,2021-01-07,1315,4,5,N,A,-,N,,,Y,1,1,0,2,A,-,03,22350.0,,N,E,A,H,-,A,D,0,Y,,C,02,0,0,0,1,0,,,SAN DIEGO,SAN DIEGO,-117.26255035400392,32.84894943237305,0,Midday,1
2021,3711,2021-01-15,1500,5,5,Y,A,-,N,,,N,3,0,1,1,C,-,18,,,N,H,A,H,-,A,A,0,Y,,-,- ,0,1,0,0,1,,,SAN DIEGO,SAN DIEGO,-117.20088958740234,32.805694580078125,0,Midday,0
2021,3711,2021-01-12,1335,2,5,Y,A,-,N,,,N,4,0,1,2,A,-,04,21703.0,,N,C,A,H,-,A,A,0,Y,,A,01,0,0,1,0,1,,,SAN DIEGO,SAN DIEGO,-117.13886260986328,32.760990142822266,0,Midday,0
2021,3711,2021-01-11,1536,1,5,Y,A,-,N,,,N,3,0,1,1,A,-,03,22350.0,,N,H,A,G,-,A,D,0,Y,,C,02,0,1,0,0,1,,,SAN DIEGO,SAN DIEGO,-117.11140441894533,32.6827278137207,0,Midday,0
2021,3710,2021-01-08,805,5,5,Y,A,-,N,,,Y,4,0,1,2,A,-,09,21800.0,B,N,A,A,D,-,A,A,0,Y,,A,07,0,0,1,0,1,,,SAN DIEGO,OCEANSIDE,-117.32264709472656,33.24536895751953,0,Morning,0
2021,3710,2021-01-14,834,4,5,N,A,-,Y,H,-,Y,4,0,1,2,A,-,03,22350.0,,N,C,A,H,-,A,A,0,Y,,C,02,0,0,1,0,1,,,SAN DIEGO,OCEANSIDE,-117.30825042724608,33.23263168334961,0,Morning,0
2021,3711,2021-01-24,1348,7,5,Y,A,-,N,,,N,4,0,1,1,A,-,03,22350.0,,N,E,A,H,-,A,A,0,Y,,C,02,0,0,1,0,1,,,SAN DIEGO,SAN DIEGO,-117.20177459716795,32.87098693847656,1,Midday,0
2021,3705,2021-02-08,1118,1,5,N,A,-,N,,,N,4,0,1,2,A,-,09,21802.0,A,N,D,A,H,-,A,A,0,Y,,D,22,0,0,1,0,1,,,SAN DIEGO,EL CAJON,-116.96233367919922,32.78497695922852,0,Midday,0
2021,3711,2021-01-30,1550,6,5,N,A,-,N,,,N,2,0,1,2,A,-,04,21703.0,,N,D,A,H,-,A,D,0,Y,,C,02,1,0,0,0,1,,,SAN DIEGO,SAN DIEGO,-117.05269622802734,32.780303955078125,1,Midday,1
2021,3711,2021-01-04,1234,1,5,Y,A,-,N,,,N,4,0,1,1,-,-,- ,,,N,H,A,H,-,A,A,0,Y,,C,02,0,0,1,0,1,,,SAN DIEGO,SAN DIEGO,-117.05806732177734,32.70130920410156,0,Midday,0
2021,3711,2021-02-08,1321,1,5,N,A,-,N,,,N,3,0,1,2,C,-,18,,,N,G,A,H,-,C,A,0,Y,,-,- ,0,1,0,0,0,,,SAN DIEGO,SAN DIEGO,-117.16387939453124,32.72322463989258,0,Midday,0
2021,3711,2021-02-06,705,6,5,Y,A,-,N,,,N,3,0,2,2,A,-,11,21954.0,A,N,G,A,H,-,A,A,0,Y,,L,04,0,1,1,0,1,,,SAN DIEGO,SAN DIEGO,-117.205078125,32.754249572753906,1,Morning,0
2021,3711,2021-02-06,1731,6,5,N,A,-,N,,,N,4,0,1,1,B,-,22,,,N,H,A,H,-,B,D,0,Y,,C,02,0,0,1,0,1,,,SAN DIEGO,SAN DIEGO,-117.09796905517578,32.70414733886719,1,Evening,0
2021,3709,2021-02-12,1444,5,5,Y,A,-,N,,,N,4,0,1,2,A,-,09,21804.0,A,N,D,A,H,-,A,D,0,Y,,F,27,0,0,1,0,1,,,SAN DIEGO,NATIONAL CITY,-117.11083984375,32.6594352722168,0,Midday,0
2021,3710,2021-02-21,1805,7,5,Y,A,-,Y,R,4,Y,3,0,1,2,A,-,08,22100.0,5,N,D,A,H,-,D,A,0,Y,,A,01,0,1,0,0,1,,,SAN DIEGO,OCEANSIDE,-117.382568359375,33.20446014404297,1,Evening,0
2021,3705,2021-01-27,1639,3,5,N,A,-,N,,,N,2,0,1,1,A,-,03,22350.0,,N,H,A,B,-,A,D,0,Y,,C,02,1,0,0,0,1,,,SAN DIEGO,EL CAJON,-116.9096908569336,32.799583435058594,0,Evening,1
2021,3711,2021-02-28,1352,7,5,Y,A,-,N,,,N,3,0,1,2,A,-,17,21663.0,,N,D,A,H,-,A,D,0,Y,,C,03,0,1,0,0,1,,,SAN DIEGO,SAN DIEGO,-117.2051010131836,32.85655975341797,1,Midday,0
2021,3710,2021-02-27,931,6,5,N,A,-,Y,H,-,Y,2,0,1,2,A,-,08,22107.0,,N,C,A,H,-,A,A,0,Y,,C,02,1,0,0,0,1,,,SAN DIEGO,OCEANSIDE,-117.35680389404295,33.214996337890625,1,Morning,1
2021,3710,2021-03-07,1130,7,5,N,B,-,Y,H,-,Y,3,0,1,1,A,-,03,22350.0,,N,H,-,H,-,A,A,0,Y,,C,02,0,1,0,0,1,,,SAN DIEGO,OCEANSIDE,-117.27528381347656,33.248291015625,1,Midday,0
2021,3710,2021-02-02,1540,2,5,N,A,-,Y,H,-,Y,3,0,1,2,A,-,07,21658.0,A,F,B,-,H,-,A,D,0,Y,,A,01,0,1,0,0,1,,,SAN DIEGO,OCEANSIDE,-117.3102798461914,33.23183822631836,0,Midday,0
2021,3702,2021-01-09,1450,6,5,N,A,-,N,,,Y,3,0,1,1,A,-,03,22350.0,,N,H,A,H,-,A,D,0,Y,,C,02,0,1,0,0,1,,,SAN DIEGO,CHULA VISTA,-116.9924087524414,32.621559143066406,1,Midday,0
2021,3711,2021-01-18,2153,1,5,Y,-,-,N,,,N,4,0,1,3,A,-,- ,,,N,-,A,-,-,C,A,0,Y,,C,06,0,0,1,0,1,,,SAN DIEGO,SAN DIEGO,-117.23729705810548,32.75412368774414,0,Night,0
2021,3711,2021-01-17,1528,7,5,N,A,-,N,,,N,2,0,1,1,A,-,17,21235.0,G,N,E,A,H,-,A,D,0,Y,Y,C,03,1,0,0,0,1,,,SAN DIEGO,SAN DIEGO,-117.2476806640625,32.748653411865234,1,Midday,1
2021,3711,2021-01-19,559,2,5,N,A,-,N,,,N,4,0,1,2,D,-,00,,,N,D,A,H,-,A,D,0,Y,,-,- ,0,0,1,0,1,,,SAN DIEGO,SAN DIEGO,-117.24893951416016,32.80699920654297,0,Morning,0
2021,3700,2021-01-14,842,4,5,N,A,-,N,,,Y,4,0,1,2,A,-,21,22106.0,,N,C,A,H,-,A,A,0,Y,,A,01,0,0,1,0,1,,,SAN DIEGO,SAN MARCOS,-117.1892318725586,33.14853286743164,0,Morning,0
2021,3700,2021-01-17,2210,7,5,N,A,-,N,,,Y,3,0,1,1,A,-,01,23152.0,A,N,E,A,H,-,C,D,0,Y,Y,C,02,0,1,0,0,1,,,SAN DIEGO,VISTA,-117.23246002197266,33.186851501464844,1,Night,0
2021,3711,2021-02-08,1143,1,5,Y,A,-,N,,,N,3,0,1,2,A,-,09,21801.0,A,N,D,A,D,-,A,A,0,Y,,C,03,0,1,0,0,1,,,SAN DIEGO,SAN DIEGO,-117.23624420166016,32.77987289428711,0,Midday,0
2021,3711,2021-02-09,1825,2,5,Y,B,-,N,,,N,4,0,1,2,A,-,08,22107.0,,N,B,A,H,-,C,D,0,Y,,C,02,0,0,1,0,1,,,SAN DIEGO,SAN DIEGO,-117.16385650634766,32.72201156616211,0,Evening,0
2021,3711,2021-02-10,1717,3,5,Y,-,-,N,,,N,4,0,1,2,A,-,08,22107.0,,N,-,-,-,-,-,-,0,Y,,C,02,0,0,1,0,1,,,SAN DIEGO,SAN DIEGO,-117.24744415283205,32.83891296386719,0,Evening,0
2021,3710,2021-01-16,1616,6,5,N,A,-,N,,,N,3,0,1,2,A,-,09,21804.0,A,N,D,A,H,-,A,D,0,Y,,A,01,0,1,0,0,1,,,SAN DIEGO,OCEANSIDE,-117.38311767578124,33.200164794921875,1,Evening,0
2021,3710,2021-02-07,1643,7,5,N,A,-,N,,,Y,3,0,1,2,A,-,08,22102.0,,N,D,A,H,-,A,D,0,Y,,D,22,0,1,0,0,1,,,SAN DIEGO,OCEANSIDE,-117.36434173583984,33.177757263183594,1,Evening,0
2021,3711,2021-02-02,2242,2,5,N,A,-,N,,,Y,3,0,1,1,A,-,01,23152.0,A,N,F,B,H,-,C,A,0,Y,Y,C,02,0,1,0,0,1,,,SAN DIEGO,SAN DIEGO,-117.1787567138672,32.83441162109375,0,Night,0
2021,3700,2021-02-10,714,3,5,Y,A,-,N,,,N,3,0,1,2,A,-,09,21800.0,A,N,D,A,H,-,A,D,0,Y,,C,02,0,1,0,0,1,,,SAN DIEGO,VISTA,-117.25177001953124,33.21354675292969,0,Morning,0
2021,3711,2021-02-28,1300,7,5,Y,A,-,N,,,Y,3,0,1,2,A,-,09,21802.0,A,N,D,A,H,-,A,D,0,Y,,A,01,0,1,0,0,1,,,SAN DIEGO,SAN DIEGO,-117.07682800292967,33.005672454833984,1,Midday,0
2021,3711,2021-02-28,2015,7,5,N,A,-,N,,,N,3,0,1,1,A,-,08,22107.0,,N,H,A,H,-,C,A,0,Y,,C,02,0,1,0,0,1,,,SAN DIEGO,SAN DIEGO,-117.12539672851562,32.687477111816406,1,Night,0
2021,3711,2021-02-21,1327,7,5,N,A,-,N,,,Y,2,0,1,2,A,-,08,22107.0,,N,C,A,H,-,A,D,0,Y,,A,07,1,0,0,0,1,,,SAN DIEGO,SAN DIEGO,-117.241943359375,32.76765441894531,1,Midday,1
2021,3711,2021-03-01,1934,1,5,N,A,-,N,,,Y,3,0,1,1,A,-,08,22107.0,,N,H,A,H,-,C,A,0,Y,,C,02,0,1,0,0,1,,,SAN DIEGO,SAN DIEGO,-117.1999053955078,32.78398895263672,0,Evening,0
2021,3705,2021-01-21,1915,4,5,N,A,-,N,,,N,2,0,1,1,A,-,03,22350.0,,N,F,D,H,-,C,A,0,Y,,C,02,1,0,0,0,1,,,SAN DIEGO,EL CAJON,-116.97568511962892,32.80229949951172,0,Evening,1
2021,3711,2021-02-25,1454,4,5,N,A,-,N,,,Y,3,0,1,2,A,-,08,22107.0,,N,B,A,H,-,A,D,0,Y,,C,02,0,1,0,0,1,,,SAN DIEGO,SAN DIEGO,-117.21575927734376,32.83146286010742,0,Midday,0
2021,3710,2021-02-10,1337,3,5,N,A,-,N,,,Y,3,0,1,1,A,-,08,22107.0,,N,E,A,H,-,A,D,0,Y,,C,02,0,1,0,0,1,,,SAN DIEGO,OCEANSIDE,-117.32609558105467,33.182762145996094,0,Midday,0
2021,3710,2021-02-11,1603,4,5,N,A,-,N,,,Y,3,0,1,2,A,-,07,21658.0,A,N,B,A,H,-,A,D,0,Y,,A,07,0,1,0,0,1,,,SAN DIEGO,OCEANSIDE,-117.298095703125,33.25012969970703,0,Evening,0
2021,3702,2021-01-09,1450,6,5,N,A,-,N,,,Y,2,0,1,3,A,-,07,21658.0,A,N,F,A,H,-,A,A,0,Y,,C,02,1,0,0,0,1,,,SAN DIEGO,CHULA VISTA,-116.99251556396484,32.62150192260742,1,Midday,1
2021,3711,2021-01-28,2141,4,5,Y,A,-,N,,,Y,2,0,1,2,D,-,00,,,F,B,A,H,-,C,A,0,Y,,-,- ,1,0,0,0,1,,,SAN DIEGO,SAN DIEGO,-117.10089874267578,32.71147918701172,0,Night,1
2021,3702,2021-02-06,800,6,5,N,A,-,N,,,Y,3,0,1,2,A,-,11,21954.0,A,N,H,A,H,-,C,D,0,Y,,N,60,0,1,0,0,1,,,SAN DIEGO,CHULA VISTA,-117.06959533691406,32.61498260498047,1,Morning,0
2021,3702,2021-02-06,1300,6,5,Y,A,-,N,,,Y,3,0,1,2,-,-,- ,,A,N,A,A,H,-,A,D,0,Y,,A,07,0,1,0,0,1,,,SAN DIEGO,CHULA VISTA,-117.07675170898438,32.62164306640625,1,Midday,0