ACCIDENT_YEAR,JURIS,COLLISION_DATE,COLLISION_TIME,DAY_OF_WEEK,CHP_SHIFT,INTERSECTION,WEATHER_1,WEATHER_2,STATE_HWY_IND,LOCATION_TYPE,RAMP_INTERSECTION,TOW_AWAY,COLLISION_SEVERITY,NUMBER_KILLED,NUMBER_INJURED,PARTY_COUNT,PRIMARY_COLL_FACTOR,PCF_CODE_OF_VIOL,PCF_VIOL_CATEGORY,PCF_VIOLATION,PCF_VIOL_SUBSECTION,HIT_AND_RUN,TYPE_OF_COLLISION,ROAD_SURFACE,ROAD_COND_1,ROAD_COND_2,LIGHTING,CONTROL_DEVICE,CHP_ROAD_TYPE,MOTORCYCLE_ACCIDENT,ALCOHOL_INVOLVED,STWD_VEHTYPE_AT_FAULT,CHP_VEHTYPE_AT_FAULT,COUNT_SEVERE_INJ,COUNT_VISIBLE_INJ,COUNT_COMPLAINT_PAIN,COUNT_MC_KILLED,COUNT_MC_INJURED,LATITUDE,LONGITUDE,COUNTY,CITY,POINT_X,POINT_Y,IS_WEEKEND,TIME_OF_DAY,SEVERE_FATAL
2022,1933,2022-07-03,2113,7,5,N,A,-,N,,,N,4,0,1,2,A,-,12,21453.0,A,N,A,A,H,-,C,A,0,Y,,A,01,0,0,1,0,1,33.95998001098633,-118.31771087646484,LOS ANGELES,INGLEWOOD,-118.31775665283205,33.95996856689453,1,Night,0
2022,1933,2022-05-26,1310,4,5,N,A,-,N,,,Y,4,0,1,3,A,-,08,22107.0,,N,B,A,H,-,A,D,0,Y,,A,01,0,0,1,0,1,33.97663879394531,-118.36118316650392,LOS ANGELES,INGLEWOOD,-118.36118316650392,33.97654724121094,0,Midday,0
2022,1965,2022-06-05,1440,7,5,N,A,-,N,,,Y,3,0,1,2,A,-,03,22350.0,,N,C,A,H,-,A,D,0,Y,,C,02,0,1,0,0,1,,,LOS ANGELES,SANTA MONICA,-118.46141052246094,34.02376937866211,1,Midday,0
2022,1965,2022-06-09,2130,4,5,N,A,-,N,,,N,4,0,1,2,A,-,03,22350.0,,N,C,A,H,-,A,D,0,Y,,A,07,0,0,1,0,1,,,LOS ANGELES,SANTA MONICA,-118.490478515625,34.01873779296875,0,Night,0
2022,1965,2022-06-15,2205,3,5,N,A,-,N,,,Y,2,0,1,2,A,-,01,23152.0,A,F,B,A,H,-,C,A,0,Y,Y,A,01,1,0,0,0,1,34.010189056396484,-118.49344635009766,LOS ANGELES,SANTA MONICA,-118.49340057373048,34.01013946533203,0,Night,1
2022,1910,2022-07-16,931,6,5,Y,A,-,N,,,N,2,0,1,2,A,-,09,21800.0,A,N,D,A,H,-,A,D,0,Y,,A,07,1,0,0,0,1,,,LOS ANGELES,BEVERLY HILLS,-118.39098358154295,34.0771598815918,1,Morning,1
2022,1933,2022-07-15,1645,5,5,Y,A,-,N,,,Y,4,0,1,2,A,-,09,21801.0,A,N,D,A,H,-,A,A,0,Y,,A,01,0,0,1,0,1,33.93819046020508,-118.32650756835938,LOS ANGELES,INGLEWOOD,-118.32672119140624,33.93865966796875,0,Evening,0
2022,1965,2022-04-30,2110,6,5,N,A,C,N,,,N,4,0,1,2,D,-,00,,,N,G,A,H,-,C,D,0,Y,,-,- ,0,0,1,0,0,,,LOS ANGELES,SANTA MONICA,-118.49646759033205,34.012699127197266,1,Night,0
2022,1965,2022-06-19,1525,7,5,N,A,-,N,,,N,3,0,1,2,A,-,08,22107.0,,N,B,A,H,-,A,A,0,Y,,C,02,0,1,0,0,1,,,LOS ANGELES,SANTA MONICA,-118.48963165283205,34.00799560546875,1,Midday,0
2022,1965,2022-07-04,1734,1,5,Y,A,-,N,,,Y,3,0,1,2,A,-,09,21802.0,A,N,F,A,H,-,A,A,0,Y,Y,C,02,0,1,0,0,1,,,LOS ANGELES,SANTA MONICA,-118.47370147705078,34.0390625,0,Evening,0
2022,1948,2022-06-25,1226,6,5,N,A,-,N,,,Y,3,0,1,1,A,-,03,22350.0,,N,H,A,H,-,A,D,0,Y,,C,02,0,1,0,0,1,34.03596878051758,-118.11598205566406,LOS ANGELES,MONTEREY PARK,-118.11239624023438,34.037628173828125,1,Midday,0
2022,1910,2022-08-02,1355,2,5,Y,A,-,N,,,Y,3,0,1,2,A,-,09,21801.0,A,N,D,A,H,-,A,A,0,Y,,A,07,0,1,0,0,1,,,LOS ANGELES,BEVERLY HILLS,-118.40946197509766,34.06707763671875,0,Midday,0
2022,1965,2022-07-07,1234,4,5,Y,A,-,N,,,Y,3,0,2,2,A,-,08,22107.0,,N,B,A,H,-,A,A,0,Y,,A,01,0,1,1,0,1,,,LOS ANGELES,SANTA MONICA,-118.48819732666016,34.00379943847656,0,Midday,0
2022,1923,2022-06-10,1155,5,5,N,A,-,Y,,,Y,3,0,1,2,A,-,06,21755.0,A,N,B,A,H,-,A,A,0,Y,,C,03,0,1,0,0,1,33.93090057373047,-118.39205932617188,LOS ANGELES,EL SEGUNDO,-118.39240264892578,33.93085479736328,0,Midday,0
2022,1933,2022-08-19,1724,5,5,N,A,-,N,,,Y,4,0,1,2,A,-,09,21801.0,A,N,D,A,H,-,A,D,0,Y,,A,01,0,0,1,0,1,,,LOS ANGELES,INGLEWOOD,-118.33751678466795,33.93096160888672,0,Evening,0
2022,1975,2022-08-12,1310,5,5,N,A,-,N,,,N,4,0,1,2,A,-,08,22107.0,,F,B,A,H,-,A,D,0,Y,,C,06,0,0,1,0,0,34.08283996582031,-117.93450927734376,LOS ANGELES,WEST COVINA,-117.93441009521484,34.08453750610352,0,Midday,0
2022,1948,2022-08-17,1810,3,5,N,A,-,N,,,N,3,0,1,2,A,-,03,22350.0,,N,C,A,H,-,B,D,0,Y,,C,02,0,1,0,0,1,34.055301666259766,-118.10803985595705,LOS ANGELES,MONTEREY PARK,-118.10808563232422,34.0572624206543,0,Evening,0
2022,1923,2022-07-23,1903,6,5,N,A,-,N,,,N,3,0,1,1,A,-,08,22107.0,,N,H,A,H,-,A,D,0,Y,,C,02,0,1,0,0,1,33.90584182739258,-118.42073059082033,LOS ANGELES,EL SEGUNDO,-118.42105102539062,33.906192779541016,1,Evening,0
2022,1969,2022-08-05,2207,5,5,Y,A,-,N,,,Y,3,0,2,5,A,-,03,22350.0,,N,C,A,H,-,C,A,0,Y,,A,07,0,1,1,0,0,33.95186996459961,-118.18315887451172,LOS ANGELES,SOUTH GATE,-118.18324279785156,33.95186233520508,0,Night,0
2022,1933,2022-08-26,1858,5,5,Y,A,-,N,,,N,3,0,1,2,A,-,12,22450.0,A,N,D,A,H,-,B,D,0,Y,,C,03,0,1,0,0,1,33.95417022705078,-118.34535980224608,LOS ANGELES,INGLEWOOD,-118.34544372558594,33.95412826538086,0,Evening,0
2022,1975,2022-08-15,43,1,5,Y,A,-,N,,,N,4,0,1,2,A,-,01,23152.0,A,N,D,A,H,-,C,A,0,Y,Y,A,01,0,0,1,0,0,34.079299926757805,-117.94225311279295,LOS ANGELES,WEST COVINA,-117.90766143798828,34.075477600097656,0,Night,0
2022,1975,2022-08-15,1707,1,5,N,A,-,N,,,N,3,0,1,1,A,-,03,22350.0,,N,H,A,H,-,A,D,0,Y,,C,02,0,1,0,0,1,34.07558059692383,-117.91216278076172,LOS ANGELES,WEST COVINA,-117.91149139404295,34.07551956176758,0,Evening,0
2022,1975,2022-08-23,1320,2,5,N,A,-,N,,,Y,4,0,1,1,A,-,03,22350.0,,N,E,A,H,-,A,D,0,Y,,C,02,0,0,1,0,1,,,LOS ANGELES,WEST COVINA,-117.92432403564452,34.056610107421875,0,Midday,0
2022,1910,2022-08-31,1431,3,5,Y,A,-,Y,,,N,3,0,1,2,A,-,08,22107.0,,N,D,A,H,-,A,A,0,Y,,-,- ,0,1,0,0,1,,,LOS ANGELES,BEVERLY HILLS,-118.4026336669922,34.07237243652344,0,Midday,0
2022,1947,2022-08-12,2337,5,5,N,A,-,N,,,Y,4,0,1,2,A,-,09,21804.0,A,N,C,A,H,-,C,D,0,Y,,A,01,0,0,1,0,0,,,LOS ANGELES,MONTEBELLO,-118.12124633789062,34.02037811279297,0,Night,0
2022,1975,2022-06-20,1816,1,5,N,A,-,N,,,Y,2,0,1,2,A,-,01,23152.0,A,N,D,A,H,-,B,D,0,Y,Y,C,02,1,0,0,0,1,34.06663131713867,-117.95738983154295,LOS ANGELES,WEST COVINA,-117.95740509033205,34.06659698486328,0,Evening,1
2022,1933,2022-09-16,1506,5,5,Y,A,-,N,,,Y,2,0,1,2,A,-,09,21801.0,A,N,D,A,H,-,A,A,0,Y,,C,02,1,0,0,0,0,33.970741271972656,-118.34786224365234,LOS ANGELES,INGLEWOOD,-118.36686706542967,33.97700881958008,0,Midday,1
2022,1922,2022-08-30,1544,2,5,Y,A,-,N,,,Y,2,0,2,2,A,-,09,21801.0,A,N,D,A,H,-,A,A,0,Y,,A,07,1,0,1,0,1,34.09157943725586,-118.02115631103516,LOS ANGELES,EL MONTE,-118.02112579345705,34.091575622558594,0,Midday,1
2022,1910,2022-09-19,1320,1,5,Y,A,-,N,,,N,4,0,1,2,A,-,08,22107.0,,N,B,A,H,-,A,A,0,Y,,-,- ,0,0,1,0,0,,,LOS ANGELES,BEVERLY HILLS,-118.38378143310548,34.070831298828125,0,Midday,0
2022,1933,2022-09-18,1647,7,5,Y,A,-,N,,,N,3,0,1,2,A,-,08,22107.0,,F,B,A,H,-,A,D,0,Y,,A,01,0,1,0,0,1,33.94358825683594,-118.32647705078124,LOS ANGELES,INGLEWOOD,-118.32655334472656,33.94361877441406,1,Evening,0
2022,1975,2022-09-14,1742,3,5,Y,A,-,N,,,N,4,0,1,2,A,-,08,22107.0,,N,D,A,H,-,A,D,0,Y,,A,01,0,0,1,0,1,34.00482177734375,-117.88745880126952,LOS ANGELES,WEST COVINA,-117.88750457763672,34.0047721862793,0,Evening,0
2022,1922,2022-09-04,1218,7,5,N,A,-,N,,,Y,2,0,1,2,A,-,09,21801.0,A,N,D,A,H,-,A,D,0,Y,,A,01,1,0,0,0,1,34.071590423583984,-118.0254364013672,LOS ANGELES,EL MONTE,-118.02482604980467,34.07097625732422,1,Midday,1
2022,1948,2022-09-22,1658,4,5,N,A,-,N,,,N,2,0,1,2,A,-,09,21801.0,A,N,D,A,H,-,A,D,0,Y,,A,01,1,0,0,0,1,34.040130615234375,-118.15042114257812,LOS ANGELES,MONTEREY PARK,-118.15048980712892,34.040008544921875,0,Evening,1
2022,1965,2022-08-25,1730,4,5,N,A,-,N,,,N,2,0,1,2,A,-,09,21804.0,A,N,F,A,H,-,A,A,0,Y,,A,07,1,0,0,0,1,,,LOS ANGELES,SANTA MONICA,-118.48504638671876,34.00996017456055,0,Evening,1
2022,1965,2022-09-01,1600,4,5,Y,A,-,N,,,N,3,0,1,2,A,-,03,22350.0,,N,C,A,H,-,A,A,0,Y,,C,02,0,1,0,0,1,,,LOS ANGELES,SANTA MONICA,-118.4635772705078,34.02260208129883,0,Evening,0
2022,1965,2022-09-02,1444,5,5,Y,A,-,N,,,N,2,0,2,2,A,-,09,21802.0,A,N,D,A,H,-,A,A,0,Y,,A,07,1,1,0,0,1,,,LOS ANGELES,SANTA MONICA,-118.48072052001952,33.99811935424805,0,Midday,1
2022,1933,2022-09-27,856,2,5,Y,A,-,N,,,Y,4,0,1,2,A,-,09,21802.0,A,N,D,A,H,-,A,A,0,Y,,-,- ,0,0,1,0,1,33.97101974487305,-118.36215972900392,LOS ANGELES,INGLEWOOD,-118.36229705810548,33.9709587097168,0,Morning,0
2022,1923,2022-09-13,725,2,5,N,A,-,N,,,N,3,0,1,2,A,-,09,21804.0,A,N,C,A,H,-,A,D,0,Y,,A,07,0,1,0,0,1,33.91633987426758,-118.40380859375,LOS ANGELES,EL SEGUNDO,-118.40377807617188,33.91638946533203,0,Morning,0
2022,1969,2022-09-17,1720,6,5,N,A,-,N,,,Y,3,0,1,2,D,-,00,,,N,D,A,H,-,A,D,0,Y,,-,- ,0,1,0,0,1,33.94234085083008,-118.18882751464844,LOS ANGELES,SOUTH GATE,-118.1887664794922,33.94235610961914,1,Evening,0
2022,1965,2022-06-22,2142,3,5,N,A,-,Y,H,,N,2,0,1,1,A,-,03,22350.0,,N,F,A,H,-,C,D,0,Y,,C,02,1,0,0,0,1,34.0177116394043,-118.50340270996094,LOS ANGELES,SANTA MONICA,-118.50338745117188,34.01771926879883,0,Night,1
2022,1965,2022-09-13,1635,2,5,N,A,-,N,,,N,3,0,1,1,A,-,03,22350.0,,N,E,A,H,-,A,A,0,Y,,O,05,0,1,0,0,1,,,LOS ANGELES,SANTA MONICA,-118.48109436035156,34.02271270751953,0,Evening,0
2022,1969,2022-08-29,1835,1,5,N,A,-,Y,,,N,2,0,1,3,A,-,09,21801.0,A,N,A,A,H,-,A,A,0,Y,,A,07,1,0,0,0,1,33.917388916015625,-118.15705871582033,LOS ANGELES,SOUTH GATE,-118.15704345703124,33.91737365722656,0,Evening,1
2022,1955,2022-08-05,1030,5,5,Y,A,-,N,,,Y,4,0,1,2,A,-,12,21453.0,A,N,D,A,H,-,A,A,0,Y,,C,02,0,0,1,0,1,34.0407600402832,-117.74080657958984,LOS ANGELES,POMONA,-117.74079132080078,34.04079055786133,0,Morning,0
2022,1969,2022-09-28,1642,3,5,N,A,-,N,,,N,4,0,1,2,A,-,17,21235.0,G,N,D,A,H,-,A,D,0,Y,,C,03,0,0,1,0,1,33.954490661621094,-118.20863342285156,LOS ANGELES,SOUTH GATE,-118.20803833007812,33.95437240600586,0,Evening,0
2022,1933,2022-10-19,2323,3,5,Y,A,-,N,,,Y,4,0,2,2,A,-,08,22107.0,,N,D,A,H,-,C,D,0,Y,,A,01,0,0,2,0,2,33.947898864746094,-118.34391784667967,LOS ANGELES,INGLEWOOD,-118.3439483642578,33.947872161865234,0,Night,0
2022,1922,2022-08-30,1716,2,5,N,A,-,N,,,Y,3,0,1,2,A,-,08,22107.0,,N,C,A,H,-,A,D,0,Y,,C,02,0,1,0,0,1,34.06378936767578,-118.02085113525392,LOS ANGELES,EL MONTE,-118.02043151855467,34.063560485839844,0,Evening,0
2022,1969,2022-10-10,1413,1,5,Y,A,-,N,,,Y,4,0,1,1,A,-,03,22350.0,,N,H,A,H,-,A,D,0,Y,,C,02,0,0,1,0,1,33.945369720458984,-118.21617126464844,LOS ANGELES,SOUTH GATE,-118.21616363525392,33.94535446166992,0,Midday,0
2022,1965,2022-09-25,1200,7,5,Y,A,-,N,,,N,4,0,1,2,A,-,08,22107.0,,M,B,A,H,-,A,A,0,Y,,-,99,0,0,1,0,1,,,LOS ANGELES,SANTA MONICA,-118.49395751953124,34.01226806640625,1,Midday,0
2022,1910,2022-10-27,820,4,5,N,-,-,N,,,N,3,0,1,2,A,-,09,21804.0,A,N,G,A,H,-,A,D,0,Y,,A,01,0,1,0,0,1,,,LOS ANGELES,BEVERLY HILLS,-118.39955902099608,34.06222915649414,0,Morning,0
2022,1948,2022-10-07,2221,5,5,Y,A,-,N,,,Y,3,0,2,2,A,-,03,22350.0,,N,D,A,H,-,C,A,0,Y,,C,02,0,2,0,0,1,34.06079864501953,-118.1156997680664,LOS ANGELES,MONTEREY PARK,-118.1156768798828,34.06074142456055,0,Night,0
2022,1969,2022-10-03,1419,1,5,Y,A,-,N,,,Y,4,0,1,2,A,-,09,21801.0,A,N,H,A,H,-,A,D,0,Y,,A,07,0,0,1,0,1,33.942989349365234,-118.1945571899414,LOS ANGELES,SOUTH GATE,-118.19458770751952,33.94301223754883,0,Midday,0
2022,1955,2022-09-04,47,7,5,N,A,-,N,,,N,3,0,1,1,A,-,08,22107.0,,N,E,A,H,-,C,A,0,Y,,C,02,0,1,0,0,1,34.0666389465332,-117.75151824951172,LOS ANGELES,POMONA,-117.75138092041016,34.06633377075195,1,Night,0
2022,1955,2022-09-01,1643,4,5,N,A,-,N,,,Y,2,0,2,2,A,-,09,21804.0,A,N,D,A,H,-,A,A,0,Y,,A,01,1,1,0,0,1,34.0559196472168,-117.72382354736328,LOS ANGELES,POMONA,-117.7245864868164,34.05573654174805,0,Evening,1
2022,1922,2022-09-25,1904,7,5,Y,A,-,N,,,Y,4,0,1,2,A,-,09,21801.0,B,N,D,A,H,-,C,A,0,Y,,A,01,0,0,1,0,1,34.09680938720703,-118.0118408203125,LOS ANGELES,EL MONTE,-118.01177978515624,34.09667205810547,1,Evening,0
2022,1955,2022-09-14,805,3,5,N,A,-,N,,,Y,3,0,1,2,A,-,09,21804.0,A,F,C,A,H,-,A,D,0,Y,,A,01,0,1,0,0,1,34.067718505859375,-117.75205993652344,LOS ANGELES,POMONA,-117.75200653076172,34.06751251220703,0,Morning,0
2022,1955,2022-09-16,1851,5,5,Y,A,-,N,,,Y,4,0,1,2,A,-,12,21453.0,A,N,D,B,H,-,A,A,0,Y,,A,08,0,0,1,0,1,34.04412841796875,-117.75405120849608,LOS ANGELES,POMONA,-117.75401306152344,34.04409408569336,0,Evening,0
2022,1969,2022-10-20,1408,4,5,N,A,-,N,,,N,4,0,1,2,A,-,08,22107.0,,N,B,A,H,-,A,A,0,Y,,C,02,0,0,1,0,1,,,LOS ANGELES,SOUTH GATE,-118.1753387451172,33.95045852661133,0,Midday,0
2022,1955,2022-09-25,1954,7,5,Y,A,-,N,,,Y,3,0,1,2,A,-,09,21801.0,A,N,A,A,H,-,C,D,0,Y,,A,01,0,1,0,0,1,34.061771392822266,-117.77667236328124,LOS ANGELES,POMONA,-117.77666473388672,34.06172561645508,1,Evening,0
2022,1965,2022-10-04,1730,2,5,N,A,-,N,,,N,3,0,1,2,A,-,08,22100.0,A,N,D,A,H,-,B,A,0,Y,,A,01,0,1,0,0,1,,,LOS ANGELES,SANTA MONICA,-118.47624206542967,34.00688934326172,0,Evening,0
2022,1969,2022-11-03,1530,4,5,N,A,-,N,,,N,4,0,1,2,A,-,08,22107.0,,N,B,A,H,-,A,D,0,Y,,A,01,0,0,1,0,1,33.951908111572266,-118.1831512451172,LOS ANGELES,SOUTH GATE,-118.18315887451172,33.95166778564453,0,Midday,0
2022,1947,2022-10-28,1240,5,5,Y,A,-,N,,,Y,3,0,1,2,A,-,09,21801.0,A,N,D,A,H,-,A,A,0,Y,,A,01,0,1,0,0,0,34.02096176147461,-118.13037109375,LOS ANGELES,MONTEBELLO,-118.13044738769533,34.020835876464844,0,Midday,0
2022,1969,2022-10-29,930,6,5,Y,A,-,N,,,N,4,0,1,2,A,-,09,21804.0,A,N,D,A,H,-,A,D,0,Y,,A,01,0,0,1,0,1,33.94118881225586,-118.20993041992188,LOS ANGELES,SOUTH GATE,-118.20989990234376,33.941158294677734,1,Morning,0
2022,1965,2022-09-21,1405,3,5,N,A,-,N,,,Y,3,0,1,2,A,-,08,22107.0,,F,F,A,H,-,A,D,0,Y,,C,02,0,1,0,0,1,,,LOS ANGELES,SANTA MONICA,-118.49339294433594,34.0101318359375,0,Midday,0
2022,1975,2022-11-09,556,3,5,N,A,-,N,,,Y,4,0,1,2,A,-,02,22400.0,A,N,C,B,H,-,B,A,0,Y,,C,02,0,0,1,0,1,34.071659088134766,-117.9420166015625,LOS ANGELES,WEST COVINA,-117.94194793701172,34.07149124145508,0,Morning,0
2022,1922,2022-10-29,950,6,5,Y,A,-,N,,,Y,2,0,1,2,A,-,09,21802.0,B,N,D,A,H,-,A,A,0,Y,,C,02,1,0,0,0,1,34.098140716552734,-118.01110076904295,LOS ANGELES,EL MONTE,-118.01104736328124,34.09813690185547,1,Morning,1
2022,1965,2022-10-20,1024,4,5,N,A,-,N,,,Y,4,0,1,2,A,-,06,21755.0,,N,B,A,H,-,A,A,0,Y,,C,02,0,0,1,0,1,,,LOS ANGELES,SANTA MONICA,-118.48404693603516,34.01323699951172,0,Morning,0
2022,1975,2022-11-13,1812,7,5,N,A,-,N,,,N,2,0,1,1,A,-,03,22350.0,,N,E,A,H,-,C,D,0,Y,,C,02,1,0,0,0,1,34.07400894165039,-117.92645263671876,LOS ANGELES,WEST COVINA,-117.9269790649414,34.07390213012695,1,Evening,1
2022,1955,2022-11-05,1234,6,5,N,A,-,N,,,N,4,0,1,2,A,-,06,21755.0,A,N,B,A,H,-,A,A,0,Y,,C,02,0,0,1,0,1,34.07590866088867,-117.71929168701172,LOS ANGELES,POMONA,-117.71925354003906,34.076324462890625,1,Midday,0
2022,1955,2022-10-22,2138,6,5,Y,B,-,N,,,Y,3,0,1,2,A,-,03,22350.0,,N,C,B,H,-,C,A,0,Y,,A,01,0,1,0,0,1,34.04854965209961,-117.72696685791016,LOS ANGELES,POMONA,-117.72701263427734,34.04836654663086,1,Night,0
2022,1965,2022-10-26,1021,3,5,N,A,-,N,,,N,2,0,1,2,A,-,08,22107.0,,F,C,A,H,-,A,A,0,Y,,A,07,1,0,0,0,1,,,LOS ANGELES,SANTA MONICA,-118.49922943115234,34.0289421081543,0,Morning,1
2022,1965,2022-10-27,1237,4,5,Y,A,-,N,,,N,3,0,1,2,A,-,09,21802.0,A,N,F,A,H,-,A,A,0,Y,,A,01,0,1,0,0,1,,,LOS ANGELES,SANTA MONICA,-118.4819107055664,34.02716445922852,0,Midday,0
2022,1955,2022-10-28,1821,5,5,Y,A,-,N,,,Y,4,0,1,2,A,-,09,21801.0,A,N,D,A,H,-,C,A,0,Y,,A,08,0,0,1,0,1,34.10966110229492,-117.74862670898438,LOS ANGELES,POMONA,-117.74860382080078,34.10953140258789,0,Evening,0
2022,1975,2022-11-29,1505,2,5,Y,A,-,N,,,N,3,0,1,2,A,-,05,21650.0,,N,D,A,H,-,A,A,0,Y,,C,03,0,1,0,0,1,34.05730056762695,-117.95880889892578,LOS ANGELES,WEST COVINA,-117.95883178710938,34.05733108520508,0,Midday,0
2022,1955,2022-11-09,835,3,5,N,A,-,N,,,Y,3,0,1,2,A,-,07,21658.0,A,N,B,B,H,-,A,D,0,Y,,A,01,0,1,0,0,1,,,LOS ANGELES,POMONA,-117.77536010742188,34.04779052734375,0,Morning,0
2022,1969,2022-12-15,855,4,5,N,A,-,N,,,N,4,0,1,2,A,-,08,22107.0,,N,B,A,H,-,A,D,0,Y,,C,02,0,0,1,0,1,33.9532585144043,-118.19651794433594,LOS ANGELES,SOUTH GATE,-118.19677734375,33.953243255615234,0,Morning,0
2022,1965,2022-11-14,1703,1,5,N,A,-,N,,,Y,3,0,1,2,A,-,00,21655.0,1,N,D,A,H,-,C,A,0,Y,,C,02,0,1,0,0,1,,,LOS ANGELES,SANTA MONICA,-118.47826385498048,34.00850296020508,0,Evening,0
2022,1969,2022-11-27,1844,7,5,Y,A,-,N,,,N,4,0,2,2,A,-,12,21453.0,A,N,D,A,H,-,C,A,0,Y,,A,01,0,0,2,0,1,33.943321228027344,-118.19770050048828,LOS ANGELES,SOUTH GATE,-118.19766235351562,33.943328857421875,1,Evening,0
2022,1933,2022-12-16,1635,5,5,Y,A,-,N,,,N,3,0,2,2,A,-,08,22107.0,,N,D,A,H,-,C,A,0,Y,,A,01,0,1,1,0,1,33.93772888183594,-118.34394073486328,LOS ANGELES,INGLEWOOD,-118.34391784667967,33.93770217895508,0,Evening,0
2022,1955,2022-11-28,810,1,5,N,A,-,N,,,N,2,0,1,2,A,-,03,22350.0,,F,G,A,H,-,A,D,0,Y,,C,03,1,0,0,0,0,34.044620513916016,-117.7322235107422,LOS ANGELES,POMONA,-117.73212432861328,34.042911529541016,0,Morning,1
2022,1955,2022-12-06,2016,2,5,Y,A,-,N,,,Y,3,0,1,2,A,-,09,21801.0,A,N,D,A,H,-,C,A,0,Y,,A,01,0,1,0,0,1,34.048179626464844,-117.74102020263672,LOS ANGELES,POMONA,-117.73233795166016,34.04825210571289,0,Night,0
2022,1975,2022-12-18,1650,7,5,N,A,-,N,,,N,4,0,1,3,A,-,08,22107.0,,N,B,A,H,-,C,A,0,Y,,C,02,0,0,1,0,1,34.07767105102539,-117.9422607421875,LOS ANGELES,WEST COVINA,-117.90760803222656,34.0733757019043,1,Evening,0
2022,1922,2022-10-26,1734,3,5,Y,A,-,N,,,N,3,0,1,2,A,-,12,22450.0,A,N,D,A,H,-,A,A,0,Y,,C,03,0,1,0,0,1,34.06801986694336,-118.03936004638672,LOS ANGELES,EL MONTE,-118.03937530517578,34.0680046081543,0,Evening,0
2022,1955,2022-11-16,1200,3,5,N,A,-,N,,,Y,3,0,1,2,A,-,03,22350.0,,N,C,A,H,-,A,A,0,Y,,C,02,0,1,0,0,1,34.07852935791016,-117.75244903564452,LOS ANGELES,POMONA,-117.75236511230467,34.07803726196289,0,Midday,0
2022,1947,2022-12-26,1956,1,5,Y,A,-,N,,,N,3,0,1,2,A,-,12,21453.0,A,N,D,A,H,-,C,A,0,Y,,C,02,0,1,0,0,1,34.00849151611328,-118.10079956054688,LOS ANGELES,MONTEBELLO,-118.1007843017578,34.008487701416016,0,Evening,0
2022,1975,2022-12-28,2305,3,5,N,A,-,Y,,,Y,2,0,1,2,A,-,03,22350.0,,N,C,A,H,-,C,A,0,Y,,C,02,1,0,0,0,1,34.05751037597656,-117.90785980224608,LOS ANGELES,WEST COVINA,-117.9079818725586,34.057735443115234,0,Night,1
2022,1969,2022-12-08,1515,4,5,N,A,-,N,,,Y,4,0,1,2,A,-,08,22107.0,,N,B,A,H,-,A,A,0,Y,,C,02,0,0,1,0,1,,,LOS ANGELES,SOUTH GATE,-118.20654296875,33.96303176879883,0,Midday,0
2022,1965,2022-12-24,1806,6,5,Y,A,-,N,,,N,3,0,1,2,A,-,09,21801.0,A,N,D,A,H,-,C,A,0,Y,,C,02,0,1,0,0,0,,,LOS ANGELES,SANTA MONICA,-118.48194122314452,34.01612854003906,1,Evening,0
2022,1948,2022-01-01,958,6,5,N,A,-,N,,,Y,3,0,1,1,A,-,03,22350.0,,N,E,A,H,-,A,D,0,Y,,C,02,0,1,0,0,1,,,LOS ANGELES,MONTEREY PARK,-118.13220977783205,34.038265228271484,1,Morning,0
2022,1965,2022-12-02,1136,5,5,N,B,C,N,,,N,3,0,1,2,D,-,00,,,N,H,B,G,-,A,D,0,Y,,-,- ,0,1,0,0,1,,,LOS ANGELES,SANTA MONICA,-118.49313354492188,34.009918212890625,0,Midday,0
2022,1969,2022-10-07,2019,5,5,N,A,-,N,,,N,4,0,1,2,A,-,17,21228.0,,F,D,A,H,-,C,A,0,Y,,C,03,0,0,1,0,1,33.95050811767578,-118.17581939697266,LOS ANGELES,SOUTH GATE,-118.17578125,33.95052719116211,0,Night,0
2022,1933,2022-08-07,425,7,5,Y,A,-,N,,,Y,1,1,0,1,A,-,01,23152.0,A,N,E,A,H,-,C,A,0,Y,Y,C,02,0,0,0,1,0,33.97132110595703,-118.3439483642578,LOS ANGELES,INGLEWOOD,-118.34410858154295,33.971282958984375,1,Night,1
2022,1955,2022-12-12,1714,1,5,N,A,-,N,,,Y,4,0,1,2,A,-,03,22350.0,,N,D,A,H,-,C,D,0,Y,,C,03,0,0,1,0,1,34.060569763183594,-117.75025939941406,LOS ANGELES,POMONA,-117.75025177001952,34.06053161621094,0,Evening,0
2022,1909,2022-03-20,2205,7,5,N,A,-,N,,,Y,3,0,2,2,A,-,08,22107.0,,N,D,A,H,-,C,A,0,Y,,A,01,0,1,1,0,2,33.972679138183594,-118.1367416381836,LOS ANGELES,BELL GARDENS,-118.13652801513672,33.97262954711914,1,Night,0
2022,1909,2022-05-15,858,7,5,Y,A,-,N,,,Y,2,0,2,2,A,-,12,21453.0,A,N,D,A,H,-,A,A,0,Y,,A,01,2,0,0,0,2,33.97380065917969,-118.14695739746094,LOS ANGELES,BELL GARDENS,-118.14704132080078,33.973812103271484,1,Morning,1