ACCIDENT_YEAR,JURIS,COLLISION_DATE,COLLISION_TIME,DAY_OF_WEEK,CHP_SHIFT,INTERSECTION,WEATHER_1,WEATHER_2,STATE_HWY_IND,LOCATION_TYPE,RAMP_INTERSECTION,TOW_AWAY,COLLISION_SEVERITY,NUMBER_KILLED,NUMBER_INJURED,PARTY_COUNT,PRIMARY_COLL_FACTOR,PCF_CODE_OF_VIOL,PCF_VIOL_CATEGORY,PCF_VIOLATION,PCF_VIOL_SUBSECTION,HIT_AND_RUN,TYPE_OF_COLLISION,ROAD_SURFACE,ROAD_COND_1,ROAD_COND_2,LIGHTING,CONTROL_DEVICE,CHP_ROAD_TYPE,MOTORCYCLE_ACCIDENT,ALCOHOL_INVOLVED,STWD_VEHTYPE_AT_FAULT,CHP_VEHTYPE_AT_FAULT,COUNT_SEVERE_INJ,COUNT_VISIBLE_INJ,COUNT_COMPLAINT_PAIN,COUNT_MC_KILLED,COUNT_MC_INJURED,LATITUDE,LONGITUDE,COUNTY,CITY,POINT_X,POINT_Y,IS_WEEKEND,TIME_OF_DAY,SEVERE_FATAL
2022,9530,2022-10-19,1650,3,2,N,A,-,Y,H,,Y,3,0,1,2,A,-,03,22350.0,,N,C,A,H,-,A,D,0,Y,,C,02,0,1,0,0,1,33.928909301757805,-118.21977996826172,LOS ANGELES,UNINCORPORATED,-118.21976470947266,33.92894744873047,0,Evening,0
2022,9550,2022-11-21,1110,1,1,N,A,-,Y,H,,Y,3,0,1,2,A,-,03,22350.0,,N,C,A,A,H,A,D,0,Y,,C,02,0,1,0,0,1,33.99467086791992,-117.8803482055664,LOS ANGELES,UNINCORPORATED,-117.8803482055664,33.994659423828125,0,Midday,0
2022,9535,2022-11-16,1145,3,1,N,A,-,N,,,Y,2,0,1,2,A,-,12,21453.0,A,N,D,A,H,-,A,A,0,Y,,C,02,1,0,0,0,1,34.01900100708008,-118.17301940917967,LOS ANGELES,UNINCORPORATED,-118.1731414794922,34.01891326904297,0,Midday,1
2022,9535,2022-11-16,1550,3,2,N,A,-,Y,H,,N,3,0,1,1,A,-,08,22107.0,,N,F,A,H,-,A,D,0,Y,,C,02,0,1,0,0,1,34.07040023803711,-118.14703369140624,LOS ANGELES,ALHAMBRA,-118.14702606201172,34.07040023803711,0,Midday,0
2022,9590,2022-11-17,1130,4,1,N,A,-,Y,H,,N,4,0,1,2,A,-,07,21658.0,A,N,C,A,H,-,A,D,0,Y,,A,08,0,0,1,0,1,34.02870178222656,-118.20484924316406,LOS ANGELES,LOS ANGELES,-118.20486450195312,34.028762817382805,0,Midday,0
2022,9550,2022-10-09,2058,7,2,N,A,-,Y,H,,Y,2,0,2,3,A,-,03,22350.0,,N,B,A,H,-,C,D,0,Y,,C,02,2,0,0,0,2,33.897171020507805,-118.10491180419922,LOS ANGELES,NORWALK,-118.1046905517578,33.897171020507805,1,Night,1
2022,9565,2022-11-17,1100,4,1,N,A,-,Y,H,,Y,3,0,1,1,A,-,03,22350.0,,N,F,A,H,-,A,D,0,Y,,C,02,0,1,0,0,1,33.927921295166016,-118.29959869384766,LOS ANGELES,UNINCORPORATED,-118.29957580566406,33.92784118652344,0,Midday,0
2022,9590,2022-10-04,851,2,1,N,A,-,Y,H,,N,3,0,1,2,A,-,03,22350.0,,M,C,A,H,-,A,D,0,Y,,C,02,0,1,0,0,1,34.09281921386719,-118.24109649658205,LOS ANGELES,LOS ANGELES,-118.24110412597656,34.09281921386719,0,Morning,0
2022,9550,2022-11-19,1426,6,2,N,A,-,Y,H,,N,4,0,1,2,A,-,07,21658.0,A,N,C,A,H,-,A,D,0,Y,,A,01,0,0,1,0,1,34.01156997680664,-117.97901916503906,LOS ANGELES,UNINCORPORATED,-117.97901153564452,34.0115852355957,1,Midday,0
2022,9580,2022-11-20,1020,7,1,N,A,-,N,,,N,2,0,1,1,A,-,03,22350.0,,N,F,A,H,-,A,D,0,Y,,C,02,1,0,0,0,1,34.10918045043945,-118.75845336914062,LOS ANGELES,UNINCORPORATED,-118.7586669921875,34.108978271484375,1,Morning,1
2022,9580,2022-11-27,1640,7,2,N,A,-,Y,H,,Y,3,0,1,1,A,-,08,22107.0,,N,F,A,B,-,A,D,0,Y,,C,02,0,1,0,0,1,34.22814178466797,-118.47328186035156,LOS ANGELES,LOS ANGELES,-118.47325134277344,34.2281379699707,1,Evening,0
2022,9550,2022-11-20,1710,7,2,Y,A,-,N,,,N,2,0,2,2,A,-,09,21801.0,A,N,D,A,H,-,E,A,0,Y,,D,22,2,0,0,0,2,33.91741943359375,-117.9887924194336,LOS ANGELES,UNINCORPORATED,-117.98880004882812,33.91728210449219,1,Evening,1
2022,9575,2022-11-18,1213,5,1,Y,A,-,N,,,N,3,0,1,2,A,-,09,21804.0,A,N,D,A,H,-,A,A,0,Y,,C,02,0,1,0,0,1,34.183059692382805,-118.15071105957033,LOS ANGELES,UNINCORPORATED,-118.1508331298828,34.18324279785156,0,Midday,0
2022,9575,2022-11-14,1705,1,2,N,A,-,Y,H,,Y,3,0,1,3,A,-,03,22350.0,,M,C,A,H,-,C,D,0,Y,,C,02,0,1,0,0,1,34.230709075927734,-118.3980712890625,LOS ANGELES,LOS ANGELES,-118.39806365966795,34.23073196411133,0,Evening,0
2022,9590,2022-11-29,650,2,1,N,A,-,Y,H,,N,4,0,1,2,A,-,07,21658.0,A,M,B,A,H,-,A,D,0,Y,,-,99,0,0,1,0,1,34.04199981689453,-118.21793365478516,LOS ANGELES,LOS ANGELES,-118.21793365478516,34.0420036315918,0,Morning,0
2022,9525,2022-11-30,1725,3,2,N,A,-,Y,H,,Y,4,0,1,2,A,-,07,21658.0,A,N,B,A,H,-,C,D,0,Y,,A,01,0,0,1,0,1,34.047508239746094,-117.8010711669922,LOS ANGELES,POMONA,-117.80113983154295,34.0474967956543,0,Evening,0
2022,9530,2022-11-21,1630,1,2,N,A,-,N,,,N,3,0,1,2,A,-,08,22107.0,,N,F,A,H,-,B,A,0,Y,,C,06,0,1,0,0,1,33.887630462646484,-118.19907379150392,LOS ANGELES,UNINCORPORATED,-118.19908142089844,33.88764572143555,0,Evening,0
2022,9580,2022-11-29,2030,2,2,N,A,-,Y,H,,N,2,0,2,2,A,-,01,23152.0,A,N,C,A,H,-,C,D,0,Y,Y,A,01,1,1,0,0,1,34.17512893676758,-118.46800231933594,LOS ANGELES,LOS ANGELES,-118.46791839599608,34.17513656616211,0,Night,1
2022,9540,2022-11-19,752,6,1,N,A,-,Y,H,,N,4,0,1,2,A,-,07,21658.0,A,N,B,A,H,-,A,D,0,Y,,D,22,0,0,1,0,1,34.327739715576165,-118.50476837158205,LOS ANGELES,LOS ANGELES,-118.50476837158205,34.327739715576165,1,Morning,0
2022,9530,2022-11-21,1000,1,1,N,A,-,N,,,Y,2,0,1,2,A,-,01,23152.0,A,N,D,A,H,-,A,D,0,Y,Y,A,07,1,0,0,0,1,33.967769622802734,-118.23326110839844,LOS ANGELES,UNINCORPORATED,-118.23323822021484,33.96754837036133,0,Morning,1
2022,9580,2022-12-03,240,6,3,N,B,-,Y,H,,Y,3,0,1,3,A,-,01,23152.0,A,N,B,B,H,-,C,D,0,Y,Y,C,02,0,1,0,0,1,34.14371871948242,-118.367431640625,LOS ANGELES,LOS ANGELES,-118.3674774169922,34.14370346069336,1,Night,0
2022,9550,2022-11-27,1035,7,1,N,A,-,N,,,N,3,0,1,2,A,-,08,22107.0,,N,C,A,H,-,A,D,0,Y,,C,02,0,1,0,0,1,33.999271392822266,-117.96975708007812,LOS ANGELES,UNINCORPORATED,-117.96986389160156,33.9992561340332,1,Morning,0
2022,9580,2022-11-20,1107,7,1,N,A,-,N,,,N,3,0,2,3,A,-,05,21460.0,A,N,A,A,H,-,A,D,0,Y,,A,01,0,2,0,0,2,34.07197189331055,-118.68948364257812,LOS ANGELES,UNINCORPORATED,-118.68399810791016,34.07276153564453,1,Midday,0
2022,9580,2022-11-22,1135,2,1,N,A,-,Y,H,,N,4,0,1,2,A,-,08,22107.0,,N,B,A,H,-,A,D,0,Y,,-,- ,0,0,1,0,1,34.17108917236328,-118.51677703857422,LOS ANGELES,LOS ANGELES,-118.51677703857422,34.17128372192383,0,Midday,0
2022,9535,2022-11-18,1930,5,2,N,A,-,Y,H,,N,4,0,1,2,A,-,07,21658.0,A,M,B,A,H,-,D,D,0,Y,,-,99,0,0,1,0,1,34.037410736083984,-118.02277374267578,LOS ANGELES,UNINCORPORATED,-118.02269744873048,34.03734588623047,0,Evening,0
2022,9525,2022-11-29,1725,2,2,N,A,-,Y,H,,N,3,0,1,2,A,-,03,22350.0,,N,B,A,H,-,C,D,0,Y,,C,02,0,1,0,0,1,34.06713104248047,-117.80198669433594,LOS ANGELES,POMONA,-117.8020248413086,34.06718063354492,0,Evening,0
2022,9575,2022-11-24,2115,4,2,N,A,-,Y,H,,Y,3,0,1,1,C,-,18,,,N,E,A,H,-,D,D,0,Y,,-,- ,0,1,0,0,1,34.18146896362305,-118.21884155273438,LOS ANGELES,GLENDALE,-118.21890258789062,34.181495666503906,0,Night,0
2022,9590,2022-11-07,626,1,1,N,C,-,Y,H,,Y,4,0,1,3,A,-,03,22350.0,,N,C,B,H,-,A,D,0,Y,,C,02,0,0,1,0,1,34.028839111328125,-118.2044677734375,LOS ANGELES,LOS ANGELES,-118.2044677734375,34.0288200378418,0,Morning,0
2022,9575,2022-11-28,1725,1,2,N,B,-,Y,H,,Y,3,0,1,2,A,-,08,22107.0,,N,B,A,H,-,D,D,0,Y,,C,02,0,1,0,0,1,34.17041015625,-118.3046875,LOS ANGELES,BURBANK,-118.3046646118164,34.17042922973633,0,Evening,0
2022,9550,2022-12-05,810,1,1,N,B,-,Y,H,,Y,4,0,1,3,A,-,07,21658.0,A,N,B,A,H,-,A,D,0,Y,,A,07,0,0,1,0,1,33.96323013305664,-118.1189422607422,LOS ANGELES,DOWNEY,-118.11896514892578,33.96320724487305,0,Morning,0
2022,9590,2022-11-03,1825,4,2,N,A,-,Y,H,,Y,4,0,1,2,A,-,07,21658.0,A,N,B,A,H,-,C,D,0,Y,,A,01,0,0,1,0,1,34.132999420166016,-118.27504730224608,LOS ANGELES,LOS ANGELES,-118.2750244140625,34.13300704956055,0,Evening,0
2022,9590,2022-11-07,955,1,1,N,A,-,Y,H,,N,4,0,1,2,A,-,07,21658.0,A,F,B,A,H,-,A,D,0,Y,,A,01,0,0,1,0,1,33.957229614257805,-118.28076934814452,LOS ANGELES,LOS ANGELES,-118.28072357177734,33.957229614257805,0,Morning,0
2022,9565,2022-11-27,1050,7,1,N,A,-,Y,H,,Y,3,0,1,1,A,-,08,22107.0,,N,F,A,H,-,A,D,0,Y,,C,02,0,1,0,0,1,34.030799865722656,-118.43753814697266,LOS ANGELES,LOS ANGELES,-118.43753814697266,34.03079605102539,1,Morning,0
2022,9525,2022-11-29,1605,2,2,N,A,-,N,,,Y,3,0,2,2,A,-,09,21802.0,A,N,C,A,H,-,A,A,0,Y,,A,01,0,2,0,0,2,34.146949768066406,-117.88140106201172,LOS ANGELES,UNINCORPORATED,-117.8813934326172,34.14690017700195,0,Evening,0
2022,9540,2022-12-01,1735,4,2,N,B,-,Y,H,,Y,4,0,1,2,A,-,07,21658.0,A,N,B,B,H,-,C,D,0,Y,,A,01,0,0,1,0,1,34.35451889038086,-118.50565338134766,LOS ANGELES,SANTA CLARITA,-118.50562286376952,34.35452651977539,0,Evening,0
2022,9535,2022-11-28,1645,1,2,N,A,-,Y,H,,Y,3,0,1,2,A,-,07,21658.0,A,N,B,A,H,-,B,D,0,Y,,D,22,0,1,0,0,1,33.997268676757805,-118.17691040039062,LOS ANGELES,BELL,-118.17691802978516,33.99727249145508,0,Evening,0
2022,9590,2022-10-01,2320,6,3,N,A,-,Y,,,N,2,0,1,1,A,-,08,22107.0,,F,F,A,H,-,E,D,0,Y,,C,02,1,0,0,0,1,34.053428649902344,-118.2136688232422,LOS ANGELES,LOS ANGELES,-118.2136688232422,34.053428649902344,1,Night,1
2022,9565,2022-11-04,607,5,1,N,A,-,Y,H,,N,3,0,1,2,A,-,08,22107.0,,N,B,D,H,-,B,D,0,Y,,A,07,0,1,0,0,1,33.927608489990234,-118.30021667480467,LOS ANGELES,UNINCORPORATED,-118.3002471923828,33.92768478393555,0,Morning,0
2022,9525,2022-12-08,1145,4,1,N,A,-,Y,H,,Y,3,0,1,2,A,-,08,22107.0,,N,B,A,H,-,A,D,0,Y,,C,02,0,1,0,0,1,34.01813888549805,-117.81620025634766,LOS ANGELES,DIAMOND BAR,-117.81626892089844,34.01817321777344,0,Midday,0
2022,9590,2022-11-27,2050,7,2,N,A,-,Y,H,,N,3,0,1,1,A,-,08,22107.0,,N,E,A,H,-,C,D,0,Y,,C,02,0,1,0,0,1,34.0343017578125,-118.3542709350586,LOS ANGELES,LOS ANGELES,-118.35426330566406,34.0341911315918,1,Night,0
2022,9590,2022-11-29,1143,2,1,N,A,-,Y,H,,N,3,0,1,2,A,-,07,21658.0,A,F,B,A,H,-,A,D,0,Y,,A,07,0,1,0,0,1,34.0589485168457,-118.2451171875,LOS ANGELES,LOS ANGELES,-118.2451400756836,34.05893325805664,0,Midday,0
2022,9590,2022-11-30,30,3,3,N,A,-,Y,,,N,4,0,1,1,A,-,08,22107.0,,N,E,A,H,-,C,D,0,Y,,C,02,0,0,1,0,1,34.05535888671875,-118.21147918701172,LOS ANGELES,LOS ANGELES,-118.21159362792967,34.054962158203125,0,Night,0
2022,9590,2022-12-06,1835,2,2,N,A,-,Y,H,,N,4,0,1,2,A,-,03,22350.0,,N,C,A,H,-,C,D,0,Y,,C,02,0,0,1,0,1,34.04774856567383,-118.21450805664062,LOS ANGELES,LOS ANGELES,-118.21443939208984,34.047733306884766,0,Evening,0
2022,9590,2022-11-27,2205,7,3,N,A,-,Y,H,,N,4,0,1,2,A,-,03,22350.0,,F,C,A,H,-,C,D,0,Y,,C,02,0,0,1,0,1,34.05379867553711,-118.23696899414062,LOS ANGELES,LOS ANGELES,-118.23697662353516,34.05378723144531,1,Night,0
2022,9580,2022-12-05,1240,1,1,N,A,-,Y,H,,N,2,0,1,3,A,-,07,21658.0,A,F,B,A,H,-,A,D,0,Y,,-,99,1,0,0,0,1,34.156620025634766,-118.40936279296876,LOS ANGELES,LOS ANGELES,-118.40936279296876,34.156620025634766,0,Midday,1
2022,9565,2022-11-30,1854,3,2,N,A,-,Y,H,,N,2,0,1,3,D,-,00,,,N,B,A,H,-,C,D,0,Y,,-,- ,1,0,0,0,1,34.046749114990234,-118.44640350341795,LOS ANGELES,LOS ANGELES,-118.44636535644533,34.04677200317383,0,Evening,1
2022,9535,2022-11-30,1740,3,2,N,A,-,Y,,,N,3,0,1,1,C,-,18,,,N,F,D,H,-,D,D,0,Y,,-,- ,0,1,0,0,1,34.064208984375,-117.99918365478516,LOS ANGELES,BALDWIN PARK,-117.99918365478516,34.064208984375,0,Evening,0
2022,9535,2022-11-30,728,3,1,N,A,-,Y,H,,N,3,0,1,2,A,-,03,22350.0,,N,C,A,H,-,A,D,0,Y,,C,02,0,1,0,0,1,34.071659088134766,-118.13069152832033,LOS ANGELES,ALHAMBRA,-118.13069152832033,34.071720123291016,0,Morning,0
2022,9565,2022-12-01,1730,4,2,N,A,-,Y,H,,Y,3,0,1,2,A,-,07,21658.0,A,N,D,A,H,-,C,D,0,Y,,A,01,0,1,0,0,1,33.9250602722168,-118.32733917236328,LOS ANGELES,HAWTHORNE,-118.32733917236328,33.924983978271484,0,Evening,0
2022,9590,2022-11-17,1312,4,1,N,A,-,Y,H,,N,3,0,1,1,A,-,08,22107.0,,N,F,A,H,-,A,D,0,Y,,C,02,0,1,0,0,1,34.0743293762207,-118.27175903320312,LOS ANGELES,LOS ANGELES,-118.27178955078124,34.07428359985352,0,Midday,0
2022,9575,2022-10-21,835,5,1,N,A,-,N,,,N,4,0,1,1,A,-,03,22350.0,,N,F,A,H,-,A,D,0,Y,,C,02,0,0,1,0,1,34.13502883911133,-118.06932067871094,LOS ANGELES,UNINCORPORATED,-118.06944274902344,34.13494873046875,0,Morning,0
2022,9575,2022-11-11,1605,5,2,N,A,-,Y,H,,Y,3,0,1,3,A,-,07,21658.0,A,N,B,A,H,-,A,D,0,Y,,A,07,0,1,0,0,1,34.14133071899414,-118.27545166015624,LOS ANGELES,LOS ANGELES,-118.27544403076172,34.14131546020508,0,Evening,0
2022,9590,2022-11-06,1303,7,1,N,A,-,Y,H,,N,4,0,1,2,A,-,07,21658.0,A,F,B,A,H,-,A,D,0,Y,,-,99,0,0,1,0,1,34.076148986816406,-118.27787017822266,LOS ANGELES,LOS ANGELES,-118.2778778076172,34.07612228393555,1,Midday,0
2022,9590,2022-11-26,1120,6,1,N,A,-,Y,,,N,3,0,1,1,A,-,08,22107.0,,N,F,A,H,-,A,D,0,Y,,C,02,0,1,0,0,1,34.08169174194336,-118.22823333740234,LOS ANGELES,LOS ANGELES,-118.22823333740234,34.08169174194336,1,Midday,0
2022,9550,2022-12-06,1130,2,1,N,B,-,N,,,N,3,0,1,1,A,-,21,22106.0,,N,E,A,H,-,A,D,0,Y,,C,02,0,1,0,0,1,33.97650909423828,-118.07093048095705,LOS ANGELES,UNINCORPORATED,-118.0708236694336,33.97642517089844,0,Midday,0
2022,9530,2022-10-10,535,1,3,N,B,-,Y,H,,Y,3,0,1,2,A,-,07,21658.0,A,N,B,A,H,-,D,D,0,Y,,A,01,0,1,0,0,1,33.92805862426758,-118.21688079833984,LOS ANGELES,LYNWOOD,-118.2168426513672,33.928123474121094,0,Morning,0
2022,9540,2022-12-13,1850,2,2,N,A,-,Y,H,,N,3,0,1,3,A,-,07,21658.0,A,N,B,A,H,-,D,D,0,Y,,A,01,0,1,0,0,1,34.50471115112305,-118.24624633789062,LOS ANGELES,UNINCORPORATED,-118.24624633789062,34.50471878051758,0,Evening,0
2022,9530,2022-12-06,645,2,1,N,A,-,Y,H,,Y,3,0,1,1,A,-,03,22350.0,,N,F,A,H,-,A,D,0,Y,,C,02,0,1,0,0,1,33.92887878417969,-118.28775787353516,LOS ANGELES,LOS ANGELES,-118.28775787353516,33.92885971069336,0,Morning,0
2022,9545,2022-10-24,522,1,3,N,A,-,N,,,Y,1,1,0,2,A,-,09,21804.0,A,N,D,A,H,-,C,D,0,Y,,C,02,0,0,0,1,0,34.61655044555664,-117.82665252685548,LOS ANGELES,UNINCORPORATED,-117.82686614990234,34.616539001464844,0,Morning,1
2022,9590,2022-12-15,1450,4,2,N,A,-,Y,H,,Y,4,0,1,3,A,-,03,22350.0,,N,B,A,H,-,A,D,0,Y,,C,02,0,0,1,0,1,34.02830123901367,-118.2742919921875,LOS ANGELES,LOS ANGELES,-118.27430725097656,34.02830123901367,0,Midday,0
2022,9580,2022-12-11,1200,7,1,N,A,-,Y,H,,N,3,0,2,3,A,-,03,22350.0,,N,C,A,H,-,A,D,0,Y,,A,01,0,1,1,0,0,34.15105056762695,-118.69065856933594,LOS ANGELES,CALABASAS,-118.69064331054688,34.15110778808594,1,Midday,0
2022,9540,2022-12-01,1745,4,2,N,A,-,N,,,Y,2,0,1,2,A,-,06,21751.0,,N,A,A,H,-,D,D,0,Y,,C,02,1,0,0,0,1,34.54180908203125,-118.43843841552734,LOS ANGELES,UNINCORPORATED,-118.39312744140624,34.568565368652344,0,Evening,1
2022,9535,2022-12-03,1600,6,2,Y,A,-,N,,,Y,2,0,2,2,A,-,09,21802.0,A,N,D,A,H,-,A,A,0,Y,,A,01,1,0,1,0,1,34.18278884887695,-118.1449737548828,LOS ANGELES,UNINCORPORATED,-118.14490509033205,34.18274688720703,1,Evening,1
2022,9575,2022-12-09,645,5,1,N,A,-,Y,H,,N,3,0,1,3,A,-,03,22350.0,,N,C,A,H,-,B,D,0,Y,,C,02,0,1,0,0,1,34.1549186706543,-118.3198013305664,LOS ANGELES,BURBANK,-118.31978607177734,34.15486526489258,0,Morning,0
2022,9530,2022-12-07,1730,3,2,N,A,-,Y,H,,Y,4,0,1,2,A,-,07,21658.0,A,N,B,A,H,-,C,D,0,Y,,A,01,0,0,1,0,1,33.86682891845703,-118.33416748046876,LOS ANGELES,TORRANCE,-118.33419036865234,33.86677932739258,0,Evening,0
2022,9565,2022-12-08,1558,4,2,N,A,-,Y,H,,Y,4,0,1,1,A,-,08,22107.0,,N,F,A,H,-,A,D,0,Y,,C,02,0,0,1,0,1,33.988319396972656,-118.38957977294922,LOS ANGELES,CULVER CITY,-118.38963317871094,33.98835372924805,0,Midday,0
2022,9575,2022-12-09,1740,5,2,N,A,-,Y,H,,Y,2,0,1,2,A,-,03,22350.0,,N,C,A,H,-,D,D,0,Y,,C,02,1,0,0,0,1,34.152801513671875,-118.28411102294922,LOS ANGELES,LOS ANGELES,-118.28408050537108,34.152854919433594,0,Evening,1
2022,9535,2022-12-08,756,4,1,N,A,-,Y,H,,N,3,0,1,2,A,-,03,22350.0,,N,E,A,H,-,A,D,0,Y,,C,02,0,1,0,0,1,34.071590423583984,-118.13735198974608,LOS ANGELES,ALHAMBRA,-118.13735198974608,34.071636199951165,0,Morning,0
2022,9530,2022-08-27,1630,6,2,N,A,-,Y,H,,Y,2,0,1,2,A,-,08,22107.0,,N,D,A,H,-,A,D,0,Y,,C,02,1,0,0,0,1,33.880130767822266,-118.19184112548828,LOS ANGELES,LONG BEACH,-118.19190979003906,33.88014221191406,1,Evening,1
2022,9545,2022-11-20,1705,7,2,Y,A,-,N,,,Y,2,0,1,2,A,-,17,24250.0,,N,D,A,H,-,D,A,0,Y,,C,06,1,0,0,0,1,34.623878479003906,-117.8447723388672,LOS ANGELES,UNINCORPORATED,-117.84474182128906,34.623863220214844,1,Evening,1
2022,9530,2022-11-24,1405,4,2,N,A,-,Y,H,,Y,2,0,1,1,A,-,07,21658.0,A,N,F,A,H,-,A,D,0,Y,,C,02,1,0,0,0,1,33.923709869384766,-118.28089904785156,LOS ANGELES,LOS ANGELES,-118.2812042236328,33.92373275756836,0,Midday,1
2022,9565,2022-12-08,1710,4,2,Y,A,-,N,,,Y,2,0,1,2,A,-,09,21801.0,A,N,D,A,H,-,C,D,0,Y,,A,01,1,0,0,0,1,33.91836166381836,-118.30908966064452,LOS ANGELES,UNINCORPORATED,-118.30915069580078,33.91832733154297,0,Evening,1
2022,9525,2022-12-15,655,4,1,N,A,-,N,,,Y,3,0,1,2,A,-,08,22107.0,,N,B,A,H,-,A,D,0,Y,,C,02,0,1,0,0,1,34.11016845703125,-117.91287231445312,LOS ANGELES,UNINCORPORATED,-117.91301727294922,34.11021423339844,0,Morning,0
2022,9590,2022-12-15,1034,4,1,N,A,-,Y,H,,N,4,0,1,1,A,-,03,22350.0,,N,F,A,H,-,A,D,0,Y,,C,02,0,0,1,0,1,34.03575134277344,-118.22096252441406,LOS ANGELES,LOS ANGELES,-118.22096252441406,34.03575134277344,0,Morning,0
2022,9535,2022-12-10,1450,6,2,N,A,-,Y,H,,N,4,0,1,2,A,-,03,22350.0,,N,C,A,H,-,A,D,0,Y,,C,02,0,0,1,0,1,33.965091705322266,-118.16899871826172,LOS ANGELES,BELL,-118.16889190673828,33.96505355834961,1,Midday,0
2022,9590,2022-12-01,535,4,3,N,B,-,Y,H,,N,3,0,1,1,A,-,08,22107.0,,N,E,A,H,-,C,D,0,Y,,C,02,0,1,0,0,1,34.0349006652832,-118.27472686767578,LOS ANGELES,LOS ANGELES,-118.27458190917967,34.03488540649414,0,Morning,0
2022,9575,2022-12-14,1830,3,2,N,A,-,Y,H,,Y,3,0,1,2,A,-,07,21658.0,A,N,C,A,H,-,D,D,0,Y,,A,07,0,1,0,0,1,34.15306854248047,-118.33748626708984,LOS ANGELES,BURBANK,-118.33747863769533,34.153106689453125,0,Evening,0
2022,9540,2022-12-07,1404,3,2,N,A,-,Y,H,,Y,4,0,1,2,A,-,07,21658.0,A,N,C,A,H,-,A,D,0,Y,,A,07,0,0,1,0,1,34.37247848510742,-118.49920654296876,LOS ANGELES,UNINCORPORATED,-118.49916839599608,34.37245559692383,0,Midday,0
2022,9565,2022-12-12,3,1,3,N,B,-,Y,H,,Y,4,0,2,2,A,-,03,22350.0,,N,C,A,H,-,D,D,0,Y,,A,01,0,0,2,0,2,33.97053909301758,-118.37580108642578,LOS ANGELES,LOS ANGELES,-118.37577056884766,33.970577239990234,0,Night,0
2022,9550,2022-12-20,800,2,1,N,A,-,Y,H,,Y,3,0,1,2,A,-,03,22350.0,,N,C,A,H,-,A,D,0,Y,,C,02,0,1,0,0,1,33.906368255615234,-118.0668487548828,LOS ANGELES,NORWALK,-118.0666732788086,33.906494140625,0,Morning,0
2022,9530,2022-12-13,738,2,1,N,A,-,Y,H,,N,4,0,1,3,A,-,03,22350.0,,N,C,A,H,-,A,D,0,Y,,C,02,0,0,1,0,1,33.80421829223633,-118.13944244384766,LOS ANGELES,LONG BEACH,-118.13948822021484,33.804161071777344,0,Morning,0
2022,9525,2022-12-15,700,4,1,N,B,-,Y,H,,N,4,0,1,2,A,-,03,22350.0,,N,C,A,H,-,A,D,0,Y,,C,02,0,0,1,0,1,34.081729888916016,-117.72537231445312,LOS ANGELES,CLAREMONT,-117.72537231445312,34.081741333007805,0,Morning,0
2022,9575,2022-09-07,2015,3,2,N,A,-,Y,H,,Y,1,1,0,1,A,-,08,22107.0,,N,E,A,H,-,C,D,0,Y,,C,02,0,0,0,1,0,34.2671012878418,-118.44190216064452,LOS ANGELES,LOS ANGELES,-118.44193267822266,34.26723861694336,0,Night,1
2022,9530,2022-12-07,815,3,1,N,A,-,Y,H,,Y,2,0,1,4,A,-,07,21658.0,A,F,B,A,H,-,A,D,0,Y,,-,99,1,0,0,0,1,33.92887878417969,-118.28363037109376,LOS ANGELES,LOS ANGELES,-118.28363037109376,33.92887878417969,0,Morning,1
2022,9550,2022-12-15,1310,4,1,N,A,-,N,,,N,3,0,1,2,A,-,05,21650.0,,N,H,A,H,-,A,D,0,Y,,O,05,0,1,0,0,1,33.984771728515625,-117.88896942138672,LOS ANGELES,UNINCORPORATED,-117.8893585205078,33.98467254638672,0,Midday,0
2022,9575,2022-07-28,1650,4,2,N,A,-,Y,H,,Y,1,1,0,3,A,-,07,21658.0,A,N,B,A,H,-,A,D,0,Y,,C,02,0,0,0,1,0,34.1663818359375,-118.29911041259766,LOS ANGELES,GLENDALE,-118.29912567138672,34.16636657714844,0,Evening,1
2022,9580,2022-12-22,1045,4,1,N,A,-,Y,H,,N,4,0,1,2,A,-,03,22350.0,,N,B,A,H,-,A,D,0,Y,,C,02,0,0,1,0,1,34.17350006103516,-118.56073760986328,LOS ANGELES,LOS ANGELES,-118.56073760986328,34.173458099365234,0,Morning,0
2022,9530,2022-12-14,1350,3,1,N,A,-,Y,H,,Y,2,0,2,2,A,-,03,22350.0,,N,C,A,H,-,A,D,0,Y,,C,02,1,0,1,0,1,33.892921447753906,-118.28582000732422,LOS ANGELES,LOS ANGELES,-118.28579711914062,33.892921447753906,0,Midday,1