ACCIDENT_YEAR,JURIS,COLLISION_DATE,COLLISION_TIME,DAY_OF_WEEK,CHP_SHIFT,INTERSECTION,WEATHER_1,WEATHER_2,STATE_HWY_IND,LOCATION_TYPE,RAMP_INTERSECTION,TOW_AWAY,COLLISION_SEVERITY,NUMBER_KILLED,NUMBER_INJURED,PARTY_COUNT,PRIMARY_COLL_FACTOR,PCF_CODE_OF_VIOL,PCF_VIOL_CATEGORY,PCF_VIOLATION,PCF_VIOL_SUBSECTION,HIT_AND_RUN,TYPE_OF_COLLISION,ROAD_SURFACE,ROAD_COND_1,ROAD_COND_2,LIGHTING,CONTROL_DEVICE,CHP_ROAD_TYPE,MOTORCYCLE_ACCIDENT,ALCOHOL_INVOLVED,STWD_VEHTYPE_AT_FAULT,CHP_VEHTYPE_AT_FAULT,COUNT_SEVERE_INJ,COUNT_VISIBLE_INJ,COUNT_COMPLAINT_PAIN,COUNT_MC_KILLED,COUNT_MC_INJURED,LATITUDE,LONGITUDE,COUNTY,CITY,POINT_X,POINT_Y,IS_WEEKEND,TIME_OF_DAY,SEVERE_FATAL
2022,9675,2022-08-27,1950,6,2,N,A,-,Y,,,N,3,0,1,2,A,-,08,22107,,N,B,A,H,-,C,D,0,Y,,-,- ,0,1,0,0,1,33.767810821533203,-117.8377685546875,ORANGE,ORANGE,-117.88714599609375,33.778770446777344,1,Evening,0
2022,9675,2022-08-30,1741,2,2,N,A,-,Y,H,,Y,4,0,1,2,A,-,07,21658,A,N,B,A,H,-,A,D,0,Y,,A,01,0,0,1,0,1,33.699489593505859,-117.77452850341797,ORANGE,IRVINE,-117.77445983886719,33.699520111083984,0,Evening,0
2022,9675,2022-09-01,0855,4,1,N,A,-,Y,H,,N,3,0,1,1,C,-,18,,,N,F,A,C,-,A,D,0,Y,,-,- ,0,1,0,0,1,33.808181762695312,-117.87960815429688,ORANGE,ANAHEIM,-117.87966156005859,33.808193206787109,0,Morning,0
2022,9675,2022-09-01,1843,4,2,N,B,-,Y,H,,Y,4,0,1,2,A,-,07,21658,A,N,B,A,H,-,A,D,0,Y,,A,01,0,0,1,0,1,33.869110107421875,-117.75305938720703,ORANGE,ANAHEIM,-117.75305938720703,33.869113922119141,0,Evening,0
2022,9670,2022-09-07,1115,3,1,N,A,-,Y,H,,Y,2,0,1,6,A,-,03,22350,,F,C,A,H,-,A,D,0,Y,,A,01,1,0,0,0,1,33.833541870117188,-117.93379211425781,ORANGE,ANAHEIM,-117.93376159667969,33.833576202392578,0,Midday,1
2022,9670,2022-09-01,0650,4,1,N,A,-,Y,H,,N,2,0,1,3,A,-,03,22350,,F,C,A,H,-,A,D,0,Y,Y,C,02,1,0,0,0,1,33.853771209716797,-117.90187835693359,ORANGE,ANAHEIM,-117.90187835693359,33.853778839111328,0,Morning,1
2022,9675,2022-09-06,0917,2,1,N,A,-,Y,H,,Y,3,0,1,2,A,-,03,22350,,N,C,A,H,-,A,D,0,Y,,C,02,0,1,0,0,1,33.801708221435547,-117.83162689208984,ORANGE,ORANGE,-117.83170318603516,33.801704406738281,0,Morning,0
2022,9675,2022-09-06,1850,2,2,Y,A,-,N,,,N,4,0,1,2,A,-,09,21801,A,N,D,A,H,-,A,D,0,Y,,A,01,0,0,1,0,1,33.787750244140625,-117.80792236328125,ORANGE,UNINCORPORATED,-117.80791473388672,33.787765502929688,0,Evening,0
2022,9670,2022-09-05,2115,1,2,N,A,-,N,,,N,4,0,1,2,A,-,07,21658,A,F,B,A,H,-,C,D,0,Y,,A,01,0,0,1,0,1,33.803398132324219,-117.97561645507812,ORANGE,UNINCORPORATED,-117.97565460205078,33.803287506103516,0,Night,0
2022,9675,2022-09-04,0355,7,3,N,A,-,Y,H,,Y,3,0,1,1,A,-,08,22107,,N,F,A,H,-,C,D,0,Y,,C,02,0,1,0,0,1,33.706459045410156,-117.72586059570312,ORANGE,UNINCORPORATED,-117.72586059570312,33.706459045410156,1,Night,0
2022,9675,2022-09-07,0815,3,1,N,A,-,N,,,N,3,0,1,1,A,-,03,22350,,N,F,A,H,-,A,D,0,Y,,C,02,0,1,0,0,1,33.747970581054688,-117.67098236083984,ORANGE,UNINCORPORATED,-117.67497253417969,33.747837066650391,0,Morning,0
2022,9670,2022-09-13,1540,2,2,N,A,-,Y,H,,N,4,0,1,1,A,-,03,22350,,N,F,A,H,-,A,D,0,Y,,C,02,0,0,1,0,1,33.770290374755859,-117.91295623779297,ORANGE,GARDEN GROVE,-117.91297149658203,33.770313262939453,0,Midday,0
2022,9690,2022-09-11,0401,7,3,N,A,-,Y,,,Y,3,0,1,1,A,-,08,22107,,N,E,A,D,-,C,D,0,Y,,C,02,0,1,0,0,1,33.613731384277344,-117.70578765869141,ORANGE,LAKE FOREST,-117.70578765869141,33.613731384277344,1,Night,0
2022,9675,2022-09-11,1520,7,2,N,A,-,Y,H,,Y,3,0,1,2,A,-,03,22350,,M,C,A,H,-,A,D,0,Y,Y,C,02,0,1,0,0,1,33.872711181640625,-117.697998046875,ORANGE,ANAHEIM,-117.69807434082031,33.872837066650391,1,Midday,0
2022,9675,2022-06-23,2104,4,2,N,A,-,Y,H,,Y,1,1,5,3,A,-,03,22350,,N,C,A,H,-,C,D,0,Y,Y,A,01,1,3,1,1,0,33.8013916015625,-117.87851715087891,ORANGE,ANAHEIM,-117.87861633300781,33.801345825195312,0,Night,1
2022,9690,2022-09-12,1715,1,2,Y,A,-,N,,,N,4,0,1,1,A,-,08,22107,,N,F,A,H,-,A,D,0,Y,,C,02,0,0,1,0,1,33.545330047607422,-117.62889099121094,ORANGE,UNINCORPORATED,-117.62918090820312,33.545341491699219,0,Evening,0
2022,9675,2022-09-15,1625,4,2,N,A,-,Y,H,,Y,3,0,1,2,A,-,07,21658,A,N,B,A,H,-,A,D,0,Y,,A,01,0,1,0,0,1,33.700458526611328,-117.8597412109375,ORANGE,SANTA ANA,-117.85964965820312,33.700401306152344,0,Evening,0
2022,9670,2022-09-15,0750,4,1,N,B,-,Y,H,,N,3,0,1,3,A,-,03,22350,,N,C,A,H,-,A,D,0,Y,,C,02,0,1,0,0,1,33.766059875488281,-117.92929077148438,ORANGE,GARDEN GROVE,-117.92929077148438,33.766017913818359,0,Morning,0
2022,9675,2022-09-16,1604,5,2,N,A,-,N,,,Y,3,0,1,1,A,-,08,22107,,N,F,A,H,-,A,D,0,Y,,C,02,0,1,0,0,1,33.760608673095703,-117.70501708984375,ORANGE,UNINCORPORATED,,,0,Evening,0
2022,9670,2022-09-16,1710,5,2,N,A,-,Y,H,,N,4,0,1,1,A,-,03,22350,,N,F,A,H,-,A,D,0,Y,,C,02,0,0,1,0,1,33.855831146240234,-118.02494812011719,ORANGE,BUENA PARK,-118.02494049072266,33.85589599609375,0,Evening,0
2022,9675,2022-09-15,0740,4,1,N,A,-,Y,H,,N,2,0,1,2,A,-,07,21658,A,N,B,A,H,-,A,D,0,Y,,A,07,1,0,0,0,1,33.822780609130859,-117.87624359130859,ORANGE,ANAHEIM,-117.87630462646484,33.822780609130859,0,Morning,1
2022,9690,2022-09-21,1840,3,2,N,A,-,Y,H,,N,3,0,1,2,A,-,03,22350,,N,C,A,H,-,A,D,0,Y,,C,02,0,1,0,0,1,33.531330108642578,-117.67436981201172,ORANGE,SAN JUAN CAPISTRANO,-117.67446899414062,33.531295776367188,0,Evening,0
2022,9690,2022-09-18,1315,7,1,N,A,-,N,,,N,2,0,2,3,A,-,03,22350,,N,B,A,H,-,A,D,0,Y,,-,- ,1,1,0,0,1,33.555931091308594,-117.64521789550781,ORANGE,UNINCORPORATED,-117.64521026611328,33.554721832275391,1,Midday,1
2022,9675,2022-09-19,0603,1,1,N,A,-,Y,H,,Y,4,0,1,2,A,-,03,22350,,N,C,A,H,-,B,D,0,Y,,C,02,0,0,1,0,1,33.855640411376953,-117.87557983398438,ORANGE,ANAHEIM,-117.8758544921875,33.855621337890625,0,Morning,0
2022,9675,2022-09-19,0900,1,1,N,B,-,Y,H,,Y,2,0,1,2,A,-,03,22350,,N,C,A,H,-,A,D,0,Y,,C,02,1,0,0,0,1,33.778759002685547,-117.89611053466797,ORANGE,ORANGE,-117.89608001708984,33.778690338134766,0,Morning,1
2022,9675,2022-09-20,2145,2,2,N,A,-,Y,H,,Y,3,0,1,2,A,-,07,21658,A,N,B,A,D,E,C,D,0,Y,,A,01,0,1,0,0,1,33.847618103027344,-117.71726226806641,ORANGE,UNINCORPORATED,-117.71724700927734,33.847621917724609,0,Night,0
2022,9670,2022-09-01,0922,4,1,N,A,-,Y,H,,N,4,0,1,3,A,-,03,22350,,N,C,A,H,-,A,D,0,Y,,A,07,0,0,1,0,1,33.853790283203125,-117.96096801757812,ORANGE,ANAHEIM,-117.96096801757812,33.853824615478516,0,Morning,0
2022,9675,2022-09-20,1650,2,2,N,A,-,Y,H,,N,4,0,1,2,A,-,07,21658,A,N,B,A,H,-,A,D,0,Y,,A,01,0,0,1,0,1,33.733661651611328,-117.81524658203125,ORANGE,TUSTIN,-117.81526947021484,33.733646392822266,0,Evening,0
2022,9670,2022-09-14,1840,3,2,N,A,-,Y,H,,N,3,0,1,2,A,-,03,22350,,N,C,A,D,-,A,D,0,Y,,C,02,0,1,0,0,1,33.774551391601562,-118.07450866699219,ORANGE,SEAL BEACH,-118.07450866699219,33.774490356445312,0,Evening,0
2022,9675,2022-09-21,1742,3,2,N,A,-,Y,H,,N,3,0,1,2,A,-,03,22350,,N,C,A,H,-,A,D,0,Y,,C,02,0,1,0,0,1,33.910541534423828,-117.88363647460938,ORANGE,FULLERTON,-117.88370513916016,33.910530090332031,0,Evening,0
2022,9675,2022-09-22,0915,4,1,N,A,-,Y,H,,Y,4,0,1,2,A,-,07,21658,A,N,B,A,H,-,A,D,0,Y,,A,01,0,0,1,0,1,33.679561614990234,-117.8798828125,ORANGE,COSTA MESA,-117.87985992431641,33.679550170898438,0,Morning,0
2022,9675,2022-09-22,1105,4,1,N,A,-,Y,,,Y,3,0,1,1,A,-,03,22350,,N,F,A,H,-,A,D,0,Y,,C,02,0,1,0,0,1,33.759109497070312,-117.83206939697266,ORANGE,TUSTIN,-117.83206939697266,33.759109497070312,0,Midday,0
2022,9670,2022-09-20,0702,2,1,N,A,-,Y,H,,N,2,0,1,3,A,-,03,22350,,N,C,A,H,-,A,D,0,Y,,C,02,1,0,0,0,1,33.765850067138672,-117.96630859375,ORANGE,GARDEN GROVE,-117.96630859375,33.765903472900391,0,Morning,1
2022,9675,2022-09-21,0756,3,1,N,A,-,Y,H,,N,2,0,1,2,A,-,03,22350,,N,C,A,H,-,A,D,0,Y,,C,02,1,0,0,0,1,33.707801818847656,-117.78040313720703,ORANGE,IRVINE,-117.78044891357422,33.707771301269531,0,Morning,1
2022,9675,2022-09-22,2110,4,2,N,A,-,Y,H,,N,2,0,1,2,A,-,03,22350,,F,B,A,H,-,C,D,0,Y,,-,99,1,0,0,0,1,33.673759460449219,-117.75605010986328,ORANGE,IRVINE,-117.75611877441406,33.673748016357422,0,Night,1
2022,9675,2022-09-22,0920,4,1,N,A,-,Y,H,,N,4,0,1,2,A,-,03,22350,,N,C,A,H,-,A,D,0,Y,,C,02,0,0,1,0,1,33.809581756591797,-117.87931823730469,ORANGE,ANAHEIM,-117.87937164306641,33.809593200683594,0,Morning,0
2022,9690,2022-09-30,1148,5,1,N,A,-,Y,H,,N,2,0,1,1,C,-,18,,,N,E,A,H,-,A,D,0,Y,,-,- ,1,0,0,0,1,33.407520294189453,-117.59934997558594,ORANGE,SAN CLEMENTE,-117.59945678710938,33.407482147216797,0,Midday,1
2022,9675,2022-09-23,1955,5,2,N,A,-,N,,,N,2,0,2,2,C,-,18,,,N,E,A,H,-,D,D,0,Y,,-,- ,2,0,0,0,2,33.736858367919922,-117.6588134765625,ORANGE,UNINCORPORATED,,,0,Evening,1
2022,9675,2022-09-27,0827,2,1,N,A,-,Y,H,,Y,4,0,1,2,A,-,07,21658,A,N,B,A,H,-,A,D,0,Y,,C,02,0,0,1,0,1,33.796291351318359,-117.83084869384766,ORANGE,ORANGE,-117.83084106445312,33.796291351318359,0,Morning,0
2022,9675,2022-09-29,1620,4,2,N,A,-,Y,H,,N,4,0,1,2,A,-,03,22350,,N,B,A,H,-,A,D,0,Y,,C,02,0,0,1,0,1,33.676570892333984,-117.88864135742188,ORANGE,COSTA MESA,-117.88873291015625,33.676517486572266,0,Evening,0
2022,9690,2022-07-07,0927,4,1,N,A,-,N,,,Y,1,1,0,1,A,-,08,22107,,N,E,A,H,-,A,D,0,Y,,C,02,0,0,0,1,0,33.686378479003906,-117.61119079589844,ORANGE,UNINCORPORATED,-117.61081695556641,33.686367034912109,0,Morning,1
2022,9690,2022-04-10,0820,7,1,N,B,-,Y,H,,N,1,1,0,1,A,-,03,22350,,N,E,A,H,-,A,D,0,Y,,C,02,0,0,0,1,0,33.593868255615234,-117.48548126220703,ORANGE,UNINCORPORATED,-117.48551177978516,33.593940734863281,1,Morning,1
2022,9675,2022-10-02,2105,7,2,N,A,-,Y,H,,Y,3,0,2,1,C,-,18,,,N,E,A,C,-,C,D,0,Y,,-,- ,0,2,0,0,2,33.637950897216797,-117.72962951660156,ORANGE,IRVINE,-117.72955322265625,33.637992858886719,1,Night,0
2022,9675,2022-10-04,1735,2,2,N,A,-,Y,H,,N,3,0,1,1,A,-,03,22350,,N,E,A,H,-,A,D,0,Y,,C,02,0,1,0,0,1,33.790428161621094,-117.88887023925781,ORANGE,ORANGE,-117.88890075683594,33.7904052734375,0,Evening,0
2022,9675,2022-09-20,1825,2,2,N,A,-,N,,,N,1,1,0,1,A,-,07,21658,A,N,E,A,H,-,A,D,0,Y,,C,02,0,0,0,1,0,33.752281188964844,-117.69085693359375,ORANGE,UNINCORPORATED,-118.03452301025391,33.715629577636719,0,Evening,1
2022,9670,2022-10-09,0237,7,3,N,A,-,Y,H,,Y,2,0,2,5,C,-,18,,,N,A,A,H,-,C,D,0,Y,,-,- ,1,0,1,0,1,33.85614013671875,-118.00346374511719,ORANGE,BUENA PARK,-118.00346374511719,33.856132507324219,1,Night,1
2022,9675,2022-10-08,1838,6,2,N,A,-,Y,H,,N,4,0,1,2,A,-,07,21658,A,N,B,A,H,-,C,D,0,Y,,A,01,0,0,1,0,1,33.778560638427734,-117.89566040039062,ORANGE,ORANGE,-117.89567565917969,33.778602600097656,1,Evening,0
2022,9675,2022-10-08,1617,6,2,N,A,-,Y,H,,N,3,0,1,2,A,-,07,21658,A,N,B,A,H,-,A,D,0,Y,,A,07,0,1,0,0,1,33.705009460449219,-117.85527038574219,ORANGE,SANTA ANA,-117.85523223876953,33.704986572265625,1,Evening,0
2022,9670,2022-10-10,1650,1,2,N,A,-,Y,H,,N,3,0,1,1,A,-,08,22107,,N,E,A,D,E,A,D,0,Y,,C,02,0,1,0,0,1,33.696910858154297,-117.93862152099609,ORANGE,FOUNTAIN VALLEY,-117.9385986328125,33.696952819824219,0,Evening,0
2022,9675,2022-10-14,2120,5,2,N,A,-,N,,,N,4,0,1,1,A,-,01,23152,A,N,F,B,H,-,D,D,0,Y,Y,C,02,0,0,1,0,1,33.746601104736328,-117.63526153564453,ORANGE,UNINCORPORATED,-117.6353759765625,33.746532440185547,0,Night,0
2022,9675,2022-09-26,0640,1,1,N,A,-,Y,H,,Y,4,0,1,3,A,-,07,21658,A,F,B,A,H,-,A,D,0,Y,,-,99,0,0,1,0,1,33.729831695556641,-117.81024169921875,ORANGE,TUSTIN,-117.81027984619141,33.729785919189453,0,Morning,0
2022,9675,2022-10-14,1824,5,2,N,B,-,Y,H,,Y,3,0,1,2,A,-,07,21658,A,N,B,A,H,-,C,D,0,Y,,A,01,0,1,0,0,1,33.855289459228516,-117.78772735595703,ORANGE,ANAHEIM,-117.78764343261719,33.855155944824219,0,Evening,0
2022,9675,2022-10-20,0635,4,1,N,A,-,Y,,,N,2,0,1,2,A,-,03,22350,,M,C,A,H,-,B,D,0,Y,,C,02,1,0,0,0,1,33.708320617675781,-117.85086059570312,ORANGE,SANTA ANA,-117.85086059570312,33.708320617675781,0,Morning,1
2022,9670,2022-10-18,0640,2,1,N,A,-,Y,H,,N,4,0,1,2,A,-,08,22107,,N,C,A,H,-,A,D,0,Y,,C,02,0,0,1,0,1,33.797130584716797,-117.896240234375,ORANGE,ANAHEIM,-117.89623260498047,33.797134399414062,0,Morning,0
2022,9675,2022-10-18,1829,2,2,N,A,-,Y,H,,Y,2,0,2,2,A,-,03,22350,,N,C,A,H,-,C,D,0,Y,,C,02,1,0,1,0,1,33.866451263427734,-117.71840667724609,ORANGE,ANAHEIM,-117.71841430664062,33.866432189941406,0,Evening,1
2022,9675,2022-10-26,1350,3,1,N,A,-,Y,H,,Y,2,0,2,2,A,-,03,22350,,N,C,A,H,-,A,D,0,Y,,C,02,1,0,1,0,1,33.719310760498047,-117.79448699951172,ORANGE,IRVINE,-117.79446411132812,33.719333648681641,0,Midday,1
2022,9675,2022-10-19,0830,3,1,N,A,-,Y,H,,Y,3,0,1,2,A,-,07,21658,A,N,F,A,H,-,A,D,0,Y,,A,01,0,1,0,0,1,33.699790954589844,-117.77474975585938,ORANGE,IRVINE,-117.77466583251953,33.6998291015625,0,Morning,0
2022,9675,2022-10-18,1510,2,2,N,A,-,Y,H,,N,4,0,1,3,A,-,06,21750,A,M,B,A,H,-,A,A,0,Y,,C,02,0,0,1,0,1,33.700141906738281,-117.85993957519531,ORANGE,SANTA ANA,-117.85991668701172,33.700122833251953,0,Midday,0
2022,9690,2022-10-20,0705,4,1,N,A,-,Y,,,N,3,0,1,2,A,-,03,22350,,N,C,A,H,-,A,D,0,Y,,C,02,0,1,0,0,1,33.5400390625,-117.64128112792969,ORANGE,UNINCORPORATED,-117.64138031005859,33.54010009765625,0,Morning,0
2022,9675,2022-10-21,0830,5,1,N,A,-,Y,H,,Y,4,0,2,4,A,-,03,22350,,N,C,A,H,-,A,D,0,Y,,A,07,0,0,2,0,1,33.732528686523438,-117.8138427734375,ORANGE,TUSTIN,-117.81379699707031,33.732570648193359,0,Morning,0
2022,9675,2022-10-30,2350,7,3,N,A,-,Y,H,,Y,2,0,1,2,A,-,01,23152,A,N,B,A,A,H,D,D,0,Y,Y,C,02,1,0,0,0,1,33.674171447753906,-117.83602905273438,ORANGE,IRVINE,-117.83606719970703,33.674087524414062,1,Night,1
2022,9675,2022-10-27,1710,4,2,N,A,-,Y,H,,Y,2,0,1,2,A,-,03,22350,,N,C,A,H,-,A,D,0,Y,,C,03,1,0,0,0,1,33.772678375244141,-117.87094879150391,ORANGE,SANTA ANA,-117.87085723876953,33.772735595703125,0,Evening,1
2022,9670,2022-10-31,0900,1,1,N,A,-,Y,H,,N,4,0,1,2,A,-,08,22107,,N,B,A,H,-,A,D,0,Y,,-,- ,0,0,1,0,1,33.855319976806641,-117.97691345214844,ORANGE,FULLERTON,-117.97695922851562,33.855258941650391,0,Morning,0
2022,9675,2022-03-13,1657,7,2,N,A,-,Y,H,,N,1,1,0,1,A,-,01,23152,A,N,E,A,H,-,A,D,0,Y,Y,C,02,0,0,0,1,0,33.710700988769531,-117.7191162109375,ORANGE,UNINCORPORATED,-117.71935272216797,33.710613250732422,1,Evening,1
2022,9675,2022-10-31,1515,1,2,N,A,-,Y,H,,Y,3,0,1,3,A,-,07,21658,A,N,B,A,H,-,A,D,0,Y,,A,07,0,1,0,0,1,33.869319915771484,-117.75141906738281,ORANGE,ANAHEIM,-117.75141143798828,33.8692626953125,0,Midday,0
2022,9675,2022-10-22,0635,6,1,N,A,-,Y,H,,N,3,0,2,2,A,-,08,22107,,N,C,A,H,-,A,D,0,Y,,A,07,0,2,0,0,2,33.785701751708984,-117.88436126708984,ORANGE,ORANGE,-117.88445281982422,33.785648345947266,1,Morning,0
2022,9675,2022-11-01,1400,2,2,N,A,-,Y,H,,Y,4,0,1,4,A,-,03,22350,,N,C,A,D,-,A,D,0,Y,,C,02,0,0,1,0,1,33.687469482421875,-117.90315246582031,ORANGE,COSTA MESA,-117.90314483642578,33.687602996826172,0,Midday,0
2022,9670,2022-10-28,0845,5,1,N,A,-,Y,H,,N,4,0,1,2,A,-,07,21658,A,N,B,A,D,E,A,D,0,Y,,A,01,0,0,1,0,1,33.73712158203125,-117.99578094482422,ORANGE,HUNTINGTON BEACH,-117.99580383300781,33.737094879150391,0,Morning,0
2022,9675,2022-11-01,0715,2,1,N,A,-,Y,H,,N,2,0,1,2,A,-,08,22107,,F,B,A,H,-,A,D,0,Y,,-,99,1,0,0,0,1,33.785068511962891,-117.87996673583984,ORANGE,ORANGE,-117.87996673583984,33.785068511962891,0,Morning,1
2022,9675,2022-11-03,1430,4,2,N,A,-,Y,H,,Y,3,0,1,2,A,-,03,22350,,N,C,A,H,-,A,D,0,Y,,C,02,0,1,0,0,1,33.85321044921875,-117.88427734375,ORANGE,ANAHEIM,-117.88428497314453,33.853195190429688,0,Midday,0
2022,9675,2022-11-04,1437,5,2,N,A,-,Y,H,,N,3,0,1,2,A,-,07,21658,A,N,B,A,H,-,A,D,0,Y,,A,01,0,1,0,0,1,33.771869659423828,-117.87027740478516,ORANGE,SANTA ANA,-117.87017822265625,33.771930694580078,0,Midday,0
2022,9675,2022-11-04,1517,5,2,N,B,-,Y,H,,N,3,0,1,2,A,-,07,21658,A,N,C,A,H,-,A,D,0,Y,,A,01,0,1,0,0,1,33.846340179443359,-117.86258697509766,ORANGE,ANAHEIM,-117.86258697509766,33.846294403076172,0,Midday,0
2022,9675,2022-11-04,1705,5,2,N,A,-,Y,H,,Y,2,0,1,4,A,-,07,21658,A,N,C,A,H,-,A,D,0,Y,,A,01,1,0,0,0,1,33.86669921875,-117.72078704833984,ORANGE,ANAHEIM,-117.72079467773438,33.866687774658203,0,Evening,1
2022,9690,2022-11-14,1420,1,2,N,A,-,N,,,Y,2,0,1,1,A,-,03,22350,,N,F,A,H,-,A,D,0,Y,,C,02,1,0,0,0,1,33.582298278808594,-117.59336090087891,ORANGE,UNINCORPORATED,-117.59330749511719,33.582241058349609,0,Midday,1
2022,9675,2022-11-06,1210,7,1,N,A,-,N,,,N,2,0,1,2,A,-,08,22107,,N,D,A,H,-,A,D,0,Y,,A,07,1,0,0,0,1,33.762428283691406,-117.71013641357422,ORANGE,UNINCORPORATED,-117.71035003662109,33.762451171875,1,Midday,1
2022,9670,2022-10-25,0645,2,1,N,A,-,Y,H,,Y,4,0,1,2,A,-,03,22350,,N,C,A,H,-,B,D,0,Y,,C,02,0,0,1,0,1,33.774341583251953,-118.01963043212891,ORANGE,WESTMINSTER,-118.01963043212891,33.774379730224609,0,Morning,0
2022,9675,2022-11-10,1748,4,2,N,A,-,Y,H,,Y,3,0,1,3,A,-,07,21658,A,N,B,A,H,-,C,D,0,Y,,A,01,0,1,0,0,1,33.775310516357422,-117.87315368652344,ORANGE,SANTA ANA,-117.87307739257812,33.775352478027344,0,Evening,0
2022,9670,2022-11-04,1910,5,2,N,A,-,Y,H,,N,4,0,1,1,A,-,08,22107,,N,F,A,H,-,D,D,0,Y,,C,02,0,0,1,0,1,33.855869293212891,-118.02037048339844,ORANGE,BUENA PARK,-118.02037048339844,33.855827331542969,0,Evening,0
2022,9675,2022-11-19,1902,6,2,N,A,-,Y,H,,N,3,0,1,2,A,-,03,22350,,N,C,A,H,-,C,D,0,Y,,C,02,0,1,0,0,1,33.784961700439453,-117.83130645751953,ORANGE,ORANGE,-117.83123779296875,33.784961700439453,1,Evening,0
2022,9675,2022-11-19,1856,6,2,N,A,-,Y,H,,Y,3,0,1,1,A,-,03,22350,,N,F,A,H,-,C,D,0,Y,,C,02,0,1,0,0,1,33.677391052246094,-117.84564208984375,ORANGE,IRVINE,-117.84556579589844,33.677513122558594,1,Evening,0
2022,9670,2022-11-29,0935,2,1,N,A,-,Y,H,,N,4,0,1,2,A,-,07,21658,A,N,B,A,H,-,A,D,0,Y,,A,01,0,0,1,0,1,33.855770111083984,-118.02259063720703,ORANGE,BUENA PARK,-118.02259063720703,33.855808258056641,0,Morning,0
2022,9670,2022-10-22,1242,6,1,N,B,-,Y,H,,Y,2,0,1,3,A,-,03,22350,,N,C,A,D,-,A,D,0,Y,,C,02,1,0,0,0,1,33.717380523681641,-117.96903991699219,ORANGE,FOUNTAIN VALLEY,-117.96903991699219,33.717380523681641,1,Midday,1
2022,9675,2022-11-22,1658,2,2,N,A,-,Y,H,,N,3,0,1,2,A,-,07,21658,A,N,B,A,H,-,C,D,0,Y,,A,01,0,1,0,0,1,33.876789093017578,-117.88028717041016,ORANGE,FULLERTON,-117.88020324707031,33.876789093017578,0,Evening,0
2022,9675,2022-11-29,1811,2,2,N,A,-,Y,H,,N,2,0,1,2,A,-,08,22107,,F,B,A,H,-,C,D,0,Y,,-,99,1,0,0,0,1,33.663780212402344,-117.79820251464844,ORANGE,IRVINE,-117.79821014404297,33.663734436035156,0,Evening,1
2022,9690,2022-12-03,1505,6,2,Y,B,-,Y,H,,N,2,0,1,1,A,-,08,22107,,N,F,A,H,-,A,D,0,Y,,C,02,1,0,0,0,1,33.519828796386719,-117.61984252929688,ORANGE,UNINCORPORATED,-117.61977386474609,33.519603729248047,1,Midday,1
2022,9675,2022-12-02,0708,5,1,N,B,-,Y,H,,N,4,0,1,2,A,-,08,22107,,N,C,A,H,-,A,D,0,Y,,A,01,0,0,1,0,1,33.682571411132812,-117.85688781738281,ORANGE,UNINCORPORATED,-117.85691070556641,33.682540893554688,0,Morning,0
2022,9675,2022-12-06,0741,2,1,N,B,-,Y,H,,N,3,0,1,2,A,-,08,22107,,N,B,B,H,-,A,D,0,Y,,A,01,0,1,0,0,1,33.788528442382812,-117.88674926757812,ORANGE,ORANGE,-117.88682556152344,33.788478851318359,0,Morning,0
2022,9675,2022-12-06,1558,2,2,N,A,-,Y,H,,N,4,0,1,3,A,-,07,21658,A,N,B,A,H,-,A,D,0,Y,,A,01,0,0,1,0,1,33.870571136474609,-117.74272155761719,ORANGE,ANAHEIM,-117.74271392822266,33.870521545410156,0,Midday,0
2022,9690,2022-11-20,1515,7,2,N,A,-,N,,,Y,1,1,0,1,A,-,08,22107,,N,E,A,H,-,A,D,0,Y,,C,02,0,0,0,1,0,33.675079345703125,-117.60198974609375,ORANGE,UNINCORPORATED,-117.60184478759766,33.675045013427734,1,Midday,1
2022,9690,2022-02-10,0748,4,1,N,A,-,Y,H,,Y,1,1,0,3,A,-,07,21658,A,F,B,A,D,-,A,D,0,Y,,-,99,0,0,0,1,0,33.598888397216797,-117.67828369140625,ORANGE,LAGUNA HILLS,-117.67829132080078,33.598869323730469,0,Morning,1
2022,9675,2022-12-07,1630,3,2,N,A,-,Y,H,,Y,3,0,1,2,A,-,07,21658,A,N,B,A,H,-,A,D,0,Y,,A,07,0,1,0,0,1,33.712268829345703,-117.84816741943359,ORANGE,SANTA ANA,-117.84823608398438,33.712318420410156,0,Evening,0
2022,9675,2022-12-07,1715,3,2,N,A,-,Y,H,,N,3,0,1,2,A,-,03,22350,,N,C,A,H,-,C,D,0,Y,,C,02,0,1,0,0,1,33.69287109375,-117.77020263671875,ORANGE,IRVINE,-117.77011108398438,33.692913055419922,0,Evening,0