ACCIDENT_YEAR,JURIS,COLLISION_DATE,COLLISION_TIME,DAY_OF_WEEK,CHP_SHIFT,INTERSECTION,WEATHER_1,WEATHER_2,STATE_HWY_IND,LOCATION_TYPE,RAMP_INTERSECTION,TOW_AWAY,COLLISION_SEVERITY,NUMBER_KILLED,NUMBER_INJURED,PARTY_COUNT,PRIMARY_COLL_FACTOR,PCF_CODE_OF_VIOL,PCF_VIOL_CATEGORY,PCF_VIOLATION,PCF_VIOL_SUBSECTION,HIT_AND_RUN,TYPE_OF_COLLISION,ROAD_SURFACE,ROAD_COND_1,ROAD_COND_2,LIGHTING,CONTROL_DEVICE,CHP_ROAD_TYPE,MOTORCYCLE_ACCIDENT,ALCOHOL_INVOLVED,STWD_VEHTYPE_AT_FAULT,CHP_VEHTYPE_AT_FAULT,COUNT_SEVERE_INJ,COUNT_VISIBLE_INJ,COUNT_COMPLAINT_PAIN,COUNT_MC_KILLED,COUNT_MC_INJURED,LATITUDE,LONGITUDE,COUNTY,CITY,POINT_X,POINT_Y,IS_WEEKEND,TIME_OF_DAY,SEVERE_FATAL
2022,9840,2022-07-30,2124,6,2,N,A,-,Y,H,,N,2,0,1,2,A,-,01,23152.0,A,N,F,A,H,-,D,D,0,Y,Y,C,02,1,0,0,0,1,33.955299377441406,-117.38189697265624,RIVERSIDE,RIVERSIDE,-117.38189697265624,33.955299377441406,1,Night,1
2022,9685,2022-08-21,935,7,1,N,A,-,Y,H,,Y,4,0,1,2,A,-,08,22107.0,,N,D,A,H,-,A,D,0,Y,,D,22,0,0,1,0,1,33.65171813964844,-117.41046905517578,RIVERSIDE,UNINCORPORATED,-117.41049194335938,33.65177154541016,1,Morning,0
2022,9840,2022-08-27,35,6,3,N,A,-,Y,H,,N,2,0,1,2,A,-,08,22107.0,,N,B,A,H,-,C,D,0,Y,,D,22,1,0,0,0,1,33.96487045288086,-117.3265380859375,RIVERSIDE,RIVERSIDE,-117.32638549804688,33.96495819091797,1,Night,1
2022,9660,2022-08-22,425,1,3,N,B,-,Y,H,,N,3,0,1,1,A,-,07,21658.0,A,N,F,B,D,-,D,D,0,Y,,C,02,0,1,0,0,1,33.60908889770508,-114.99597930908205,RIVERSIDE,UNINCORPORATED,-114.99602508544922,33.608970642089844,0,Night,0
2022,9840,2022-08-28,630,7,1,N,A,-,N,,,Y,2,0,1,1,A,-,08,22107.0,,N,F,A,H,-,B,D,0,Y,,C,02,1,0,0,0,1,33.99599838256836,-117.2319564819336,RIVERSIDE,UNINCORPORATED,-117.23189544677734,33.995723724365234,1,Morning,1
2022,9840,2022-08-31,745,3,1,N,A,-,N,,,Y,2,0,1,1,A,-,08,22107.0,,N,F,A,H,-,A,A,0,Y,,C,02,1,0,0,0,1,34.00851821899414,-117.31217956542967,RIVERSIDE,UNINCORPORATED,-117.31208038330078,34.008480072021484,0,Morning,1
2022,9840,2022-08-29,2008,1,2,N,A,-,N,,,Y,2,0,1,1,C,-,18,,,N,F,A,H,-,C,D,0,Y,,-,- ,1,0,0,0,1,33.86027908325195,-117.3110122680664,RIVERSIDE,UNINCORPORATED,-117.31084442138672,33.86027908325195,0,Night,1
2022,9685,2022-08-29,845,1,1,N,A,-,Y,H,,N,4,0,1,3,A,-,06,21750.0,A,N,B,A,H,-,A,D,0,Y,,C,02,0,0,1,0,1,33.59857940673828,-117.17459106445312,RIVERSIDE,MURRIETA,-117.17459106445312,33.59857940673828,0,Morning,0
2022,9840,2022-06-21,740,2,1,N,A,-,Y,H,,Y,1,1,0,3,A,-,03,22350.0,,N,C,A,H,-,A,D,0,Y,,C,02,0,0,0,1,0,33.912288665771484,-117.44654083251952,RIVERSIDE,RIVERSIDE,-117.44654083251952,33.912288665771484,0,Morning,1
2022,9840,2022-08-27,1150,6,1,N,A,-,Y,H,,N,2,0,1,2,A,-,03,22350.0,,N,C,A,H,-,A,D,0,Y,,C,02,1,0,0,0,1,33.881248474121094,-117.61605834960938,RIVERSIDE,CORONA,-117.61606597900392,33.881221771240234,1,Midday,1
2022,9685,2022-09-05,2130,1,2,N,A,-,Y,H,,N,3,0,1,1,A,-,08,22107.0,,N,E,A,H,-,D,D,0,Y,,C,02,0,1,0,0,1,33.67144012451172,-117.31214141845705,RIVERSIDE,UNINCORPORATED,-117.31215667724608,33.67141342163086,0,Night,0
2022,9840,2022-09-02,855,5,1,N,A,-,Y,H,,N,2,0,1,1,A,-,08,22107.0,,N,E,A,H,-,A,D,0,Y,,C,02,1,0,0,0,1,33.91109848022461,-117.44824981689452,RIVERSIDE,RIVERSIDE,-117.4482650756836,33.91111755371094,0,Morning,1
2022,9685,2022-09-01,1844,4,2,N,A,-,Y,H,,Y,4,0,1,2,A,-,09,21801.0,A,N,C,A,H,-,B,D,0,Y,,C,02,0,0,1,0,1,33.73883056640625,-117.08712005615234,RIVERSIDE,UNINCORPORATED,-117.08712005615234,33.738807678222656,0,Evening,0
2022,9655,2022-08-30,715,2,1,Y,A,-,Y,H,,Y,3,0,1,2,A,-,03,22350.0,,N,D,A,H,-,A,D,0,Y,,C,02,0,1,0,0,1,33.69987106323242,-117.08490753173828,RIVERSIDE,UNINCORPORATED,-117.08488464355467,33.69987106323242,0,Morning,0
2022,9840,2022-09-02,1605,5,2,N,A,-,Y,H,,N,3,0,1,3,A,-,03,22350.0,,N,C,A,H,-,A,A,0,Y,,C,02,0,1,0,0,1,33.914100646972656,-117.44370269775392,RIVERSIDE,RIVERSIDE,-117.4435806274414,33.91395950317383,0,Evening,0
2022,9840,2022-09-05,1605,1,2,N,A,-,Y,H,,N,3,0,2,2,A,-,07,21658.0,A,N,B,A,H,-,A,D,0,Y,,-,- ,0,2,0,0,2,34.012901306152344,-117.34429931640624,RIVERSIDE,RIVERSIDE,-117.3443603515625,34.0129280090332,0,Evening,0
2022,9655,2022-09-04,915,7,1,N,A,-,Y,H,,Y,2,0,1,1,A,-,08,22107.0,,N,F,A,H,-,A,A,0,Y,,C,02,1,0,0,0,1,33.6905403137207,-116.70780181884766,RIVERSIDE,UNINCORPORATED,-116.70784759521484,33.69047546386719,1,Morning,1
2022,9685,2022-09-12,1557,1,2,N,A,-,Y,,,N,4,0,1,2,A,-,03,22350.0,,N,C,A,H,-,A,D,0,Y,,C,02,0,0,1,0,1,33.30590057373047,-117.09326171875,RIVERSIDE,TEMECULA,-117.15499114990234,33.50909805297852,0,Midday,0
2022,9840,2022-09-15,1740,4,2,N,A,-,Y,H,,N,2,0,1,2,A,-,07,21658.0,A,N,B,A,H,-,A,D,0,Y,,A,01,1,0,0,0,1,33.88241958618164,-117.623046875,RIVERSIDE,UNINCORPORATED,-117.6230926513672,33.8823127746582,0,Evening,1
2022,9685,2022-03-27,1059,7,1,N,B,-,Y,H,,Y,1,1,1,2,A,-,03,22350.0,,N,C,A,H,-,A,D,0,Y,,C,02,0,0,1,1,0,33.65414810180664,-117.395751953125,RIVERSIDE,UNINCORPORATED,-117.395751953125,33.65414810180664,1,Morning,1
2022,9685,2022-09-12,1715,1,2,N,A,-,Y,H,,Y,4,0,1,2,A,-,03,22350.0,,N,C,A,H,-,A,D,0,Y,,C,02,0,0,1,0,1,33.467041015625,-117.13633728027344,RIVERSIDE,TEMECULA,-117.13619995117188,33.46705627441406,0,Evening,0
2022,9840,2022-09-07,1510,3,2,N,A,-,Y,H,,Y,4,0,1,2,A,-,03,22350.0,,N,C,A,H,-,A,D,0,Y,,C,02,0,0,1,0,1,33.9581184387207,-117.54871368408205,RIVERSIDE,JURUPA VALLEY,-117.5487060546875,33.9581184387207,0,Midday,0
2022,9685,2022-09-14,1745,3,2,N,A,-,Y,H,,Y,3,0,1,2,A,-,03,22350.0,,N,B,A,H,-,A,A,0,Y,,C,02,0,1,0,0,1,33.510860443115234,-117.15585327148438,RIVERSIDE,TEMECULA,-117.15577697753906,33.51088333129883,0,Evening,0
2022,9840,2022-09-15,635,4,1,N,B,-,Y,H,,Y,4,0,1,3,A,-,07,21658.0,A,M,B,A,H,-,A,D,0,Y,,A,01,0,0,1,0,1,33.880210876464844,-117.65435791015624,RIVERSIDE,CORONA,-117.65439605712892,33.88029479980469,0,Morning,0
2022,9840,2022-09-16,1335,5,1,N,A,-,Y,H,,N,4,0,1,2,A,-,07,21658.0,A,N,B,A,H,-,A,D,0,Y,,A,01,0,0,1,0,1,33.909141540527344,-117.45172119140624,RIVERSIDE,RIVERSIDE,-117.45173645019533,33.90916061401367,0,Midday,0
2022,9840,2022-09-12,29,1,3,N,B,-,Y,H,,N,3,0,1,2,D,-,00,,,N,C,A,H,-,C,D,0,Y,,-,- ,0,1,0,0,1,33.87070083618164,-117.66909790039062,RIVERSIDE,CORONA,-117.66909790039062,33.870697021484375,0,Night,0
2022,9655,2022-09-16,1625,5,2,N,A,-,Y,H,,Y,2,0,1,1,A,-,08,22107.0,,N,E,A,H,-,A,D,0,Y,,C,02,1,0,0,0,1,33.7094612121582,-116.76313018798828,RIVERSIDE,UNINCORPORATED,-116.76315307617188,33.70941162109375,0,Evening,1
2022,9655,2022-09-16,1805,5,2,N,A,-,Y,H,,Y,3,0,1,2,A,-,09,21801.0,A,N,F,A,H,-,A,D,0,Y,,A,01,0,1,0,0,1,33.74773025512695,-116.91423797607422,RIVERSIDE,UNINCORPORATED,-116.91423797607422,33.74773406982422,0,Evening,0
2022,9685,2022-09-16,1500,5,2,N,A,-,Y,H,,Y,2,0,2,3,A,-,03,22350.0,,N,C,A,H,-,A,D,0,Y,,C,02,1,0,1,0,2,33.45724105834961,-117.13572692871094,RIVERSIDE,UNINCORPORATED,-117.13566589355467,33.457244873046875,0,Midday,1
2022,9840,2022-09-14,1520,3,2,N,A,-,Y,H,,Y,3,0,1,2,A,-,07,21658.0,A,N,C,A,H,-,A,D,0,Y,,D,22,0,1,0,0,1,34.02101135253906,-117.55019378662108,RIVERSIDE,JURUPA VALLEY,-117.55008697509766,34.02101135253906,0,Midday,0
2022,9840,2022-09-17,1755,6,2,N,A,-,Y,,,Y,3,0,1,1,A,-,01,23152.0,A,N,F,A,H,-,A,D,0,Y,Y,C,02,0,1,0,0,1,38.582401275634766,-121.49539947509766,RIVERSIDE,MENIFEE,-117.1571044921875,33.939170837402344,1,Evening,0
2022,9685,2022-09-18,1405,7,2,Y,A,-,N,,,N,2,0,1,2,A,-,09,21801.0,A,N,B,A,H,-,A,A,0,Y,,A,01,1,0,0,0,1,33.772090911865234,-117.25060272216795,RIVERSIDE,UNINCORPORATED,-117.19911956787108,33.77228927612305,1,Midday,1
2022,9685,2022-09-20,1730,2,2,N,A,-,Y,H,,N,4,0,1,2,A,-,06,21750.0,A,N,B,A,H,-,A,D,0,Y,,C,02,0,0,1,0,1,33.48952102661133,-117.1437530517578,RIVERSIDE,TEMECULA,-117.14372253417967,33.48952865600586,0,Evening,0
2022,9840,2022-09-18,1428,7,2,N,A,-,Y,H,,Y,3,0,1,3,A,-,03,22350.0,,N,B,A,H,-,A,D,0,Y,,C,02,0,1,0,0,1,33.88093185424805,-117.59805297851562,RIVERSIDE,CORONA,-117.59806823730467,33.88100814819336,1,Midday,0
2022,9840,2022-09-19,1807,1,2,N,A,-,Y,H,,N,4,0,1,2,A,-,08,22107.0,,M,B,A,H,-,A,D,0,Y,,C,02,0,0,1,0,1,33.89776992797852,-117.4783172607422,RIVERSIDE,RIVERSIDE,-117.47832489013672,33.89778137207031,0,Evening,0
2022,9840,2022-09-20,729,2,1,N,B,-,Y,H,,N,4,0,1,3,A,-,08,22107.0,,N,B,A,H,-,A,D,0,Y,,C,02,0,0,1,0,1,33.88233947753906,-117.54580688476562,RIVERSIDE,CORONA,-117.54582214355467,33.88236999511719,0,Morning,0
2022,9685,2022-09-21,713,3,1,N,B,-,Y,,,Y,2,0,1,3,A,-,03,22350.0,,N,B,A,H,-,A,D,0,Y,,C,02,1,0,0,0,1,33.510948181152344,-117.16092681884766,RIVERSIDE,TEMECULA,-117.16315460205078,33.52240753173828,0,Morning,1
2022,9685,2022-09-22,1633,4,2,N,A,-,Y,H,,N,4,0,1,2,A,-,03,22350.0,,N,B,A,H,-,A,D,0,Y,,C,02,0,0,1,0,1,33.503658294677734,-117.15255737304688,RIVERSIDE,TEMECULA,-117.15249633789062,33.50368118286133,0,Evening,0
2022,9655,2022-09-18,1808,7,2,N,A,-,Y,H,,N,3,0,1,1,A,-,01,23152.0,A,N,F,A,D,-,A,A,0,Y,Y,C,02,0,1,0,0,1,33.927520751953125,-116.98085784912108,RIVERSIDE,BEAUMONT,-116.98082733154295,33.927581787109375,1,Evening,0
2022,9840,2022-09-15,1815,4,2,N,A,-,Y,H,,N,4,0,1,2,A,-,03,22350.0,,F,C,A,H,-,A,D,0,Y,,C,02,0,0,1,0,1,33.996429443359375,-117.36459350585938,RIVERSIDE,JURUPA VALLEY,-117.36457824707033,33.9964485168457,0,Evening,0
2022,9840,2022-09-02,455,5,3,N,A,-,Y,H,,Y,2,0,1,2,A,-,07,21658.0,A,F,B,A,H,-,D,D,0,Y,,-,99,1,0,0,0,1,33.985618591308594,-117.34523010253906,RIVERSIDE,RIVERSIDE,-117.34528350830078,33.98558044433594,0,Night,1
2022,9840,2022-09-20,1326,2,1,N,B,-,Y,,,N,3,0,1,1,A,-,08,22107.0,,N,E,A,H,-,A,D,0,Y,,C,02,0,1,0,0,1,33.88261032104492,-117.54649353027344,RIVERSIDE,CORONA,-117.54649353027344,33.88261032104492,0,Midday,0
2022,9840,2022-09-14,14,3,3,N,A,-,Y,,,N,2,0,1,1,A,-,08,22107.0,,N,E,A,H,-,C,D,0,Y,,C,02,1,0,0,0,1,33.9758415222168,-117.3714599609375,RIVERSIDE,RIVERSIDE,-117.3714599609375,33.9758415222168,0,Night,1
2022,9685,2022-09-30,1750,5,2,N,A,-,Y,H,,N,2,0,1,2,A,-,03,22350.0,,N,C,A,H,-,A,D,0,Y,,C,02,1,0,0,0,1,33.504249572753906,-117.15284729003906,RIVERSIDE,TEMECULA,-117.15277099609376,33.504276275634766,0,Evening,1
2022,9840,2022-10-02,145,7,3,N,A,-,N,,,N,2,0,1,1,A,-,03,22350.0,,N,F,A,H,-,C,A,0,Y,,C,02,1,0,0,0,1,33.88787841796875,-117.2804718017578,RIVERSIDE,RIVERSIDE,-117.27964782714844,33.887916564941406,1,Night,1
2022,9655,2022-10-01,1230,6,1,N,A,-,N,,,N,2,0,2,2,A,-,05,21460.0,A,N,D,A,H,-,A,D,0,Y,,C,02,1,1,0,0,1,33.97677993774414,-117.10446166992188,RIVERSIDE,UNINCORPORATED,-117.11020660400392,33.977439880371094,1,Midday,1
2022,9840,2022-10-05,1005,3,1,N,A,-,Y,H,,Y,4,0,1,3,A,-,03,22350.0,,N,C,A,H,-,A,D,0,Y,,C,06,0,0,1,0,0,33.747039794921875,-117.44893646240234,RIVERSIDE,UNINCORPORATED,-117.44900512695312,33.746944427490234,0,Morning,0
2022,9655,2022-09-30,1500,5,2,N,A,-,Y,H,,Y,2,0,1,2,A,-,05,21460.0,A,N,B,A,H,-,A,D,0,Y,,C,02,1,0,0,0,1,33.70473861694336,-116.7606964111328,RIVERSIDE,UNINCORPORATED,-116.76066589355467,33.7048454284668,0,Midday,1
2022,9685,2022-09-09,550,5,3,N,B,-,Y,H,,N,3,0,1,2,A,-,07,21658.0,A,N,C,A,H,-,B,D,0,Y,,A,01,0,1,0,0,1,33.74324035644531,-117.11968231201172,RIVERSIDE,UNINCORPORATED,-117.11968231201172,33.74317169189453,0,Morning,0
2022,9840,2022-04-09,152,6,3,N,A,G,Y,H,,Y,1,1,1,2,A,-,01,23152.0,A,N,D,A,H,-,D,D,0,Y,Y,C,02,0,0,1,1,0,33.73889923095703,-117.42725372314452,RIVERSIDE,UNINCORPORATED,-117.42727661132812,33.738868713378906,1,Night,1
2022,9840,2022-09-29,1930,4,2,N,A,-,Y,H,,N,3,0,1,3,A,-,07,21658.0,,F,B,A,H,-,D,D,0,Y,Y,-,99,0,1,0,0,1,34.018638610839844,-117.512939453125,RIVERSIDE,JURUPA VALLEY,-117.51294708251952,34.018733978271484,0,Evening,0
2022,9685,2022-10-02,125,7,3,N,A,-,Y,,,Y,2,0,1,1,A,-,08,22107.0,,N,F,A,H,-,C,D,0,Y,,C,02,1,0,0,0,1,33.56536865234375,-117.20536041259766,RIVERSIDE,MURRIETA,-117.20536041259766,33.56536865234375,1,Night,1
2022,9685,2022-10-04,748,2,1,N,A,-,Y,,,Y,3,0,1,2,A,-,03,22350.0,,N,B,A,H,-,A,D,0,Y,,C,02,0,1,0,0,1,33.320499420166016,-117.10172271728516,RIVERSIDE,MURRIETA,-117.16646575927734,33.52732849121094,0,Morning,0
2022,9630,2022-10-02,1308,7,1,N,A,-,N,,,N,3,0,1,2,A,-,09,21804.0,A,N,D,A,H,-,A,D,0,Y,,A,07,0,1,0,0,1,33.92485809326172,-116.4752197265625,RIVERSIDE,UNINCORPORATED,-116.4753875732422,33.92496490478516,1,Midday,0
2022,9685,2022-09-26,700,1,1,N,A,-,Y,H,,N,2,0,1,3,A,-,06,21755.0,A,N,B,A,H,-,A,D,0,Y,,C,02,1,0,0,0,1,33.46290969848633,-117.13658905029295,RIVERSIDE,UNINCORPORATED,-117.13661193847656,33.46290969848633,0,Morning,1
2022,9840,2022-10-06,723,4,1,N,B,-,Y,H,,Y,3,0,1,3,A,-,07,21658.0,A,N,B,A,H,-,A,D,0,Y,,A,01,0,1,0,0,1,33.784088134765625,-117.49160766601562,RIVERSIDE,UNINCORPORATED,-117.49160003662108,33.78409576416016,0,Morning,0
2022,9685,2022-10-09,1720,7,2,N,A,-,N,,,Y,3,0,1,1,A,-,08,22107.0,,N,F,A,H,-,A,D,0,Y,,C,02,0,1,0,0,1,33.62017822265625,-117.31404113769533,RIVERSIDE,UNINCORPORATED,-117.31381225585938,33.61991500854492,1,Evening,0
2022,9840,2022-09-01,2255,4,3,N,A,-,N,,,Y,1,1,0,2,A,-,05,21460.0,A,N,A,A,H,-,D,D,0,Y,,C,02,0,0,0,1,0,33.088138580322266,-117.40225982666016,RIVERSIDE,UNINCORPORATED,-117.40233612060548,33.88148498535156,0,Night,1
2022,9655,2022-09-30,1513,5,2,N,A,-,Y,H,,N,3,0,1,2,A,-,07,21658.0,A,F,F,A,H,-,A,D,0,Y,,D,22,0,1,0,0,1,33.93157958984375,-116.98706817626952,RIVERSIDE,UNINCORPORATED,-116.98704528808594,33.93160629272461,0,Midday,0
2022,9685,2022-10-11,2255,2,3,N,A,-,Y,,,Y,3,0,1,1,A,-,08,22107.0,,N,F,A,H,-,C,D,0,Y,,C,02,0,1,0,0,1,33.755001068115234,-117.18856811523438,RIVERSIDE,PERRIS,-117.18856811523438,33.755001068115234,0,Night,0
2022,9630,2022-10-04,1,2,3,N,A,-,Y,H,,Y,2,0,1,1,A,-,03,22350.0,,N,F,A,H,-,D,D,0,Y,,C,02,1,0,0,0,1,33.654170989990234,-116.3979263305664,RIVERSIDE,UNINCORPORATED,-116.39793395996094,33.65418243408203,0,Night,1
2022,9655,2022-10-05,1600,3,2,N,A,-,N,,,N,2,0,1,2,A,-,03,22350.0,,N,C,A,H,-,A,D,0,Y,,C,02,1,0,0,0,1,33.880718231201165,-117.05776977539062,RIVERSIDE,UNINCORPORATED,-117.08250427246094,33.897003173828125,0,Evening,1
2022,9655,2022-10-05,1850,3,2,N,A,-,N,,,Y,3,0,1,1,C,-,18,,,N,E,A,H,-,D,D,0,Y,,-,- ,0,1,0,0,1,33.57720184326172,-116.70079040527344,RIVERSIDE,UNINCORPORATED,-116.70078277587892,33.57710647583008,0,Evening,0
2022,9685,2022-09-21,1130,3,1,N,A,-,Y,H,,Y,2,0,4,2,A,-,03,22350.0,,N,E,A,H,-,A,A,0,Y,,A,01,1,0,3,0,3,33.614681243896484,-117.1708984375,RIVERSIDE,MURRIETA,-117.17101287841795,33.614681243896484,0,Midday,1
2022,9685,2022-09-29,1500,4,2,Y,A,-,N,,,N,3,0,1,2,A,-,12,22450.0,A,N,D,A,H,-,A,A,0,Y,,A,01,0,1,0,0,1,33.58359146118164,-117.11415863037108,RIVERSIDE,UNINCORPORATED,-117.11415100097656,33.583534240722656,0,Midday,0
2022,9685,2022-10-05,1525,3,2,N,A,-,Y,H,,Y,2,0,1,2,A,-,03,22350.0,,N,C,A,H,-,A,D,0,Y,,C,02,1,0,0,0,1,33.4898681640625,-117.14385223388672,RIVERSIDE,TEMECULA,-117.1438446044922,33.489871978759766,0,Midday,1
2022,9840,2022-10-08,1421,6,2,N,A,-,Y,H,,N,3,0,2,2,A,-,03,22350.0,,M,C,A,H,-,A,D,0,Y,,A,01,0,2,0,0,0,34.01179122924805,-117.34516143798828,RIVERSIDE,RIVERSIDE,-117.34513092041016,34.011775970458984,1,Midday,0
2022,9655,2022-10-12,1345,3,1,N,B,C,Y,H,,Y,3,0,2,1,A,-,03,22350.0,,N,E,B,H,-,A,D,0,Y,,C,02,0,1,1,0,2,33.69063186645508,-116.70796966552734,RIVERSIDE,UNINCORPORATED,-116.70802307128906,33.690555572509766,0,Midday,0
2022,9685,2022-10-03,730,1,1,N,A,-,Y,H,,N,2,0,1,2,A,-,03,22350.0,,N,C,A,H,-,A,D,0,Y,,C,02,1,0,0,0,1,33.50735092163086,-117.15454864501952,RIVERSIDE,TEMECULA,-117.15457153320312,33.50734329223633,0,Morning,1
2022,9685,2022-09-29,645,4,1,N,A,-,Y,H,,N,4,0,1,2,A,-,03,22350.0,,N,C,A,H,-,B,D,0,Y,,C,02,0,0,1,0,1,33.50756072998047,-117.1546630859375,RIVERSIDE,TEMECULA,-117.15467071533205,33.5075569152832,0,Morning,0
2022,9655,2022-10-15,2030,6,2,Y,B,C,N,,,Y,4,0,1,2,A,-,03,22350.0,,N,C,B,H,-,C,D,0,Y,,D,22,0,0,1,0,1,33.696170806884766,-117.08489227294922,RIVERSIDE,UNINCORPORATED,-117.08485412597656,33.69611740112305,1,Night,0
2022,9655,2022-09-30,2130,5,2,N,A,-,Y,H,,Y,2,0,2,2,A,-,08,22107.0,,F,B,A,H,-,D,D,0,Y,,D,22,1,0,1,0,1,33.944698333740234,-117.0029525756836,RIVERSIDE,UNINCORPORATED,-117.0029754638672,33.944683074951165,0,Night,1
2022,9685,2022-10-18,1750,2,2,N,A,-,Y,H,,N,2,0,1,2,A,-,07,21658.0,A,N,C,A,H,-,B,D,0,Y,,A,01,1,0,0,0,1,33.776329040527344,-117.20452117919922,RIVERSIDE,PERRIS,-117.20449829101562,33.77635192871094,0,Evening,1
2022,9840,2022-10-21,1618,5,2,N,A,-,Y,H,,Y,4,0,1,3,A,-,07,21658.0,A,N,B,A,H,-,A,D,0,Y,,A,07,0,0,1,0,1,33.88164138793945,-117.58130645751952,RIVERSIDE,CORONA,-117.58130645751952,33.881649017333984,0,Evening,0
2022,9685,2022-10-06,1610,4,2,N,A,-,Y,H,,Y,3,0,1,1,A,-,08,22107.0,,N,F,A,H,-,A,D,0,Y,,C,02,0,1,0,0,1,33.45515060424805,-117.1355209350586,RIVERSIDE,TEMECULA,-117.13543701171876,33.45515823364258,0,Evening,0
2022,9685,2022-10-21,1315,5,1,N,A,-,Y,H,,Y,3,0,1,1,C,-,18,,,N,F,A,H,-,A,D,0,Y,,-,- ,0,1,0,0,1,33.53586959838867,-116.76126861572266,RIVERSIDE,UNINCORPORATED,-116.76126098632812,33.535831451416016,0,Midday,0
2022,9685,2022-10-22,158,6,3,Y,B,-,N,,,Y,2,0,1,1,A,-,03,22350.0,,N,E,A,H,-,C,D,0,Y,,C,02,1,0,0,0,1,33.533870697021484,-117.05596923828124,RIVERSIDE,UNINCORPORATED,-117.0556869506836,33.533935546875,1,Night,1
2022,9840,2022-10-20,1836,4,2,N,A,-,Y,H,,N,4,0,1,2,A,-,07,21658.0,A,N,B,A,H,-,D,D,0,Y,,-,- ,0,0,1,0,1,33.91289138793945,-117.28500366210938,RIVERSIDE,UNINCORPORATED,-117.28501129150392,33.912879943847656,0,Evening,0
2022,9840,2022-10-24,1530,1,2,N,B,-,N,,,N,3,0,1,1,A,-,08,22107.0,,N,E,A,H,-,A,D,0,Y,,C,02,0,1,0,0,1,33.85676956176758,-117.29637145996094,RIVERSIDE,UNINCORPORATED,-117.2963409423828,33.85676574707031,0,Midday,0
2022,9685,2022-10-25,1740,2,2,N,A,-,N,,,Y,2,0,1,2,A,-,05,21460.0,A,N,B,A,H,-,A,D,0,Y,,C,02,1,0,0,0,1,33.47500991821289,-117.9140396118164,RIVERSIDE,UNINCORPORATED,-116.91181182861328,33.48036193847656,0,Evening,1
2022,9840,2022-10-18,635,2,1,N,A,-,Y,H,,N,4,0,1,1,A,-,08,22107.0,,N,F,A,H,-,A,D,0,Y,,C,02,0,0,1,0,1,33.86064147949219,-117.53707122802734,RIVERSIDE,CORONA,-117.53694152832033,33.86071014404297,0,Morning,0
2022,9685,2022-10-30,1555,7,2,N,A,-,N,,,N,4,0,1,1,A,-,08,22107.0,,N,F,A,H,-,A,D,0,Y,,C,02,0,0,1,0,1,33.538921356201165,-116.90766143798828,RIVERSIDE,UNINCORPORATED,-116.90764617919922,33.53894805908203,1,Midday,0
2022,9840,2022-10-26,1105,3,1,N,A,-,N,,,Y,2,0,1,2,A,-,03,22350.0,,N,B,A,H,-,A,D,0,Y,,C,02,1,0,0,0,1,33.887840270996094,-117.27371215820312,RIVERSIDE,UNINCORPORATED,-117.27327728271484,33.88794708251953,0,Midday,1
2022,9685,2022-10-29,1150,6,1,N,A,-,Y,H,,N,4,0,1,2,A,-,07,21658.0,A,N,B,A,H,-,A,D,0,Y,,A,01,0,0,1,0,1,33.627079010009766,-117.17137145996094,RIVERSIDE,UNINCORPORATED,-117.1712646484375,33.627079010009766,1,Midday,0
2022,9655,2022-10-27,1030,4,1,Y,A,-,Y,H,,N,4,0,1,2,A,-,12,21453.0,A,N,D,A,H,-,A,A,0,Y,,F,27,0,0,1,0,1,33.73917007446289,-117.07649230957033,RIVERSIDE,UNINCORPORATED,-117.07649993896484,33.73902130126953,0,Morning,0
2022,9840,2022-10-26,1448,3,2,N,A,-,Y,H,,N,3,0,1,2,A,-,03,22350.0,,N,F,A,H,-,A,D,0,Y,,C,02,0,1,0,0,1,33.989959716796875,-117.550048828125,RIVERSIDE,EASTVALE,-117.55008697509766,33.989952087402344,0,Midday,0
2022,9840,2022-10-28,1629,5,2,N,A,-,Y,H,,Y,3,0,1,2,A,-,03,22350.0,,N,D,A,D,-,A,D,0,Y,,C,02,0,1,0,0,1,33.880279541015625,-117.57037353515624,RIVERSIDE,CORONA,-117.57034301757812,33.88047790527344,0,Evening,0
2022,9840,2022-10-26,1410,3,2,N,A,-,Y,H,,N,3,0,1,2,A,-,07,21658.0,A,N,C,A,H,-,A,D,0,Y,,A,01,0,1,0,0,1,33.88053894042969,-117.65200805664062,RIVERSIDE,CORONA,-117.6520538330078,33.88066482543945,0,Midday,0
2022,9840,2022-10-25,1830,2,2,N,A,-,Y,H,,Y,3,0,1,3,A,-,08,22107.0,,F,B,A,H,-,C,D,0,Y,,-,99,0,1,0,0,1,34.00423049926758,-117.40695190429688,RIVERSIDE,JURUPA VALLEY,-117.40694427490234,34.00429153442383,0,Evening,0