ACCIDENT_YEAR,JURIS,COLLISION_DATE,COLLISION_TIME,DAY_OF_WEEK,CHP_SHIFT,INTERSECTION,WEATHER_1,WEATHER_2,STATE_HWY_IND,LOCATION_TYPE,RAMP_INTERSECTION,TOW_AWAY,COLLISION_SEVERITY,NUMBER_KILLED,NUMBER_INJURED,PARTY_COUNT,PRIMARY_COLL_FACTOR,PCF_CODE_OF_VIOL,PCF_VIOL_CATEGORY,PCF_VIOLATION,PCF_VIOL_SUBSECTION,HIT_AND_RUN,TYPE_OF_COLLISION,ROAD_SURFACE,ROAD_COND_1,ROAD_COND_2,LIGHTING,CONTROL_DEVICE,CHP_ROAD_TYPE,MOTORCYCLE_ACCIDENT,ALCOHOL_INVOLVED,STWD_VEHTYPE_AT_FAULT,CHP_VEHTYPE_AT_FAULT,COUNT_SEVERE_INJ,COUNT_VISIBLE_INJ,COUNT_COMPLAINT_PAIN,COUNT_MC_KILLED,COUNT_MC_INJURED,LATITUDE,LONGITUDE,COUNTY,CITY,POINT_X,POINT_Y,IS_WEEKEND,TIME_OF_DAY,SEVERE_FATAL
2022,9855,2022-02-09,1245,3,1,Y,A,G,N,,,N,2,0,1,2,A,-,08,22107.0,,N,B,A,H,-,A,D,0,Y,,C,02,1,0,0,0,1,34.099361419677734,-117.46890258789062,SAN BERNARDINO,FONTANA,-117.46900177001952,34.09928894042969,0,Midday,1
2022,9860,2022-02-03,1820,4,2,N,A,-,Y,H,,N,3,0,1,1,A,-,08,22107.0,,N,F,A,D,-,D,D,0,Y,,C,02,0,1,0,0,1,34.08734130859375,-117.20081329345705,SAN BERNARDINO,REDLANDS,-117.20079040527344,34.08734130859375,0,Evening,0
2022,9860,2022-01-31,32,1,3,N,A,-,Y,H,,N,3,0,1,1,A,-,03,22350.0,,N,E,A,H,-,C,D,0,Y,,C,02,0,1,0,0,1,34.13478088378906,-117.31121063232422,SAN BERNARDINO,SAN BERNARDINO,-117.31103515625,34.134963989257805,0,Night,0
2022,9850,2022-02-18,1640,5,2,Y,A,-,N,,,N,3,0,1,2,A,-,09,21802.0,A,N,D,A,H,-,A,A,0,Y,,C,02,0,1,0,0,1,34.451881408691406,-117.45101928710938,SAN BERNARDINO,UNINCORPORATED,-117.45101165771484,34.451839447021484,0,Evening,0
2022,9835,2022-02-20,1518,7,2,Y,A,-,N,,,Y,3,0,1,2,A,-,09,21800.0,B,N,D,A,H,-,A,D,0,Y,,C,06,0,1,0,0,0,34.96162033081055,-116.69671630859376,SAN BERNARDINO,UNINCORPORATED,-116.69677734375,34.96156311035156,1,Midday,0
2022,9850,2022-02-27,1700,7,2,N,A,-,N,,,N,3,0,1,2,A,-,03,22350.0,,N,D,A,H,-,B,D,0,Y,,C,02,0,1,0,0,1,34.49829864501953,-117.34149932861328,SAN BERNARDINO,UNINCORPORATED,-117.3415985107422,34.49829864501953,1,Evening,0
2022,9860,2022-02-26,1322,6,1,N,A,-,Y,H,,Y,2,0,2,2,A,-,03,22350.0,,N,C,A,H,-,A,D,0,Y,,C,02,1,0,1,0,1,34.0665397644043,-117.20657348632812,SAN BERNARDINO,REDLANDS,-117.2065658569336,34.06649398803711,1,Midday,1
2022,9860,2022-02-17,525,4,3,N,A,-,Y,H,,N,3,0,1,3,A,-,07,21658.0,A,F,C,A,H,-,D,D,0,Y,,A,01,0,1,0,0,1,34.33740997314453,-117.48248291015624,SAN BERNARDINO,UNINCORPORATED,-117.48252868652344,34.33740997314453,0,Morning,0
2022,9860,2022-02-28,642,1,1,N,A,-,Y,H,,N,4,0,1,2,A,-,07,21658.0,A,N,C,A,H,-,A,D,0,Y,,A,01,0,0,1,0,1,34.032039642333984,-117.32707214355467,SAN BERNARDINO,GRAND TERRACE,-117.3271255493164,34.032081604003906,0,Morning,0
2022,9855,2022-02-23,810,3,1,N,A,-,Y,H,,N,4,0,1,2,A,-,03,22350.0,,N,C,A,D,-,A,D,0,Y,,C,02,0,0,1,0,1,34.07561111450195,-117.61968231201172,SAN BERNARDINO,ONTARIO,-117.61979675292967,34.07546615600586,0,Morning,0
2022,9860,2022-03-02,700,3,1,N,A,-,Y,H,,N,4,0,1,2,A,-,07,21658.0,A,N,B,A,H,-,A,D,0,Y,,D,22,0,0,1,0,1,34.358638763427734,-117.43656158447266,SAN BERNARDINO,UNINCORPORATED,-117.43659973144533,34.35865783691406,0,Morning,0
2022,9850,2022-03-12,1435,6,2,Y,A,-,N,,,N,3,0,1,1,A,-,03,22350.0,,N,F,A,H,-,A,A,0,Y,,C,02,0,1,0,0,1,34.4835090637207,-117.25884246826172,SAN BERNARDINO,UNINCORPORATED,-117.25887298583984,34.48352813720703,1,Midday,0
2022,9860,2022-03-01,1956,2,2,N,A,-,Y,H,,Y,2,0,1,1,A,-,03,22350.0,,N,F,A,H,-,C,D,0,Y,,C,02,1,0,0,0,1,34.13568878173828,-117.30261993408205,SAN BERNARDINO,SAN BERNARDINO,-117.30257415771484,34.13568878173828,0,Evening,1
2022,9860,2022-03-07,547,1,3,N,A,-,Y,H,,N,3,0,1,1,A,-,08,22107.0,,N,F,A,D,E,B,D,0,Y,,C,02,0,1,0,0,1,34.131778717041016,-117.2148895263672,SAN BERNARDINO,HIGHLAND,-117.2148895263672,34.13179397583008,0,Morning,0
2022,9855,2022-03-04,1415,5,2,N,B,-,Y,H,,Y,4,0,1,2,A,-,07,21658.0,A,N,B,A,H,-,A,D,0,Y,,A,01,0,0,1,0,1,34.0283203125,-117.71743011474608,SAN BERNARDINO,CHINO,-117.71742248535156,34.02830505371094,0,Midday,0
2022,9860,2022-03-05,1444,6,2,N,B,C,Y,H,,Y,3,0,1,1,A,-,03,22350.0,,N,F,B,H,-,A,A,0,Y,,C,02,0,1,0,0,1,34.14400100708008,-117.32080078125,SAN BERNARDINO,SAN BERNARDINO,-117.32068634033205,34.14387130737305,1,Midday,0
2022,9850,2022-03-05,910,6,1,N,B,G,N,,,N,3,0,1,1,C,-,18,,,N,F,A,H,-,A,D,0,Y,,-,- ,0,1,0,0,1,34.51034927368164,-117.53634643554688,SAN BERNARDINO,UNINCORPORATED,-117.53641510009766,34.51032257080078,1,Morning,0
2022,9855,2022-03-03,1615,4,2,N,A,-,Y,H,,Y,3,0,1,2,A,-,03,22350.0,,N,C,A,H,-,A,D,0,Y,,C,02,0,1,0,0,1,34.1098518371582,-117.52757263183594,SAN BERNARDINO,RANCHO CUCAMONGA,-117.52761840820312,34.109893798828125,0,Evening,0
2022,9860,2022-03-07,354,1,3,N,A,-,N,,,Y,4,0,1,1,A,-,01,23152.0,A,N,E,A,H,-,C,A,0,Y,Y,C,02,0,0,1,0,1,34.07830810546875,-117.049072265625,SAN BERNARDINO,UNINCORPORATED,-117.04904174804688,34.07825469970703,0,Night,0
2022,9860,2022-03-15,1519,2,2,N,A,-,Y,H,,Y,4,0,1,3,A,-,03,22350.0,,M,C,A,H,-,A,D,0,Y,,C,02,0,0,1,0,1,34.06372833251953,-117.26891326904295,SAN BERNARDINO,SAN BERNARDINO,-117.26890563964844,34.06365966796875,0,Midday,0
2022,9860,2022-03-16,1843,3,2,N,A,-,Y,H,,Y,3,0,1,2,A,-,08,22107.0,,N,F,A,H,-,A,D,0,Y,,C,02,0,1,0,0,1,34.04703903198242,-117.30792236328124,SAN BERNARDINO,COLTON,-117.30805206298828,34.04716873168945,0,Evening,0
2022,9865,2022-03-12,1421,6,2,N,A,-,N,,,N,2,0,1,2,A,-,09,21803.0,A,N,D,A,H,-,A,A,0,Y,,A,01,1,0,0,0,1,34.23841094970703,-117.29122161865234,SAN BERNARDINO,UNINCORPORATED,-117.2912826538086,34.23823165893555,1,Midday,1
2022,9855,2022-03-11,1635,5,2,N,A,-,Y,H,,Y,4,0,1,2,A,-,07,21658.0,A,N,B,A,H,-,A,D,0,Y,,A,01,0,0,1,0,1,34.05672073364258,-117.54598236083984,SAN BERNARDINO,ONTARIO,-117.5459213256836,34.05670547485352,0,Evening,0
2022,9860,2022-03-11,25,5,3,N,A,-,N,,,Y,2,0,1,2,A,-,08,22107.0,,N,C,A,H,-,C,D,0,Y,,C,06,1,0,0,0,1,34.12406921386719,-117.26190185546876,SAN BERNARDINO,UNINCORPORATED,-117.26094818115234,34.12131881713867,0,Night,1
2022,9860,2022-02-18,1219,5,1,Y,A,-,N,,,N,3,0,1,2,A,-,06,21750.0,A,N,B,A,H,-,A,D,0,Y,,C,02,0,1,0,0,1,34.1396484375,-117.33544921875,SAN BERNARDINO,UNINCORPORATED,-117.3354721069336,34.139644622802734,0,Midday,0
2022,9855,2022-03-14,1350,1,1,Y,A,-,N,,,N,2,0,1,2,A,-,09,21801.0,A,N,D,A,H,-,A,D,0,Y,,A,07,1,0,0,0,1,34.04853057861328,-117.710693359375,SAN BERNARDINO,UNINCORPORATED,-117.7106475830078,34.048519134521484,0,Midday,1
2022,9860,2022-03-16,1608,3,2,N,A,-,Y,H,,N,3,0,1,2,A,-,07,21658.0,A,N,B,A,H,-,A,D,0,Y,,A,01,0,1,0,0,1,34.064910888671875,-117.31107330322266,SAN BERNARDINO,COLTON,-117.31106567382812,34.06488800048828,0,Evening,0
2022,9860,2022-03-18,1750,5,2,N,A,-,Y,H,,N,3,0,1,2,A,-,03,22350.0,,N,C,A,H,-,B,A,0,Y,,C,02,0,1,0,0,1,34.066368103027344,-117.2402801513672,SAN BERNARDINO,LOMA LINDA,-117.2402801513672,34.066490173339844,0,Evening,0
2022,9860,2022-03-20,335,7,3,N,A,-,Y,H,,N,2,0,1,2,A,-,03,22350.0,,N,C,A,H,-,D,D,0,Y,,C,02,1,0,0,0,1,34.29690933227539,-117.45633697509766,SAN BERNARDINO,UNINCORPORATED,-117.4562759399414,34.29694747924805,1,Night,1
2022,9855,2022-03-17,2335,4,3,N,A,-,Y,H,,Y,3,0,1,2,A,-,03,22350.0,,N,C,A,H,-,C,D,0,Y,,A,01,0,1,0,0,1,34.04930877685547,-117.54979705810548,SAN BERNARDINO,ONTARIO,-117.54983520507812,34.04931640625,0,Night,0
2022,9855,2022-03-17,2336,4,3,N,A,-,Y,H,,Y,4,0,1,2,C,-,18,,,N,D,A,H,-,D,D,0,Y,,-,- ,0,0,1,0,0,34.04877853393555,-117.54994201660156,SAN BERNARDINO,ONTARIO,-117.54999542236328,34.04879379272461,0,Night,0
2022,9850,2022-03-23,1545,3,2,Y,A,-,Y,H,,Y,2,0,2,4,A,-,03,22350.0,,N,C,A,H,-,A,D,0,Y,,C,02,2,0,0,0,2,34.47196960449219,-117.10311126708984,SAN BERNARDINO,UNINCORPORATED,-117.10311126708984,34.47196578979492,0,Midday,1
2022,9850,2022-03-18,1635,5,2,N,A,-,Y,H,,N,3,0,1,2,A,-,06,21755.0,A,N,A,A,H,-,A,D,0,Y,,C,02,0,1,0,0,1,34.442161560058594,-117.64540100097656,SAN BERNARDINO,UNINCORPORATED,-117.64534759521484,34.44221115112305,0,Evening,0
2022,9860,2022-03-17,100,4,3,N,A,-,Y,H,,Y,2,0,1,3,A,-,03,22350.0,,N,C,A,D,E,C,A,0,Y,,C,02,1,0,0,0,1,34.06452941894531,-117.2976531982422,SAN BERNARDINO,SAN BERNARDINO,-117.29764556884766,34.06454849243164,0,Night,1
2022,9865,2022-03-27,1650,7,2,N,A,-,Y,H,,Y,2,0,2,1,A,-,03,22350.0,,N,F,A,H,-,A,D,0,Y,,C,02,1,1,0,0,2,34.244930267333984,-117.02776336669922,SAN BERNARDINO,UNINCORPORATED,-117.02777099609376,34.244956970214844,1,Evening,1
2022,9865,2022-03-27,1254,7,1,N,A,-,N,,,N,4,0,1,4,A,-,06,21750.0,A,N,B,A,H,-,A,D,0,Y,,C,02,0,0,1,0,1,34.229881286621094,-117.22429656982422,SAN BERNARDINO,UNINCORPORATED,-117.22429656982422,34.22991180419922,1,Midday,0
2022,9865,2022-03-25,1329,5,1,N,A,-,Y,H,,N,2,0,1,1,A,-,08,22107.0,,N,E,A,H,-,A,D,0,Y,,C,02,1,0,0,0,1,34.226261138916016,-117.30599212646484,SAN BERNARDINO,UNINCORPORATED,-117.30596923828124,34.226272583007805,0,Midday,1
2022,9855,2022-03-26,1110,6,1,N,A,-,Y,H,,N,3,0,1,2,A,-,03,22350.0,,N,B,A,H,-,A,D,0,Y,,C,02,0,1,0,0,1,34.06753158569336,-117.55621337890624,SAN BERNARDINO,ONTARIO,-117.55621337890624,34.06755828857422,1,Midday,0
2022,9860,2022-03-26,105,6,3,N,A,-,N,,,Y,2,0,1,1,A,-,08,22107.0,,N,F,A,H,-,C,D,0,Y,,C,02,1,0,0,0,1,34.070308685302734,-117.21884918212892,SAN BERNARDINO,UNINCORPORATED,-117.2184600830078,34.070308685302734,1,Night,1
2022,9834,2022-04-05,1600,2,2,N,A,-,N,,,N,3,0,1,1,A,-,03,38305.0,,N,E,A,H,-,A,D,0,Y,,C,02,0,1,0,0,1,34.46284103393555,-115.31839752197266,SAN BERNARDINO,UNINCORPORATED,-115.31980895996094,34.46653366088867,0,Evening,0
2022,9865,2022-04-03,2039,7,2,N,E,-,Y,H,,N,2,0,1,1,A,-,08,22107.0,,N,E,B,H,-,D,D,0,Y,,C,02,1,0,0,0,1,34.226261138916016,-117.30599212646484,SAN BERNARDINO,UNINCORPORATED,-117.30596923828124,34.226272583007805,1,Night,1
2022,9865,2022-04-01,1555,5,2,N,A,-,Y,H,,N,2,0,1,1,A,-,03,22350.0,,N,F,A,H,-,A,D,0,Y,,C,02,1,0,0,0,1,34.23651885986328,-117.29456329345705,SAN BERNARDINO,UNINCORPORATED,-117.29452514648438,34.23649597167969,0,Midday,1
2022,9850,2022-04-05,2348,2,3,N,A,-,Y,H,,Y,3,0,1,1,A,-,08,22107.0,,N,F,A,D,-,D,D,0,Y,,C,02,0,1,0,0,1,34.436519622802734,-117.37293243408205,SAN BERNARDINO,HESPERIA,-117.37290191650392,34.43650436401367,0,Night,0
2022,9855,2022-03-24,1352,4,1,N,A,-,Y,H,,N,4,0,1,2,D,-,00,,,N,B,A,D,-,A,D,0,Y,,-,- ,0,0,1,0,1,34.06782913208008,-117.5972900390625,SAN BERNARDINO,ONTARIO,-117.5972900390625,34.067840576171875,0,Midday,0
2022,9850,2022-04-10,1623,7,2,N,A,-,N,,,N,3,0,1,1,A,-,08,22107.0,,N,F,A,A,-,A,D,0,Y,Y,C,06,0,1,0,0,1,34.378929138183594,-117.362060546875,SAN BERNARDINO,HESPERIA,-117.36199951171876,34.37897109985352,1,Evening,0
2022,9850,2022-04-12,2245,2,3,N,A,-,Y,H,,N,4,0,1,3,A,-,03,22350.0,,F,C,A,D,-,D,D,0,Y,,-,99,0,0,1,0,1,34.45671844482422,-117.35703277587892,SAN BERNARDINO,VICTORVILLE,-117.35707092285156,34.45674514770508,0,Night,0
2022,9870,2022-04-10,119,7,3,N,G,-,N,,,N,2,0,1,1,A,-,01,23152.0,G,N,F,A,H,-,D,D,0,Y,Y,C,06,1,0,0,0,1,34.27676010131836,-116.44119262695312,SAN BERNARDINO,UNINCORPORATED,-116.44496917724608,34.127925872802734,1,Night,1
2022,9850,2022-04-11,1730,1,2,N,A,-,Y,H,,Y,3,0,1,1,A,-,08,22107.0,,N,F,A,H,-,A,D,0,Y,,C,02,0,1,0,0,1,34.54085922241211,-117.30796813964844,SAN BERNARDINO,VICTORVILLE,-117.30797576904295,34.540863037109375,0,Evening,0
2022,9870,2022-04-08,2345,5,3,Y,A,-,N,,,Y,2,0,2,2,A,-,01,23152.0,A,F,D,A,H,-,D,A,0,Y,Y,C,06,1,1,0,0,1,34.17873001098633,-116.1501922607422,SAN BERNARDINO,UNINCORPORATED,-116.15058135986328,34.17876052856445,0,Night,1
2022,9855,2022-04-07,955,4,1,N,A,-,Y,,,N,3,0,1,2,A,-,06,21755.0,A,N,B,A,H,-,A,D,0,Y,,C,02,0,1,0,0,1,34.12166976928711,-117.51586151123048,SAN BERNARDINO,RANCHO CUCAMONGA,-117.51586151123048,34.12166976928711,0,Morning,0
2022,9870,2022-04-12,1115,2,1,N,A,-,Y,H,,N,2,0,1,2,A,-,06,21750.0,A,N,C,A,H,-,A,D,0,Y,,C,03,1,0,0,0,1,34.26604080200195,-116.4455337524414,SAN BERNARDINO,UNINCORPORATED,-116.44554901123048,34.26602935791016,0,Midday,1
2022,9860,2022-04-08,917,5,1,N,A,-,Y,H,,Y,2,0,2,2,A,-,03,22350.0,,N,C,A,H,-,A,D,0,Y,,A,01,2,0,0,0,1,34.32270050048828,-117.45881652832033,SAN BERNARDINO,UNINCORPORATED,-117.45880126953124,34.322689056396484,0,Morning,1
2022,9860,2022-04-08,643,5,1,N,A,-,Y,H,,Y,3,0,1,2,A,-,07,21658.0,A,F,F,A,H,-,A,D,0,Y,,D,22,0,1,0,0,1,34.30278015136719,-117.46127319335938,SAN BERNARDINO,UNINCORPORATED,-117.46129608154295,34.302757263183594,0,Morning,0
2022,9860,2022-04-08,1820,5,2,N,A,-,Y,H,,Y,2,0,1,2,A,-,08,22107.0,,N,E,A,H,-,A,D,0,Y,,A,01,1,0,0,0,1,34.06515121459961,-117.30371856689452,SAN BERNARDINO,COLTON,-117.3037338256836,34.06501770019531,0,Evening,1
2022,9850,2022-04-19,1945,2,2,N,A,-,N,,,N,3,0,1,2,A,-,01,23152.0,A,F,B,A,H,-,C,D,0,Y,Y,A,07,0,1,0,0,1,34.50183868408203,-117.34673309326172,SAN BERNARDINO,UNINCORPORATED,-117.34674072265624,34.501983642578125,0,Evening,0
2022,9860,2022-01-11,749,2,1,N,A,-,Y,H,,Y,1,1,1,3,A,-,07,21658.0,A,N,C,A,H,-,A,D,0,Y,,A,01,1,0,0,1,1,34.03348159790039,-117.32544708251952,SAN BERNARDINO,GRAND TERRACE,-117.32550048828124,34.03352355957031,0,Morning,1
2022,9830,2022-04-21,1627,4,2,N,G,-,Y,H,,Y,3,0,1,1,A,-,08,22107.0,,N,F,A,H,-,A,D,0,Y,,C,02,0,1,0,0,1,35.36626052856445,-117.6189193725586,SAN BERNARDINO,UNINCORPORATED,-117.61896514892578,35.36621856689453,0,Evening,0
2022,9860,2022-04-15,1630,5,2,N,A,-,Y,H,,N,2,0,1,2,A,-,08,22107.0,,N,B,A,H,-,A,D,0,Y,,C,02,1,0,0,0,1,34.067241668701165,-117.4330596923828,SAN BERNARDINO,FONTANA,-117.4330596923828,34.06720733642578,0,Evening,1
2022,9855,2022-03-07,1650,1,2,N,A,-,Y,H,,Y,3,0,1,3,A,-,07,21658.0,A,M,B,A,H,-,A,D,0,Y,,A,08,0,1,0,0,1,34.02997970581055,-117.7114028930664,SAN BERNARDINO,CHINO,-117.71139526367188,34.029964447021484,0,Evening,0
2022,9835,2022-04-16,1200,6,1,N,A,G,N,,,N,3,0,1,1,D,-,00,,,N,F,A,H,-,A,D,0,Y,,-,- ,0,1,0,0,1,35.69544982910156,-116.21610260009766,SAN BERNARDINO,UNINCORPORATED,-116.22868347167967,35.712993621826165,1,Midday,0
2022,9855,2022-04-15,1430,5,2,N,A,-,Y,H,,N,3,0,1,2,A,-,03,22350.0,,N,C,A,H,-,A,D,0,Y,,C,02,0,1,0,0,1,34.134788513183594,-117.62165832519533,SAN BERNARDINO,UPLAND,-117.62165832519533,34.13478469848633,0,Midday,0
2022,9860,2022-04-19,1802,2,2,N,A,-,Y,H,,Y,2,0,1,2,A,-,07,21658.0,A,N,C,A,H,-,A,D,0,Y,,A,01,1,0,0,0,1,34.03371810913086,-117.14044952392578,SAN BERNARDINO,REDLANDS,-117.14047241210938,34.033668518066406,0,Evening,1
2022,9860,2022-04-04,1813,1,2,N,A,-,Y,H,,Y,2,0,3,3,A,-,07,21658.0,A,F,C,A,H,-,A,D,0,Y,,D,22,1,1,1,0,1,34.06406021118164,-117.26370239257812,SAN BERNARDINO,SAN BERNARDINO,-117.26368713378906,34.06397247314453,0,Evening,1
2022,9860,2022-04-09,229,6,3,N,A,-,Y,H,,Y,2,0,1,2,A,-,01,23152.0,A,N,C,A,D,E,D,A,0,Y,Y,C,02,1,0,0,0,1,34.138370513916016,-117.24186706542967,SAN BERNARDINO,SAN BERNARDINO,-117.24185943603516,34.138389587402344,1,Night,1
2022,9860,2022-04-07,2240,4,3,N,A,-,N,,,Y,3,0,1,2,A,-,03,22350.0,,M,C,A,H,-,C,A,0,Y,,A,01,0,1,0,0,1,34.12866973876953,-117.25006866455078,SAN BERNARDINO,UNINCORPORATED,-117.25014495849608,34.12858200073242,0,Night,0
2022,9865,2022-04-28,1935,4,2,N,A,-,Y,H,,Y,4,0,1,1,A,-,08,22107.0,,N,F,A,H,-,B,D,0,Y,,C,02,0,0,1,0,1,34.293731689453125,-116.81526184082033,SAN BERNARDINO,UNINCORPORATED,-116.81524658203124,34.293701171875,0,Evening,0
2022,9850,2022-04-24,1255,7,1,N,A,-,Y,H,,N,4,0,2,3,A,-,07,21658.0,A,F,B,A,D,-,A,D,0,Y,,-,99,0,0,2,0,2,34.4393196105957,-117.37079620361328,SAN BERNARDINO,HESPERIA,-117.37073516845705,34.43928527832031,1,Midday,0
2022,9860,2022-04-23,1105,6,1,N,A,-,Y,H,,Y,4,0,1,1,A,-,08,22107.0,,N,F,A,H,-,A,D,0,Y,,C,02,0,0,1,0,1,34.04077911376953,-117.1548080444336,SAN BERNARDINO,REDLANDS,-117.15476989746094,34.04079818725586,1,Midday,0
2022,9870,2022-03-24,135,4,3,N,A,-,N,,,Y,1,1,0,1,A,-,08,22107.0,,N,F,A,H,-,D,D,0,Y,,C,02,0,0,0,1,0,34.1756706237793,-116.15055084228516,SAN BERNARDINO,UNINCORPORATED,-116.1505889892578,34.17583465576172,0,Night,1
2022,9865,2022-04-24,1612,7,2,N,A,-,Y,H,,N,2,0,1,2,A,-,09,21804.0,A,N,D,A,H,-,A,D,0,Y,,A,01,1,0,0,0,1,34.29315948486328,-117.34145355224608,SAN BERNARDINO,UNINCORPORATED,-117.34156799316406,34.293235778808594,1,Evening,1
2022,9855,2022-04-23,1135,6,1,N,A,-,Y,H,,Y,2,0,1,1,A,-,08,22107.0,,N,E,A,H,-,A,D,0,Y,,C,02,1,0,0,0,1,34.13600158691406,-117.50768280029295,SAN BERNARDINO,RANCHO CUCAMONGA,-117.50768280029295,34.13618087768555,1,Midday,1
2022,9860,2022-05-02,1550,1,2,N,A,-,Y,H,,Y,3,0,1,2,A,-,07,21658.0,A,N,F,A,H,-,A,D,0,Y,,A,01,0,1,0,0,1,34.136329650878906,-117.41664123535156,SAN BERNARDINO,RIALTO,-117.41664123535156,34.13629531860352,0,Midday,0
2022,9860,2022-05-03,630,2,1,N,A,-,Y,H,,N,4,0,1,3,A,-,07,21658.0,A,F,C,A,H,-,A,D,0,Y,,A,01,0,0,1,0,1,34.34769821166992,-117.4744110107422,SAN BERNARDINO,UNINCORPORATED,-117.47442626953124,34.347755432128906,0,Morning,0
2022,9860,2022-04-30,315,6,3,N,A,-,Y,H,,Y,2,0,1,1,A,-,08,22107.0,,N,F,A,H,-,D,D,0,Y,,C,02,1,0,0,0,1,34.180721282958984,-117.3474578857422,SAN BERNARDINO,SAN BERNARDINO,-117.34747314453124,34.18071365356445,1,Night,1
2022,9860,2022-04-25,1515,1,2,N,A,-,Y,H,,Y,3,0,1,2,A,-,07,21658.0,A,N,B,A,H,-,A,D,0,Y,,A,07,0,1,0,0,1,34.01530075073242,-117.08997344970705,SAN BERNARDINO,YUCAIPA,-117.08997344970705,34.01536178588867,0,Midday,0
2022,9855,2022-04-29,1805,5,2,N,A,-,Y,H,,Y,3,0,1,3,A,-,03,22350.0,,N,B,A,H,-,A,D,0,Y,,C,02,0,1,0,0,1,34.06547927856445,-117.50470733642578,SAN BERNARDINO,FONTANA,-117.50470733642578,34.06551742553711,0,Evening,0
2022,9850,2022-05-02,1244,1,1,N,A,-,N,,,Y,3,0,1,2,A,-,03,22350.0,,N,C,A,H,-,A,D,0,Y,,C,02,0,1,0,0,1,34.426998138427734,-117.57266998291016,SAN BERNARDINO,UNINCORPORATED,-117.57257080078124,34.42686462402344,0,Midday,0
2022,9860,2022-05-06,1733,5,2,N,A,-,Y,H,,Y,3,0,1,1,A,-,08,22107.0,,N,F,A,H,-,A,D,0,Y,,C,02,0,1,0,0,1,34.068241119384766,-117.40071868896484,SAN BERNARDINO,UNINCORPORATED,-117.40072631835938,34.06826400756836,0,Evening,0
2022,9855,2022-02-17,1035,4,1,N,A,G,Y,,,Y,2,0,1,2,A,-,06,21755.0,A,N,C,A,C,-,A,D,0,Y,,C,02,1,0,0,0,1,34.029781341552734,-117.56493377685548,SAN BERNARDINO,ONTARIO,-117.56471252441406,34.02595138549805,0,Morning,1
2022,9865,2022-05-12,1150,4,1,N,A,-,N,,,N,2,0,1,1,B,-,22,,,N,F,A,A,-,A,D,0,Y,,C,06,1,0,0,0,1,34.277191162109375,-117.2372817993164,SAN BERNARDINO,UNINCORPORATED,-117.2195281982422,34.28520965576172,0,Midday,1
2022,9850,2022-05-05,1440,4,2,N,A,-,N,,,N,3,0,1,2,A,-,08,22107.0,,N,D,A,A,-,A,D,0,Y,,C,02,0,1,0,0,1,34.45895004272461,-116.85800933837892,SAN BERNARDINO,UNINCORPORATED,-116.85801696777344,34.458778381347656,0,Midday,0
2022,9865,2022-05-05,1355,4,1,N,A,-,N,,,N,4,0,1,1,A,-,03,22350.0,,N,F,A,H,-,A,D,0,Y,,C,02,0,0,1,0,1,34.23114013671875,-117.21578979492188,SAN BERNARDINO,UNINCORPORATED,-117.21581268310548,34.23117446899414,0,Midday,0
2022,9860,2022-05-07,1440,6,2,N,A,-,Y,H,,N,2,0,2,2,A,-,03,22350.0,,N,C,A,H,-,A,D,0,Y,,C,02,1,0,1,0,1,34.145610809326165,-117.29022979736328,SAN BERNARDINO,SAN BERNARDINO,-117.29022979736328,34.14563751220703,1,Midday,1
2022,9865,2022-05-11,1000,3,1,N,A,-,Y,H,,N,3,0,1,1,A,-,08,22107.0,,N,E,A,H,-,A,D,0,Y,,C,02,0,1,0,0,1,34.109619140625,-116.97482299804688,SAN BERNARDINO,UNINCORPORATED,-116.97482299804688,34.109615325927734,0,Morning,0
2022,9860,2022-05-11,1835,3,2,Y,A,-,N,,,Y,2,0,2,2,A,-,01,23152.0,A,N,D,A,H,-,A,A,0,Y,Y,C,02,1,0,1,0,1,34.12860870361328,-117.24598693847656,SAN BERNARDINO,UNINCORPORATED,-117.24592590332033,34.12857437133789,0,Evening,1
2022,9865,2022-05-12,1850,4,2,N,A,-,N,,,N,3,0,1,2,A,-,09,21802.0,A,N,F,A,H,-,A,A,0,Y,,D,22,0,1,0,0,1,34.240779876708984,-117.2885284423828,SAN BERNARDINO,UNINCORPORATED,-117.28852081298828,34.2408332824707,0,Evening,0
2022,9850,2022-05-11,800,3,1,N,A,-,Y,H,,N,2,0,1,3,C,-,18,,,N,C,A,H,-,B,D,0,Y,,-,- ,1,0,0,0,1,34.38911819458008,-117.41049957275392,SAN BERNARDINO,HESPERIA,-117.41056060791016,34.389156341552734,0,Morning,1