ACCIDENT_YEAR,JURIS,COLLISION_DATE,COLLISION_TIME,DAY_OF_WEEK,CHP_SHIFT,INTERSECTION,WEATHER_1,WEATHER_2,STATE_HWY_IND,LOCATION_TYPE,RAMP_INTERSECTION,TOW_AWAY,COLLISION_SEVERITY,NUMBER_KILLED,NUMBER_INJURED,PARTY_COUNT,PRIMARY_COLL_FACTOR,PCF_CODE_OF_VIOL,PCF_VIOL_CATEGORY,PCF_VIOLATION,PCF_VIOL_SUBSECTION,HIT_AND_RUN,TYPE_OF_COLLISION,ROAD_SURFACE,ROAD_COND_1,ROAD_COND_2,LIGHTING,CONTROL_DEVICE,CHP_ROAD_TYPE,MOTORCYCLE_ACCIDENT,ALCOHOL_INVOLVED,STWD_VEHTYPE_AT_FAULT,CHP_VEHTYPE_AT_FAULT,COUNT_SEVERE_INJ,COUNT_VISIBLE_INJ,COUNT_COMPLAINT_PAIN,COUNT_MC_KILLED,COUNT_MC_INJURED,LATITUDE,LONGITUDE,COUNTY,CITY,POINT_X,POINT_Y,IS_WEEKEND,TIME_OF_DAY,SEVERE_FATAL
2022,3710,2022-07-05,2028,2,5,N,B,-,N,,,Y,4,0,1,2,A,-,08,22107.0,,N,D,A,H,-,C,A,0,Y,,C,02,0,0,1,0,1,,,SAN DIEGO,OCEANSIDE,-117.36905670166016,33.18335723876953,0,Night,0
2022,3702,2022-05-24,1841,2,5,N,B,-,N,,,N,3,0,1,2,A,-,09,21801.0,A,N,D,A,H,-,B,D,0,Y,,A,07,0,1,0,0,1,,,SAN DIEGO,CHULA VISTA,-117.01310729980467,32.59653091430664,0,Evening,0
2022,3702,2022-05-29,1620,7,5,N,A,-,N,,,N,3,0,1,1,A,-,08,22100.0,B,N,H,A,H,-,A,A,0,Y,,C,03,0,1,0,0,1,,,SAN DIEGO,CHULA VISTA,-117.08408355712892,32.61716842651367,1,Evening,0
2022,3702,2022-05-27,1410,5,5,Y,A,-,N,,,N,3,0,1,2,A,-,03,22350.0,,F,D,A,H,-,A,D,0,Y,,C,02,0,1,0,0,1,,,SAN DIEGO,CHULA VISTA,-117.08297729492188,32.637535095214844,0,Midday,0
2022,3710,2022-05-15,1204,7,5,N,A,-,N,,,Y,3,0,1,2,A,-,17,21461.0,A,N,H,A,H,-,A,D,0,Y,,A,01,0,1,0,0,1,,,SAN DIEGO,OCEANSIDE,-117.36644744873048,33.185264587402344,1,Midday,0
2022,3700,2022-04-20,1507,3,5,N,A,-,N,,,N,2,0,1,1,A,-,03,22350.0,,N,E,A,H,-,A,D,0,Y,,C,02,1,0,0,0,1,,,SAN DIEGO,SAN MARCOS,-117.17293548583984,33.10731506347656,0,Midday,1
2022,3711,2022-06-04,2100,6,5,Y,A,-,N,,,Y,4,0,1,2,A,-,09,21801.0,A,M,B,A,H,-,C,A,0,Y,Y,-,,0,0,1,0,1,,,SAN DIEGO,SAN DIEGO,-117.15650177001952,32.711517333984375,1,Night,0
2022,3711,2022-04-08,10,5,5,Y,A,-,Y,R,4,Y,2,0,1,1,A,-,03,22350.0,,N,F,A,H,-,C,A,0,Y,,C,02,1,0,0,0,1,,,SAN DIEGO,SAN DIEGO,-117.1196060180664,32.716121673583984,0,Night,1
2022,3710,2022-04-27,1250,3,5,Y,A,-,N,,,Y,4,0,1,2,A,-,12,21453.0,A,N,D,-,H,-,A,A,0,Y,,A,01,0,0,1,0,1,,,SAN DIEGO,OCEANSIDE,-117.25228118896484,33.171688079833984,0,Midday,0
2022,3711,2022-05-16,1515,1,5,N,A,-,N,,,Y,2,0,1,2,A,-,08,22107.0,,N,H,A,H,-,A,A,0,Y,,A,01,1,0,0,0,1,,,SAN DIEGO,SAN DIEGO,-117.21581268310548,32.79869079589844,0,Midday,1
2022,3711,2022-06-22,1526,3,5,N,A,-,Y,R,4,N,4,0,1,3,A,-,09,21453.0,B,M,C,A,H,-,A,A,0,Y,,-,99,0,0,1,0,1,,,SAN DIEGO,SAN DIEGO,-117.09131622314452,32.68604278564453,0,Midday,0
2022,3711,2022-06-11,2034,6,5,Y,A,-,N,,,N,4,0,2,3,A,-,09,21802.0,B,N,D,A,H,-,C,A,0,Y,,A,01,0,0,2,0,1,,,SAN DIEGO,SAN DIEGO,-117.24111175537108,32.75064849853516,1,Night,0
2022,3709,2022-06-07,1915,2,5,N,A,-,N,,,Y,3,0,1,2,A,-,12,21453.0,A,N,B,A,H,-,A,A,0,Y,Y,C,02,0,1,0,0,1,,,SAN DIEGO,NATIONAL CITY,-117.10475158691406,32.66112518310547,0,Evening,0
2022,3711,2022-06-25,2325,6,5,N,A,-,N,,,N,3,0,1,1,A,-,03,22350.0,,N,H,A,A,-,C,D,0,Y,,C,03,0,1,0,0,1,,,SAN DIEGO,SAN DIEGO,-117.2293701171875,32.74756622314453,1,Night,0
2022,3711,2022-06-25,1433,6,5,N,A,-,N,,,N,3,0,1,1,A,-,03,22350.0,,N,H,A,H,-,A,D,0,Y,,C,03,0,1,0,0,1,,,SAN DIEGO,SAN DIEGO,-117.16082763671876,32.74987030029297,1,Midday,0
2022,3711,2022-06-11,2152,6,5,N,A,-,N,,,N,4,0,1,2,A,-,09,21804.0,A,N,D,A,H,-,C,A,0,Y,,L,04,0,0,1,0,0,,,SAN DIEGO,SAN DIEGO,-117.13900756835938,32.74102020263672,1,Night,0
2022,3711,2022-06-12,1500,7,5,N,A,-,N,,,N,3,0,2,4,A,-,08,22107.0,,N,B,A,H,-,A,A,0,Y,,A,01,0,2,0,0,2,,,SAN DIEGO,SAN DIEGO,-117.21102905273438,32.79828643798828,1,Midday,0
2022,3711,2022-06-11,1645,6,5,N,A,-,N,,,Y,4,0,1,2,A,-,03,22350.0,,N,A,A,H,-,A,D,0,Y,,C,02,0,0,1,0,1,,,SAN DIEGO,SAN DIEGO,-117.08909606933594,32.739116668701165,1,Evening,0
2022,3711,2022-04-15,2045,5,5,Y,A,-,N,,,Y,2,0,1,2,A,-,05,21460.0,A,N,D,A,H,-,C,A,0,Y,,C,02,1,0,0,0,1,,,SAN DIEGO,SAN DIEGO,-117.08264923095705,32.70563888549805,0,Night,1
2022,3705,2022-04-24,1346,7,5,Y,A,-,N,,,N,4,0,1,2,A,-,09,21801.0,A,N,D,A,H,-,A,D,0,Y,,A,08,0,0,1,0,1,,,SAN DIEGO,EL CAJON,-116.96614837646484,32.78766632080078,1,Midday,0
2022,3711,2022-05-29,121,7,5,N,A,-,N,,,N,4,0,1,2,A,-,08,22107.0,,N,D,A,H,-,C,A,0,Y,,A,01,0,0,1,0,0,,,SAN DIEGO,SAN DIEGO,-117.08907318115234,32.71866989135742,1,Night,0
2022,3711,2022-05-30,814,1,5,N,A,-,N,,,N,4,0,1,2,A,-,09,21804.0,A,N,A,A,H,-,A,A,0,Y,,A,01,0,0,1,0,1,,,SAN DIEGO,SAN DIEGO,-116.93764495849608,32.55651092529297,0,Morning,0
2022,3711,2022-05-29,1635,7,5,N,A,-,N,,,Y,3,0,1,2,A,-,08,22107.0,,N,C,A,H,-,A,D,0,Y,,A,01,0,1,0,0,1,,,SAN DIEGO,SAN DIEGO,-117.15623474121094,32.714691162109375,1,Evening,0
2022,3711,2022-05-27,1156,5,5,Y,A,-,N,,,Y,4,0,1,1,A,-,03,22350.0,,N,E,A,H,-,A,D,0,Y,,C,02,0,0,1,0,1,,,SAN DIEGO,SAN DIEGO,-117.2048110961914,32.75529479980469,0,Midday,0
2022,3711,2022-05-27,722,5,5,Y,A,B,N,,,N,4,0,1,1,A,-,03,22352.0,A,N,H,D,G,-,A,A,0,Y,,C,02,0,0,1,0,1,,,SAN DIEGO,SAN DIEGO,-117.18054962158205,32.7389030456543,0,Morning,0
2022,3711,2022-04-06,830,3,5,Y,-,-,N,,,N,4,0,1,2,A,-,09,21801.0,A,N,A,A,H,-,A,A,0,Y,,A,01,0,0,1,0,1,,,SAN DIEGO,SAN DIEGO,-117.12527465820312,32.71167755126953,0,Morning,0
2022,3708,2022-05-28,1816,6,5,N,A,-,N,,,Y,2,0,1,1,A,-,03,22350.0,,N,F,A,H,-,A,D,0,Y,,C,02,1,0,0,0,1,,,SAN DIEGO,LA MESA,-117.04578399658205,32.75469207763672,1,Evening,1
2022,3711,2022-06-02,1735,4,5,N,A,-,N,,,N,4,0,1,2,A,-,17,22517.0,,N,B,A,H,-,A,A,0,Y,,A,01,0,0,1,0,1,,,SAN DIEGO,SAN DIEGO,-117.13410186767578,32.70637893676758,0,Evening,0
2022,3711,2022-03-05,1852,6,5,Y,A,G,N,,,Y,2,0,1,2,A,-,09,21801.0,A,N,A,A,H,-,C,A,0,Y,,A,01,1,0,0,0,1,,,SAN DIEGO,SAN DIEGO,-117.25379943847656,32.79103088378906,1,Evening,1
2022,3711,2022-06-17,1940,5,5,N,A,-,N,,,N,3,0,1,1,D,-,00,,,N,E,A,A,B,B,D,0,Y,,-,- ,0,1,0,0,1,,,SAN DIEGO,SAN DIEGO,-117.13504028320312,32.74845886230469,0,Evening,0
2022,3711,2022-06-14,1356,2,5,Y,A,-,N,,,N,4,0,1,2,A,-,08,22107.0,,N,A,A,-,-,A,-,0,Y,,A,01,0,0,1,0,1,,,SAN DIEGO,SAN DIEGO,-117.02951049804688,32.545135498046875,0,Midday,0
2022,3711,2022-06-02,1857,4,5,N,A,-,N,,,N,3,0,1,2,A,-,09,21801.0,A,N,D,A,H,-,A,D,0,Y,,A,01,0,1,0,0,1,,,SAN DIEGO,SAN DIEGO,-117.1968002319336,32.80131149291992,0,Evening,0
2022,3711,2022-06-14,1512,2,5,Y,A,-,N,,,Y,3,0,1,2,A,-,03,22350.0,,N,C,A,H,-,A,A,0,Y,Y,C,02,0,1,0,0,1,,,SAN DIEGO,SAN DIEGO,-117.15637969970705,32.74839782714844,0,Midday,0
2022,3711,2022-06-11,2040,6,5,Y,A,-,N,,,N,2,0,1,1,B,-,22,,,N,H,A,H,-,B,D,0,Y,,C,03,1,0,0,0,1,,,SAN DIEGO,SAN DIEGO,-117.25536346435548,32.80254364013672,1,Night,1
2022,3711,2022-05-25,1956,3,5,Y,A,-,N,,,N,2,0,1,2,A,-,17,21451.0,A,N,B,A,H,-,B,A,0,Y,,A,01,1,0,0,0,1,,,SAN DIEGO,SAN DIEGO,-117.13015747070312,32.750335693359375,0,Evening,1
2022,3700,2022-05-31,900,2,5,N,A,-,N,,,N,2,0,1,2,A,-,09,21801.0,A,N,D,A,H,-,A,D,0,Y,,A,01,1,0,0,0,1,,,SAN DIEGO,SAN MARCOS,-117.16497802734376,33.152122497558594,0,Morning,1
2022,3711,2022-06-14,934,2,5,N,A,-,N,,,Y,3,0,1,1,A,-,03,22350.0,,N,E,A,H,-,A,D,0,Y,,C,02,0,1,0,0,1,,,SAN DIEGO,SAN DIEGO,-117.06221771240234,32.78292465209961,0,Morning,0
2022,3700,2022-06-05,1259,7,5,N,A,-,N,,,N,4,0,1,2,A,-,09,21804.0,A,N,D,A,H,-,A,A,0,Y,,C,02,0,0,1,0,1,,,SAN DIEGO,SAN MARCOS,-117.18529510498048,33.14260482788086,1,Midday,0
2022,3702,2022-05-02,1828,1,5,N,A,-,N,,,N,3,0,2,2,A,-,08,22107.0,,N,D,A,H,-,A,A,0,Y,,C,02,0,1,1,0,1,,,SAN DIEGO,CHULA VISTA,-117.069091796875,32.613677978515625,0,Evening,0
2022,3709,2022-05-24,2107,2,5,Y,A,-,N,,,Y,4,0,1,2,A,-,08,22107.0,,M,C,A,H,-,C,D,0,Y,Y,A,01,0,0,1,0,1,,,SAN DIEGO,NATIONAL CITY,-117.0707550048828,32.686012268066406,0,Night,0
2022,3702,2022-04-09,1155,6,5,N,A,-,N,,,Y,3,0,1,2,A,-,08,22107.0,,F,E,A,H,-,A,D,0,Y,,C,02,0,1,0,0,1,,,SAN DIEGO,CHULA VISTA,-117.07527923583984,32.59477996826172,1,Midday,0
2022,3710,2022-05-10,1825,2,5,Y,A,-,N,,,Y,2,0,1,2,A,-,09,21801.0,,N,D,A,H,-,A,D,0,Y,,A,01,1,0,0,0,1,,,SAN DIEGO,OCEANSIDE,-117.35684967041016,33.193267822265625,0,Evening,1
2022,3711,2022-06-17,1519,5,5,Y,A,-,N,,,N,3,0,1,1,A,-,03,22350.0,,N,F,A,H,-,A,D,0,Y,,C,03,0,1,0,0,1,,,SAN DIEGO,SAN DIEGO,-117.16105651855467,32.70941162109375,0,Midday,0
2022,3711,2022-06-21,1150,2,5,Y,A,-,N,,,Y,3,0,1,2,A,-,09,21800.0,A,N,D,A,H,-,A,A,0,Y,,E,23,0,1,0,0,1,,,SAN DIEGO,SAN DIEGO,-116.95372009277344,32.5676155090332,0,Midday,0
2022,3708,2022-06-16,1710,4,5,Y,A,-,N,,,Y,2,0,1,2,A,-,08,22107.0,,N,D,A,H,-,A,D,0,Y,,A,01,1,0,0,0,1,,,SAN DIEGO,LA MESA,-122.89048004150392,38.49186706542969,0,Evening,1
2022,3710,2022-04-15,942,5,5,N,A,-,Y,H,-,Y,4,0,1,2,A,-,03,22350.0,,N,C,A,H,-,A,A,0,Y,,C,02,0,0,1,0,1,,,SAN DIEGO,OCEANSIDE,-117.38246917724608,33.20647048950195,0,Morning,0
2022,3710,2022-07-03,1741,7,5,N,A,-,N,,,N,3,0,1,1,A,-,03,22350.0,,N,H,A,H,-,A,D,0,Y,,C,02,0,1,0,0,1,,,SAN DIEGO,OCEANSIDE,-117.30232238769533,33.25691223144531,1,Evening,0
2022,3710,2022-06-11,2130,6,5,N,A,-,N,,,N,3,0,1,2,A,-,03,22350.0,,N,C,A,H,-,C,D,0,Y,,C,02,0,1,0,0,1,,,SAN DIEGO,OCEANSIDE,-117.37032318115234,33.20335388183594,1,Night,0
2022,3710,2022-07-07,2147,4,5,Y,A,-,N,,,Y,4,0,1,1,A,-,03,22350.0,,N,F,A,H,-,D,D,0,Y,,C,02,0,0,1,0,1,,,SAN DIEGO,OCEANSIDE,-117.24506378173828,33.26472091674805,0,Night,0
2022,3710,2022-07-24,1026,7,5,N,A,-,N,,,Y,3,0,1,4,A,-,09,21801.0,A,M,B,A,H,-,A,D,0,Y,,-,99,0,1,0,0,1,,,SAN DIEGO,OCEANSIDE,-117.24480438232422,33.26625442504883,1,Morning,0
2022,3711,2022-08-19,1445,5,5,Y,A,-,Y,R,4,N,4,0,1,2,A,-,03,22350.0,,N,C,A,H,-,A,A,0,Y,,C,02,0,0,1,0,1,,,SAN DIEGO,SAN DIEGO,-117.08512878417967,32.57899475097656,0,Midday,0
2022,3703,2022-09-08,628,4,5,N,A,-,Y,H,-,N,3,0,1,2,A,-,08,22107.0,,N,B,A,H,-,A,A,0,Y,,A,01,0,1,0,0,1,32.69525146484375,-117.17279052734376,SAN DIEGO,CORONADO,-117.17186737060548,32.695022583007805,0,Morning,0
2022,3711,2022-08-03,141,3,5,Y,A,-,N,,,Y,3,0,1,2,A,-,12,21453.0,A,N,D,A,H,-,C,A,0,Y,,J,48,0,1,0,0,1,,,SAN DIEGO,SAN DIEGO,-117.24906158447266,32.74306106567383,0,Night,0
2022,3710,2022-07-18,1845,1,5,N,A,-,Y,H,-,Y,4,0,1,1,A,-,03,22350.0,,N,F,A,H,-,A,A,0,Y,,C,02,0,0,1,0,1,,,SAN DIEGO,OCEANSIDE,-117.35758972167967,33.21464538574219,0,Evening,0
2022,3710,2022-08-27,1718,6,5,N,A,-,Y,R,4,Y,3,0,1,1,A,-,00,23103.0,A,N,H,A,H,-,A,A,0,Y,,C,02,0,1,0,0,1,,,SAN DIEGO,OCEANSIDE,-117.38050842285156,33.203067779541016,1,Evening,0
2022,3710,2022-08-14,1611,7,5,N,A,-,Y,H,-,N,2,0,1,2,A,-,12,21453.0,A,N,G,A,H,-,A,A,0,Y,,O,05,1,0,0,0,1,,,SAN DIEGO,OCEANSIDE,-117.3513641357422,33.21649169921875,1,Evening,1
2022,3700,2022-03-17,1539,4,5,N,A,-,N,,,Y,1,1,0,3,A,-,09,21804.0,A,N,D,A,H,-,A,D,0,Y,,A,01,0,0,0,1,0,,,SAN DIEGO,ENCINITAS,-117.306202,33.076204,0,Midday,1
2022,3700,2022-03-25,2234,5,5,N,A,-,N,,,Y,1,1,1,2,A,-,01,23153.0,A,N,C,A,H,-,C,D,0,Y,Y,A,01,0,1,0,1,0,,,SAN DIEGO,POWAY,-117.03611755371094,32.965126037597656,0,Night,1
2022,3711,2022-12-06,2105,2,5,Y,A,-,N,,,Y,3,0,1,1,A,-,03,22350.0,,N,F,A,G,-,C,D,0,Y,,C,02,0,1,0,0,1,,,SAN DIEGO,SAN DIEGO,-117.23390197753906,32.871780395507805,0,Night,0
2022,3711,2022-11-15,1519,2,5,Y,A,-,N,,,Y,2,0,2,2,A,-,09,21802.0,A,N,D,A,H,-,A,D,0,Y,,A,08,1,1,0,0,1,,,SAN DIEGO,SAN DIEGO,-117.2313995361328,32.810787200927734,0,Midday,1
2022,3708,2022-01-03,949,1,5,N,B,-,N,,,Y,3,0,1,1,A,-,03,22350.0,,N,F,B,H,-,A,D,0,Y,,O,05,0,1,0,0,1,,,SAN DIEGO,LA MESA,-117.00576019287108,32.7656135559082,0,Morning,0
2022,3711,2022-11-16,1601,3,5,Y,A,-,N,,,Y,2,0,1,2,A,-,09,21801.0,A,N,D,A,H,-,A,A,0,Y,,J,48,1,0,0,0,1,,,SAN DIEGO,SAN DIEGO,-117.040771484375,32.55824661254883,0,Evening,1
2022,3710,2022-06-29,534,3,5,N,A,-,N,,,Y,3,0,1,1,A,-,03,22350.0,,N,E,A,H,-,A,D,0,Y,,C,02,0,1,0,0,1,,,SAN DIEGO,OCEANSIDE,-117.3839111328125,33.201690673828125,0,Morning,0
2022,3700,2022-06-05,112,7,5,Y,A,-,N,,,Y,4,0,1,1,A,-,03,22350.0,,N,E,A,D,-,C,A,0,Y,,C,02,0,0,1,0,1,,,SAN DIEGO,SAN MARCOS,-117.18643951416016,33.13077163696289,1,Night,0
2022,3709,2022-06-25,625,6,5,N,A,-,N,,,N,3,0,1,2,A,-,08,22107.0,,N,D,A,H,-,C,D,0,Y,,A,01,0,1,0,0,1,,,SAN DIEGO,NATIONAL CITY,-117.10619354248048,32.67412185668945,1,Morning,0
2022,3711,2022-06-26,2250,7,5,N,A,-,N,,,Y,2,0,1,2,A,-,08,22100.0,A,N,F,A,H,-,C,D,0,Y,,F,25,1,0,0,0,1,,,SAN DIEGO,SAN DIEGO,-117.1343002319336,32.83134078979492,1,Night,1
2022,3711,2022-07-09,2301,6,5,N,A,-,N,,,N,4,0,1,2,A,-,03,22350.0,,N,H,A,H,-,C,D,0,Y,,C,03,0,0,1,0,1,,,SAN DIEGO,SAN DIEGO,-117.16309356689452,32.71141815185547,1,Night,0
2022,3711,2022-07-11,1730,1,5,N,A,-,N,,,Y,3,0,1,2,A,-,09,21801.0,A,N,A,A,H,-,A,D,0,Y,,A,01,0,1,0,0,1,,,SAN DIEGO,SAN DIEGO,-117.09336853027344,32.749568939208984,0,Evening,0
2022,3711,2022-07-04,2230,1,5,N,A,-,N,,,N,3,0,1,1,C,-,18,,,N,H,A,G,-,C,D,0,Y,Y,-,- ,0,1,0,0,1,,,SAN DIEGO,SAN DIEGO,-117.21725463867188,32.80641174316406,0,Night,0
2022,3711,2022-07-07,2324,4,5,N,A,-,N,,,Y,4,0,1,2,A,-,09,21803.0,A,N,D,A,H,-,C,D,0,Y,,A,01,0,0,1,0,1,,,SAN DIEGO,SAN DIEGO,-117.2044677734375,32.751678466796875,0,Night,0
2022,3709,2022-07-01,749,5,5,N,A,F,Y,R,4,N,3,0,2,2,A,-,12,21453.0,A,F,D,A,H,-,A,A,0,Y,,A,01,0,1,1,0,1,,,SAN DIEGO,NATIONAL CITY,-117.10905456542967,32.66215515136719,0,Morning,0
2022,3711,2022-07-19,1759,2,5,Y,A,-,N,,,Y,4,0,1,2,A,-,09,21802.0,A,N,D,A,H,-,A,D,0,Y,,C,03,0,0,1,0,1,,,SAN DIEGO,SAN DIEGO,-117.1494598388672,32.70835876464844,0,Evening,0
2022,3711,2022-07-15,1822,5,5,N,A,-,N,,,N,3,0,1,2,A,-,08,22107.0,,N,D,A,H,-,A,A,0,Y,,C,02,0,1,0,0,1,,,SAN DIEGO,SAN DIEGO,-117.23480224609376,32.79918670654297,0,Evening,0
2022,3711,2022-07-22,1456,5,5,N,A,-,N,,,N,3,0,1,2,A,-,21,22106.0,,N,C,A,H,-,A,A,0,Y,,A,01,0,1,0,0,1,,,SAN DIEGO,SAN DIEGO,-117.06092834472656,33.018653869628906,0,Midday,0
2022,3711,2022-07-19,1510,2,5,Y,A,-,N,,,Y,2,0,2,2,A,-,12,21453.0,A,N,A,A,H,-,A,A,0,Y,,A,01,1,0,1,0,2,,,SAN DIEGO,SAN DIEGO,-117.08676147460938,32.7040901184082,0,Midday,1
2022,3711,2022-07-04,1800,1,5,N,A,-,N,,,N,4,0,1,2,A,-,17,22109.0,,M,C,A,H,-,A,D,0,Y,,-,99,0,0,1,0,1,,,SAN DIEGO,SAN DIEGO,-117.2327117919922,32.76169204711914,0,Evening,0
2022,3700,2022-05-08,1013,7,5,Y,A,-,N,,,Y,2,0,1,2,A,-,12,21453.0,A,N,D,A,H,-,A,A,0,Y,,C,02,1,0,0,0,1,,,SAN DIEGO,VISTA,-117.27955627441406,33.18918228149414,1,Morning,1
2022,3700,2022-06-21,1735,2,5,Y,A,-,N,,,Y,3,0,1,2,A,-,12,21453.0,A,N,B,A,H,-,A,A,0,Y,,A,01,0,1,0,0,1,,,SAN DIEGO,ENCINITAS,-117.30168914794922,33.0644416809082,0,Evening,0
2022,3711,2022-07-28,1000,4,5,Y,A,-,N,,,N,4,0,1,1,A,-,03,22350.0,,N,H,A,H,-,A,D,0,Y,,C,02,0,0,1,0,1,,,SAN DIEGO,SAN DIEGO,-117.06462860107422,32.67912673950195,0,Morning,0
2022,3702,2022-05-20,1738,5,5,N,B,-,N,,,Y,3,0,2,2,A,-,09,21804.0,A,N,D,A,H,-,B,D,0,Y,,A,07,0,1,1,0,1,,,SAN DIEGO,CHULA VISTA,-117.07938385009766,32.6049919128418,0,Evening,0
2022,3711,2022-06-17,755,5,5,Y,A,-,N,,,N,3,0,1,2,A,-,09,21453.0,B,N,C,A,H,-,A,A,0,Y,,A,01,0,1,0,0,1,,,SAN DIEGO,SAN DIEGO,-117.03240966796876,32.58372497558594,0,Morning,0
2022,3709,2022-06-11,2159,6,5,N,A,-,N,,,Y,3,0,1,1,A,-,01,23152.0,A,N,F,A,H,-,C,D,0,Y,Y,C,02,0,1,0,0,1,,,SAN DIEGO,NATIONAL CITY,-117.08248901367188,32.68267822265625,1,Night,0
2022,3700,2022-06-06,1045,1,5,N,-,-,N,,,Y,4,0,1,1,A,-,03,22350.0,,N,H,-,H,-,A,A,0,Y,,C,02,0,0,1,0,1,,,SAN DIEGO,VISTA,-117.24892425537108,33.196495056152344,0,Morning,0
2022,3711,2022-06-20,1655,1,5,Y,A,-,N,,,Y,2,0,1,2,A,-,12,21453.0,A,N,D,A,H,-,A,A,0,Y,,F,27,1,0,0,0,1,,,SAN DIEGO,SAN DIEGO,-117.1528091430664,32.711544036865234,0,Evening,1
2022,3705,2022-05-22,1234,7,5,N,A,-,N,,,N,4,0,1,2,A,-,09,21801.0,A,N,D,A,H,-,A,D,0,Y,,A,01,0,0,1,0,1,,,SAN DIEGO,EL CAJON,-116.95490264892578,32.79631805419922,1,Midday,0
2022,3711,2022-06-19,1231,7,5,Y,A,-,N,,,N,3,0,1,2,A,-,21,22106.0,,N,E,A,H,-,A,D,0,Y,,A,01,0,1,0,0,1,,,SAN DIEGO,SAN DIEGO,-117.17969512939452,32.74152374267578,1,Midday,0
2022,3711,2022-06-27,1238,1,5,N,A,-,N,,,N,3,0,1,2,A,-,21,22106.0,,N,D,A,H,-,A,A,0,Y,,C,02,0,1,0,0,1,,,SAN DIEGO,SAN DIEGO,-117.09282684326172,32.583740234375,0,Midday,0
2022,3711,2022-06-17,50,5,5,N,A,-,N,,,N,2,0,1,1,A,-,03,22350.0,,N,E,A,H,-,C,A,0,Y,Y,C,03,1,0,0,0,1,,,SAN DIEGO,SAN DIEGO,-117.16555786132812,32.71564865112305,0,Night,1
2022,3711,2022-07-02,2220,6,5,N,A,-,N,,,N,3,0,1,2,A,-,03,22350.0,,N,C,A,H,-,C,D,0,Y,Y,C,03,0,1,0,0,1,,,SAN DIEGO,SAN DIEGO,-117.24078369140624,32.790000915527344,1,Night,0
2022,3711,2022-07-02,13,6,5,N,A,-,N,,,N,3,0,1,1,A,-,03,22350.0,,N,H,A,A,-,C,D,0,Y,,C,02,0,1,0,0,1,,,SAN DIEGO,SAN DIEGO,-117.13587188720705,32.74845886230469,1,Night,0
2022,3711,2022-07-01,1128,5,5,N,A,-,N,,,Y,3,0,1,2,A,-,08,22107.0,,N,B,A,H,-,A,A,0,Y,,C,02,0,1,0,0,1,,,SAN DIEGO,SAN DIEGO,-117.23377227783205,32.87177276611328,0,Midday,0
2022,3711,2022-06-29,1533,3,5,N,A,-,N,,,Y,4,0,1,2,A,-,06,21750.0,,N,B,A,H,-,A,D,0,Y,,C,02,0,0,1,0,1,,,SAN DIEGO,SAN DIEGO,-117.13358306884766,32.693851470947266,0,Midday,0
2022,3711,2022-07-01,402,5,5,Y,A,-,N,,,N,4,0,1,5,B,-,22,,,N,A,A,H,-,C,D,0,Y,,A,01,0,0,1,0,0,,,SAN DIEGO,SAN DIEGO,-117.15997314453124,32.80425262451172,0,Night,0
2022,3711,2022-07-02,1945,6,5,N,A,-,N,,,Y,3,0,1,1,A,-,03,22350.0,,N,E,A,H,-,A,D,0,Y,,C,02,0,1,0,0,1,,,SAN DIEGO,SAN DIEGO,-117.2375946044922,32.78010940551758,1,Evening,0
2022,3711,2022-07-04,2050,1,5,N,A,-,N,,,N,3,0,2,1,A,-,03,22350.0,,N,F,A,H,-,C,D,0,Y,Y,C,03,0,2,0,0,2,,,SAN DIEGO,SAN DIEGO,-117.23856353759766,32.79235076904297,0,Night,0
2022,3705,2022-07-01,1100,5,5,N,A,-,N,,,N,4,0,1,1,A,-,08,22107.0,,N,H,A,H,-,A,A,0,Y,,C,02,0,0,1,0,1,,,SAN DIEGO,EL CAJON,-116.96762847900392,32.807571411132805,0,Midday,0
2022,3711,2022-07-21,1705,4,5,Y,A,-,N,,,N,3,0,1,2,A,-,09,21802.0,A,N,D,A,-,-,A,A,0,Y,,A,01,0,1,0,0,1,,,SAN DIEGO,SAN DIEGO,-117.25470733642578,32.80678176879883,0,Evening,0
2022,3711,2022-07-24,1840,7,5,N,A,-,N,,,N,3,0,1,2,B,-,22,,,N,D,A,H,-,B,A,0,Y,,C,03,0,1,0,0,1,,,SAN DIEGO,SAN DIEGO,-117.16958618164062,32.781517028808594,1,Evening,0
2022,3702,2022-08-25,937,4,5,N,A,-,N,,,Y,4,0,1,2,A,-,08,22107.0,,N,D,A,H,-,A,D,0,Y,,A,07,0,0,1,0,1,,,SAN DIEGO,CHULA VISTA,-116.94532012939452,32.6654052734375,0,Morning,0
2022,3702,2022-08-03,840,3,5,Y,A,-,N,,,Y,2,0,1,2,A,-,09,21801.0,A,N,D,A,D,-,A,A,0,Y,,A,01,1,0,0,0,1,,,SAN DIEGO,CHULA VISTA,-117.08663940429688,32.64704895019531,0,Morning,1
2022,3700,2022-08-06,1419,6,5,N,A,-,N,,,N,4,0,1,2,A,-,05,21460.0,A,N,B,A,H,-,A,A,0,Y,,C,02,0,0,1,0,1,,,SAN DIEGO,VISTA,-117.26403045654295,33.19303894042969,1,Midday,0
2022,3710,2022-05-10,623,2,5,Y,E,F,N,,,Y,2,0,2,2,A,-,12,21453.0,A,N,D,A,H,-,B,A,0,Y,,C,02,1,1,0,0,1,,,SAN DIEGO,OCEANSIDE,-117.29834747314452,33.23903274536133,0,Morning,1
2022,3700,2022-05-16,1542,1,5,N,A,-,N,,,N,4,0,1,2,D,-,00,,,N,A,A,H,-,A,D,0,Y,,-,- ,0,0,1,0,1,,,SAN DIEGO,SAN MARCOS,-117.1862564086914,33.13529586791992,0,Midday,0
2022,3700,2022-07-17,2129,7,5,N,A,-,N,,,N,3,0,1,2,A,-,08,22107.0,,F,H,A,H,-,C,D,0,Y,,A,01,0,1,0,0,1,,,SAN DIEGO,VISTA,-117.2482452392578,33.210670471191406,1,Night,0
2022,3710,2022-06-23,1604,4,5,Y,A,-,N,,,N,3,0,1,2,A,-,09,21801.0,A,N,F,A,H,-,A,A,0,Y,,A,01,0,1,0,0,1,,,SAN DIEGO,OCEANSIDE,-117.35375213623048,33.196861267089844,0,Evening,0
2022,3705,2022-06-06,1727,1,5,N,A,-,N,,,Y,3,0,1,1,A,-,03,22350.0,,N,E,A,H,-,A,D,0,Y,,C,02,0,1,0,0,1,,,SAN DIEGO,EL CAJON,-116.98275756835938,32.79499053955078,0,Evening,0
2022,3700,2022-06-22,1325,3,5,Y,A,-,N,,,Y,3,0,2,2,D,-,00,,,N,B,A,H,-,A,D,0,Y,Y,-,- ,0,2,0,0,2,,,SAN DIEGO,LEMON GROVE,-117.02996826171876,32.74455642700195,0,Midday,0
2022,3711,2022-06-17,1626,5,5,N,A,-,N,,,Y,3,0,1,2,A,-,08,22107.0,,N,B,A,H,-,A,A,0,Y,,A,01,0,1,0,0,1,,,SAN DIEGO,SAN DIEGO,-117.18297576904295,32.82120895385742,0,Evening,0
2022,3700,2022-07-04,1529,1,5,N,A,-,N,,,Y,3,0,1,1,A,-,08,22107.0,,N,E,A,H,-,A,A,0,Y,,C,02,0,1,0,0,1,,,SAN DIEGO,VISTA,-117.24204254150392,33.161190032958984,0,Midday,0