ACCIDENT_YEAR,JURIS,COLLISION_DATE,COLLISION_TIME,DAY_OF_WEEK,CHP_SHIFT,INTERSECTION,WEATHER_1,WEATHER_2,STATE_HWY_IND,LOCATION_TYPE,RAMP_INTERSECTION,TOW_AWAY,COLLISION_SEVERITY,NUMBER_KILLED,NUMBER_INJURED,PARTY_COUNT,PRIMARY_COLL_FACTOR,PCF_CODE_OF_VIOL,PCF_VIOL_CATEGORY,PCF_VIOLATION,PCF_VIOL_SUBSECTION,HIT_AND_RUN,TYPE_OF_COLLISION,ROAD_SURFACE,ROAD_COND_1,ROAD_COND_2,LIGHTING,CONTROL_DEVICE,CHP_ROAD_TYPE,MOTORCYCLE_ACCIDENT,ALCOHOL_INVOLVED,STWD_VEHTYPE_AT_FAULT,CHP_VEHTYPE_AT_FAULT,COUNT_SEVERE_INJ,COUNT_VISIBLE_INJ,COUNT_COMPLAINT_PAIN,COUNT_MC_KILLED,COUNT_MC_INJURED,LATITUDE,LONGITUDE,COUNTY,CITY,POINT_X,POINT_Y,IS_WEEKEND,TIME_OF_DAY,SEVERE_FATAL
2022,3711,2022-09-20,1509,2,5,Y,A,-,N,,,N,2,0,1,2,A,-,06,21755.0,A,N,D,A,H,-,A,D,0,Y,,C,02,1,0,0,0,1,,,SAN DIEGO,SAN DIEGO,-117.23232269287108,32.735313415527344,0,Midday,1
2022,3711,2022-09-20,1647,2,5,Y,A,-,N,,,N,3,0,1,2,A,-,04,21703.0,,N,C,A,H,-,A,D,0,Y,,C,02,0,1,0,0,1,,,SAN DIEGO,SAN DIEGO,-117.159423828125,32.737651824951165,0,Evening,0
2022,3711,2022-09-12,1944,1,5,N,A,-,N,,,N,3,0,1,2,A,-,08,22107.0,,N,B,A,H,-,C,A,0,Y,,C,02,0,1,0,0,1,,,SAN DIEGO,SAN DIEGO,-117.08505249023438,32.7123908996582,0,Evening,0
2022,3711,2022-09-13,556,2,5,N,B,-,N,,,N,4,0,1,2,A,-,09,21804.0,A,M,F,A,H,-,C,A,0,Y,,-,99,0,0,1,0,1,,,SAN DIEGO,SAN DIEGO,-117.14947509765624,32.9124641418457,0,Morning,0
2022,3711,2022-09-21,1418,3,5,N,A,-,N,,,Y,2,0,1,2,A,-,09,21804.0,A,N,B,A,D,-,A,D,0,Y,,D,22,1,0,0,0,1,,,SAN DIEGO,SAN DIEGO,-117.1418914794922,32.72842025756836,0,Midday,1
2022,3711,2022-09-28,1253,3,5,N,A,-,N,,,Y,3,0,1,2,A,-,08,22107.0,,N,D,A,H,-,A,D,0,Y,,A,01,0,1,0,0,1,,,SAN DIEGO,SAN DIEGO,-117.15985870361328,32.764530181884766,0,Midday,0
2022,3711,2022-10-05,750,3,5,Y,B,-,N,,,N,3,0,1,2,A,-,09,21453.0,C,N,D,A,H,-,A,A,0,Y,,A,01,0,1,0,0,1,,,SAN DIEGO,SAN DIEGO,-117.19068908691406,32.96300506591797,0,Morning,0
2022,3710,2022-09-23,1855,5,5,Y,A,-,N,,,Y,2,0,1,3,A,-,03,22350.0,,N,B,A,H,-,A,D,0,Y,,C,02,1,0,0,0,1,,,SAN DIEGO,OCEANSIDE,-117.36093902587892,33.17371368408203,0,Evening,1
2022,3711,2022-09-03,1805,6,5,Y,A,-,N,,,N,3,0,1,1,A,-,08,22107.0,,N,E,A,H,-,A,D,0,Y,,C,02,0,1,0,0,1,,,SAN DIEGO,SAN DIEGO,-117.23039245605467,32.76127624511719,1,Evening,0
2022,3711,2022-09-07,1930,3,5,N,A,-,N,,,Y,3,0,1,1,A,-,03,22350.0,,N,H,A,A,D,C,D,0,Y,,C,02,0,1,0,0,1,,,SAN DIEGO,SAN DIEGO,-117.18631744384766,32.87685775756836,0,Evening,0
2022,3711,2022-09-03,1948,6,5,N,A,-,N,,,N,3,0,1,1,A,-,08,22107.0,,N,E,A,H,-,C,D,0,Y,,C,03,0,1,0,0,1,,,SAN DIEGO,SAN DIEGO,-117.16287994384766,32.7153434753418,1,Evening,0
2022,3711,2022-09-07,1242,3,5,Y,A,-,N,,,N,3,0,1,2,A,-,09,21803.0,A,N,D,A,H,-,A,D,0,Y,,A,01,0,1,0,0,1,,,SAN DIEGO,SAN DIEGO,-117.11041259765624,32.75712966918945,0,Midday,0
2022,3700,2022-08-16,1136,2,5,Y,A,-,N,,,Y,2,0,2,3,A,-,12,21453.0,A,N,D,A,H,-,A,A,0,Y,,C,02,1,1,0,0,1,,,SAN DIEGO,SOLANA BEACH,-117.26901245117188,32.98023986816406,0,Midday,1
2022,3711,2022-09-14,1745,3,5,Y,A,-,N,,,N,3,0,1,2,A,-,09,21453.0,C,N,B,A,H,-,A,A,0,Y,,A,01,0,1,0,0,1,,,SAN DIEGO,SAN DIEGO,-117.09585571289062,32.946895599365234,0,Evening,0
2022,3711,2022-09-15,1918,4,5,Y,A,-,N,,,Y,4,0,1,2,A,-,08,22107.0,,N,B,A,H,-,C,D,0,Y,,A,01,0,0,1,0,1,,,SAN DIEGO,SAN DIEGO,-117.25389099121094,32.852447509765625,0,Evening,0
2022,3711,2022-09-12,1249,1,5,N,A,-,N,,,N,4,0,1,1,A,-,17,21235.0,G,N,F,A,H,-,A,A,0,Y,,C,03,0,0,1,0,1,,,SAN DIEGO,SAN DIEGO,-117.17945861816406,32.77149200439453,0,Midday,0
2022,3711,2022-09-05,1207,1,5,N,A,-,N,,,N,4,0,1,2,A,-,13,22515.0,A,N,C,A,H,-,A,D,0,Y,,C,06,0,0,1,0,0,,,SAN DIEGO,SAN DIEGO,-117.25697326660156,32.72113800048828,0,Midday,0
2022,3705,2022-08-18,1503,4,5,N,A,-,N,,,N,4,0,1,2,A,-,08,22107.0,,N,B,A,H,-,A,D,0,Y,,A,01,0,0,1,0,1,,,SAN DIEGO,EL CAJON,-116.97103118896484,32.80680465698242,0,Midday,0
2022,3700,2022-08-05,1829,5,5,N,A,-,N,,,N,3,0,1,2,A,-,09,21804.0,A,N,H,A,H,-,A,B,0,Y,,-,,0,1,0,0,1,,,SAN DIEGO,ENCINITAS,-117.26202392578124,33.0460205078125,0,Evening,0
2022,3702,2022-02-06,718,7,5,Y,A,-,N,,,Y,1,1,0,2,A,-,01,23152.0,F,N,D,A,H,-,A,A,0,Y,,C,02,0,0,0,1,0,,,SAN DIEGO,CHULA VISTA,-117.025634765625,32.6247673034668,1,Morning,1
2022,3711,2022-09-09,1745,5,5,Y,B,-,N,,,Y,1,1,2,2,A,-,12,21453.0,A,N,D,B,H,-,A,A,0,Y,,C,02,0,1,1,1,0,,,SAN DIEGO,SAN DIEGO,-117.23729705810548,32.75412368774414,0,Evening,1
2022,3711,2022-08-15,611,1,5,N,B,-,N,,,Y,1,1,0,2,A,-,03,22350.0,,N,C,A,H,-,B,D,0,Y,,C,02,0,0,0,1,0,,,SAN DIEGO,SAN DIEGO,-117.07889556884766,32.57646942138672,0,Morning,1
2022,3711,2022-08-19,155,5,5,Y,A,-,N,,,Y,1,1,1,2,A,-,12,21453.0,A,N,D,A,H,-,C,A,0,Y,,C,02,0,0,1,1,0,,,SAN DIEGO,SAN DIEGO,-117.16384887695312,32.71986770629883,0,Night,1
2022,3703,2022-09-28,1650,3,5,Y,A,-,Y,H,-,N,3,0,1,1,A,-,03,22350.0,,N,F,A,H,-,A,D,0,Y,,C,02,0,1,0,0,1,32.69432830810547,-117.1748275756836,SAN DIEGO,CORONADO,-117.1743392944336,32.69426345825195,0,Evening,0
2022,3705,2022-08-30,1812,2,5,Y,A,-,N,,,Y,2,0,2,2,D,-,00,,,N,D,A,H,-,A,A,0,Y,,-,- ,1,0,1,0,1,,,SAN DIEGO,EL CAJON,-116.9446029663086,32.79493713378906,0,Evening,1
2022,3711,2022-07-14,1230,4,5,Y,B,-,N,,,N,3,0,1,2,A,-,03,22350.0,,M,B,A,H,-,A,A,0,Y,Y,C,02,0,1,0,0,1,,,SAN DIEGO,SAN DIEGO,-117.21725463867188,32.80641174316406,0,Midday,0
2022,3711,2022-09-05,1455,1,5,Y,A,-,N,,,Y,2,0,3,2,A,-,09,21804.0,A,N,D,A,H,-,A,D,0,Y,,A,01,1,1,1,0,1,,,SAN DIEGO,SAN DIEGO,-117.08676147460938,32.7040901184082,0,Midday,1
2022,3705,2022-07-23,1631,6,5,N,A,-,N,,,Y,2,0,1,2,A,-,21,22106.0,,F,B,A,H,-,A,D,0,Y,,D,22,1,0,0,0,1,,,SAN DIEGO,EL CAJON,-116.96231079101562,32.801143646240234,1,Evening,1
2022,3711,2022-10-11,1322,2,5,N,A,-,Y,,,Y,3,0,1,2,A,-,09,21802.0,A,N,-,A,H,-,A,D,0,Y,,A,01,0,1,0,0,1,,,SAN DIEGO,SAN DIEGO,-117.23098754882812,32.737998962402344,0,Midday,0
2022,3711,2022-10-13,115,4,5,Y,B,-,N,,,Y,3,0,2,5,A,-,03,22350.0,,N,D,A,H,-,C,A,0,Y,Y,A,01,0,1,1,0,0,,,SAN DIEGO,SAN DIEGO,-117.0927505493164,32.56914520263672,0,Night,0
2022,3711,2022-10-05,1753,3,5,Y,A,-,N,,,N,3,0,1,2,A,-,09,21801.0,A,N,A,A,H,-,A,D,0,Y,,A,01,0,1,0,0,1,,,SAN DIEGO,SAN DIEGO,-117.14126586914062,32.748443603515625,0,Evening,0
2022,3711,2022-10-13,1638,4,5,N,B,-,N,,,N,3,0,1,2,A,-,09,21804.0,A,N,D,A,H,-,A,D,0,Y,,A,01,0,1,0,0,1,,,SAN DIEGO,SAN DIEGO,-117.12733459472656,32.69597244262695,0,Evening,0
2022,3711,2022-10-12,823,3,5,Y,A,-,N,,,N,3,0,1,2,A,-,05,21651.0,A,F,G,A,H,-,A,A,0,Y,,A,01,0,1,0,0,1,,,SAN DIEGO,SAN DIEGO,-117.27124786376952,32.83272171020508,0,Morning,0
2022,3711,2022-09-24,2255,6,5,N,A,-,N,,,Y,3,0,1,1,A,-,03,22350.0,,N,H,A,H,-,C,D,0,Y,,C,02,0,1,0,0,1,,,SAN DIEGO,SAN DIEGO,-117.1254425048828,32.687618255615234,1,Night,0
2022,3711,2022-09-21,2056,3,5,Y,A,-,Y,R,4,Y,4,0,1,1,A,-,03,22350.0,,N,H,A,B,-,C,A,0,Y,,C,02,0,0,1,0,1,,,SAN DIEGO,SAN DIEGO,-117.21958160400392,32.75746154785156,0,Night,0
2022,3711,2022-10-19,1734,3,5,N,A,-,N,,,N,3,0,1,2,A,-,08,22107.0,,N,B,A,H,-,A,D,0,Y,,A,01,0,1,0,0,1,,,SAN DIEGO,SAN DIEGO,-117.16120910644533,32.73038864135742,0,Evening,0
2022,3711,2022-10-19,1911,3,5,N,A,-,N,,,N,3,0,1,1,C,-,18,,,N,H,A,A,-,C,D,0,Y,Y,-,- ,0,1,0,0,1,,,SAN DIEGO,SAN DIEGO,-117.13259887695312,32.748470306396484,0,Evening,0
2022,3711,2022-10-18,1549,2,5,N,A,-,N,,,N,3,0,1,2,A,-,04,21703.0,,N,D,A,H,-,A,D,0,Y,,C,02,0,1,0,0,1,,,SAN DIEGO,SAN DIEGO,-117.23500823974608,32.801082611083984,0,Midday,0
2022,3711,2022-10-17,1815,1,5,N,A,-,N,,,N,4,0,1,2,A,-,09,21804.0,A,N,D,A,H,-,B,A,0,Y,,C,03,0,0,1,0,1,,,SAN DIEGO,SAN DIEGO,-117.07615661621094,32.772483825683594,0,Evening,0
2022,3702,2022-08-19,2123,5,5,Y,A,-,N,,,N,4,0,1,3,A,-,07,21658.0,A,N,B,A,H,-,C,A,0,Y,,A,01,0,0,1,0,1,,,SAN DIEGO,CHULA VISTA,-117.07723236083984,32.634395599365234,0,Night,0
2022,3702,2022-09-17,200,6,5,N,A,-,N,,,Y,3,0,1,1,A,-,03,22350.0,,N,E,A,H,-,C,D,0,Y,,C,02,0,1,0,0,1,,,SAN DIEGO,CHULA VISTA,-117.07766723632812,32.603641510009766,1,Night,0
2022,3700,2022-09-08,208,4,5,N,A,-,N,,,Y,2,0,1,2,A,-,09,21801.0,A,N,D,A,H,-,A,D,0,Y,,A,07,1,0,0,0,1,,,SAN DIEGO,POWAY,-117.03649139404295,32.958675384521484,0,Night,1
2022,3700,2022-10-29,1653,6,5,N,A,-,N,,,Y,3,0,1,1,A,-,03,22350.0,,N,F,A,H,-,A,D,0,Y,,C,02,0,1,0,0,1,,,SAN DIEGO,ENCINITAS,-117.30325317382812,33.084041595458984,1,Evening,0
2022,3700,2022-10-23,1215,7,5,N,A,-,N,,,N,3,0,1,2,A,-,09,21802.0,B,F,G,A,H,-,A,D,0,Y,,-,- ,0,1,0,0,1,,,SAN DIEGO,ENCINITAS,-117.28568267822266,33.050395965576165,1,Midday,0
2022,3700,2022-10-10,1925,1,5,Y,A,-,N,,,N,3,0,1,2,A,-,09,21453.0,C,N,B,A,H,-,C,A,0,Y,,C,02,0,1,0,0,1,,,SAN DIEGO,ENCINITAS,-117.26765441894533,33.068511962890625,0,Evening,0
2022,3711,2022-10-27,512,4,5,Y,F,-,N,,,N,2,0,1,1,A,-,00,2101.0,,N,E,A,H,-,C,A,0,Y,,C,02,1,0,0,0,1,,,SAN DIEGO,SAN DIEGO,-116.94991302490234,32.56769561767578,0,Morning,1
2022,3700,2022-10-13,1948,4,5,N,A,-,N,,,N,4,0,1,2,A,-,03,22350.0,,N,D,A,H,-,C,D,0,Y,,C,03,0,0,1,0,1,,,SAN DIEGO,VISTA,-117.24553680419922,33.1647834777832,0,Evening,0
2022,3711,2022-11-27,1655,7,5,Y,A,-,N,,,N,3,0,1,2,A,-,08,22107.0,,N,B,A,H,-,C,A,0,Y,,A,01,0,1,0,0,1,,,SAN DIEGO,SAN DIEGO,-117.12533569335938,32.69237518310547,1,Evening,0
2022,3705,2022-10-08,2018,6,5,N,A,-,N,,,Y,4,0,1,2,A,-,01,23152.0,A,N,F,A,H,-,C,D,0,Y,Y,C,02,0,0,1,0,1,,,SAN DIEGO,EL CAJON,-116.94237518310548,32.79492950439453,1,Night,0
2022,3710,2022-12-23,1343,5,5,Y,E,-,N,,,Y,2,0,1,2,A,-,09,21802.0,A,N,D,A,H,-,A,A,0,Y,,A,07,1,0,0,0,1,,,SAN DIEGO,OCEANSIDE,-117.38168334960938,33.19844436645508,0,Midday,1
2022,3710,2022-12-23,724,5,5,N,A,-,N,,,N,4,0,1,1,A,-,03,22350.0,,N,H,A,H,-,A,A,0,Y,,C,02,0,0,1,0,1,,,SAN DIEGO,OCEANSIDE,-117.2707748413086,33.21658706665039,0,Morning,0
2022,3711,2022-12-30,1703,5,5,Y,A,-,N,,,N,4,0,1,2,A,-,09,21802.0,A,N,D,A,H,-,B,A,0,Y,Y,A,01,0,0,1,0,1,,,SAN DIEGO,SAN DIEGO,-117.16118621826172,32.72721481323242,0,Evening,0
2022,3711,2022-12-14,1250,3,5,N,B,-,N,,,Y,4,0,1,2,A,-,09,21804.0,A,N,D,A,H,-,A,D,0,Y,,A,01,0,0,1,0,1,,,SAN DIEGO,SAN DIEGO,-117.12718200683594,32.80970764160156,0,Midday,0
2022,3711,2022-12-31,1242,6,5,N,B,-,N,,,N,3,0,1,2,B,-,22,,,N,B,B,H,-,A,D,0,Y,,A,01,0,1,0,0,1,,,SAN DIEGO,SAN DIEGO,-117.04496002197266,32.552459716796875,1,Midday,0
2022,3710,2022-12-13,1901,2,5,N,A,-,N,,,Y,2,0,2,2,A,-,01,23152.0,A,N,D,A,H,-,C,A,0,Y,Y,C,02,1,0,1,0,1,,,SAN DIEGO,OCEANSIDE,-117.35678863525392,33.19329833984375,0,Evening,1
2022,3711,2022-11-27,1230,7,5,N,A,-,N,,,Y,3,0,1,2,A,-,09,21801.0,A,N,D,A,H,-,A,-,0,Y,,A,01,0,1,0,0,1,,,SAN DIEGO,SAN DIEGO,-117.05995941162108,33.02668380737305,1,Midday,0
2022,3705,2022-10-07,1608,5,5,Y,A,-,Y,R,4,Y,3,0,2,2,A,-,03,22350.0,,N,D,A,H,-,A,A,0,Y,,C,02,0,1,1,0,1,,,SAN DIEGO,EL CAJON,-116.97748565673828,32.79265213012695,0,Evening,0
2022,3700,2022-09-14,35,3,5,N,A,-,N,,,Y,3,0,1,1,A,-,03,22350.0,,N,F,A,H,-,C,D,0,Y,,C,02,0,1,0,0,1,,,SAN DIEGO,DEL MAR,-117.26409912109376,32.956153869628906,0,Night,0
2022,3700,2022-09-12,1838,1,5,N,A,-,N,,,Y,2,0,1,2,A,-,12,21453.0,A,N,D,A,H,-,B,A,0,Y,,C,02,1,0,0,0,1,,,SAN DIEGO,ENCINITAS,-117.25673675537108,33.034481048583984,0,Evening,1
2022,3700,2022-09-07,1828,3,5,N,A,-,N,,,N,3,0,1,2,A,-,09,21453.0,B,N,F,A,H,-,A,A,0,Y,,A,01,0,1,0,0,1,,,SAN DIEGO,ENCINITAS,-117.26776885986328,33.06853103637695,0,Evening,0
2022,3700,2022-09-07,1503,3,5,N,A,-,N,,,Y,3,0,2,2,A,-,09,21801.0,A,N,D,A,H,-,A,D,0,Y,,A,01,0,2,0,0,2,,,SAN DIEGO,ENCINITAS,-117.26133728027344,33.04599380493164,0,Midday,0
2022,3709,2022-09-24,1855,6,5,Y,A,-,N,,,N,3,0,1,1,A,-,04,21703.0,,N,H,A,H,-,C,D,0,Y,,C,02,0,1,0,0,1,,,SAN DIEGO,NATIONAL CITY,-117.10073852539062,32.683319091796875,1,Evening,0
2022,3702,2022-09-21,1928,3,5,N,A,-,Y,R,4,N,3,0,1,2,A,-,03,22350.0,,N,C,A,H,-,C,A,0,Y,,A,01,0,1,0,0,1,,,SAN DIEGO,CHULA VISTA,-117.09072875976562,32.611778259277344,0,Evening,0
2022,3710,2022-10-17,1455,1,5,Y,A,-,Y,H,-,Y,3,0,1,2,A,-,07,21658.0,A,N,C,A,H,-,A,A,0,Y,,A,01,0,1,0,0,1,,,SAN DIEGO,OCEANSIDE,-117.30579376220705,33.2339973449707,0,Midday,0
2022,3703,2022-11-14,218,1,5,N,A,-,N,,,Y,2,0,1,1,A,-,01,23152.0,A,N,F,B,H,-,C,A,0,Y,Y,C,02,1,0,0,0,1,32.68510818481445,-117.18013763427734,SAN DIEGO,CORONADO,-117.18000030517578,32.68514633178711,0,Night,1
2022,3702,2022-10-29,1100,6,5,N,A,-,N,,,N,3,0,1,2,-,-,- ,,,N,B,A,H,-,A,D,0,Y,,-,- ,0,1,0,0,1,,,SAN DIEGO,CHULA VISTA,-117.07184600830078,32.59844970703125,1,Midday,0
2022,3705,2022-12-25,1530,7,5,Y,B,-,N,,,Y,3,0,1,2,A,-,12,21453.0,A,F,D,A,H,-,A,A,0,Y,,C,02,0,1,0,0,0,,,SAN DIEGO,EL CAJON,-116.96436309814452,32.80778884887695,1,Midday,0
2022,3711,2022-10-19,2229,3,5,N,A,-,N,,,Y,1,1,1,2,A,-,11,21954.0,A,N,G,A,H,-,C,A,0,Y,,N,60,1,0,0,0,1,,,SAN DIEGO,SAN DIEGO,-117.0996551513672,32.583778381347656,0,Night,1
2022,3711,2022-11-18,1200,5,5,Y,A,-,N,,,Y,1,1,1,2,A,-,09,21802.0,A,N,D,A,H,-,A,A,0,Y,,D,22,0,1,0,1,0,,,SAN DIEGO,SAN DIEGO,-117.23349761962892,32.80139923095703,0,Midday,1
2022,3711,2022-10-25,3,2,5,N,A,-,N,,,Y,1,1,2,2,A,-,12,21453.0,A,N,D,A,H,-,C,A,0,Y,,C,02,0,0,2,1,0,,,SAN DIEGO,SAN DIEGO,-117.21167755126952,32.72867584228516,0,Night,1
2022,3711,2022-12-05,1840,1,5,N,A,-,N,,,N,1,1,2,2,A,-,05,21651.0,A,N,A,A,H,-,D,D,0,Y,,C,02,0,0,2,1,0,,,SAN DIEGO,SAN DIEGO,-117.24227142333984,32.87014389038086,0,Evening,1
2022,3705,2022-10-08,2035,6,5,Y,A,-,N,,,Y,1,1,0,2,A,-,01,23152.0,B,N,D,A,H,-,C,A,0,Y,Y,C,02,0,0,0,1,0,,,SAN DIEGO,EL CAJON,-116.94461059570312,32.79277038574219,1,Night,1
2022,3711,2022-12-19,2500,1,5,Y,A,-,Y,I,5,N,1,1,0,1,A,-,03,22350.0,,N,E,A,H,-,C,A,0,Y,,C,02,0,0,0,1,0,,,SAN DIEGO,SAN DIEGO,-117.23346710205078,32.75613784790039,0,Night,1
2022,3705,2022-12-10,1835,6,5,Y,A,-,N,,,N,1,1,0,1,A,-,08,22107.0,,N,E,A,H,-,C,A,0,Y,,C,03,0,0,0,1,0,,,SAN DIEGO,EL CAJON,-116.9705810546875,32.78041076660156,1,Evening,1
2022,3702,2022-10-04,2224,2,5,Y,B,-,N,,,Y,1,1,0,2,A,-,12,21453.0,A,N,D,A,H,-,C,A,0,Y,,C,02,0,0,0,1,0,,,SAN DIEGO,CHULA VISTA,-117.0644989013672,32.60181427001953,0,Night,1
2022,3700,2022-02-14,1055,1,5,N,A,-,N,,,Y,1,1,0,2,A,-,05,21651.0,A,N,D,A,H,-,A,D,0,Y,,F,25,0,0,0,1,0,,,SAN DIEGO,VISTA,-117.25843048095705,33.21989059448242,0,Morning,1
2022,3711,2022-12-03,1325,6,5,Y,A,-,N,,,Y,3,0,1,2,A,-,03,22350.0,,N,D,A,H,-,A,A,0,Y,,C,02,0,1,0,0,1,,,SAN DIEGO,SAN DIEGO,-117.16542053222656,32.7700080871582,1,Midday,0
2022,3711,2022-10-28,1837,5,5,Y,A,B,N,,,Y,3,0,1,2,A,-,09,21801.0,A,N,D,A,H,-,C,D,0,Y,Y,A,01,0,1,0,0,1,,,SAN DIEGO,SAN DIEGO,-117.05372619628906,32.572078704833984,0,Evening,0
2022,3711,2022-03-14,635,1,5,-,A,-,N,,,Y,3,0,1,2,B,-,22,,,M,D,A,H,-,B,D,0,Y,,C,02,0,1,0,0,1,,,SAN DIEGO,SAN DIEGO,-117.07325744628906,33.05582046508789,0,Morning,0
2022,3702,2022-10-18,1211,2,5,N,A,-,N,,,Y,3,0,1,2,A,-,03,22350.0,,N,C,A,H,-,A,D,0,Y,,C,02,0,1,0,0,1,,,SAN DIEGO,CHULA VISTA,-117.06475067138672,32.59477996826172,0,Midday,0
2022,3711,2022-11-07,1950,1,5,Y,A,-,N,,,N,3,0,1,1,A,-,03,22411.0,,N,F,A,H,-,C,D,0,Y,,C,03,0,1,0,0,1,,,SAN DIEGO,SAN DIEGO,-117.14678192138672,32.71579360961914,0,Evening,0
2022,3700,2022-08-26,2325,5,5,Y,A,-,N,,,Y,2,0,1,1,A,-,01,23152.0,A,N,E,A,H,-,C,A,0,Y,Y,C,02,1,0,0,0,1,,,SAN DIEGO,VISTA,-117.22622680664062,33.21723556518555,0,Night,1
2022,3709,2022-11-17,1125,4,5,N,A,-,N,,,N,3,0,1,2,A,-,09,21804.0,A,N,D,A,H,-,A,D,0,Y,,A,07,0,1,0,0,1,,,SAN DIEGO,NATIONAL CITY,-117.01821899414062,32.7439079284668,0,Midday,0
2022,3711,2022-11-28,2146,1,5,Y,A,B,N,,,N,3,0,1,1,A,-,03,22350.0,,N,H,A,A,-,C,D,0,Y,,C,03,0,1,0,0,1,,,SAN DIEGO,SAN DIEGO,-117.17596435546876,32.75276565551758,0,Night,0
2022,3711,2022-11-29,1639,2,5,N,A,-,N,,,N,3,0,1,1,C,-,18,,,N,H,A,D,-,B,D,0,Y,,-,- ,0,1,0,0,1,,,SAN DIEGO,SAN DIEGO,-117.09064483642578,32.817588806152344,0,Evening,0
2022,3710,2022-11-01,1125,2,5,N,A,-,N,,,Y,3,0,1,1,A,-,01,23152.0,A,N,E,A,H,-,A,D,0,Y,Y,C,02,0,1,0,0,1,,,SAN DIEGO,OCEANSIDE,-117.32605743408205,33.22735595703125,0,Midday,0
2022,3709,2022-11-03,832,4,5,Y,A,-,N,,,N,4,0,1,2,A,-,04,21703.0,,F,D,A,H,-,A,D,0,Y,,C,02,0,0,1,0,1,,,SAN DIEGO,NATIONAL CITY,-117.08338165283205,32.661235809326165,0,Morning,0
2022,3709,2022-11-02,423,3,5,-,A,-,N,,,N,3,0,1,1,D,-,00,,,N,H,A,H,-,D,D,0,Y,,-,- ,0,1,0,0,1,,,SAN DIEGO,NATIONAL CITY,-117.1128387451172,32.669395446777344,0,Night,0
2022,3710,2022-10-17,2052,1,5,N,A,-,N,,,Y,2,0,1,4,A,-,17,23109.0,A,N,C,A,H,-,C,A,0,Y,Y,C,02,1,0,0,0,1,,,SAN DIEGO,OCEANSIDE,-117.38153076171876,33.196834564208984,0,Night,1
2022,3702,2022-12-29,1800,4,5,N,B,-,N,,,Y,3,0,1,2,A,-,03,22350.0,,N,E,A,H,-,C,A,0,Y,,C,02,0,1,0,0,1,,,SAN DIEGO,CHULA VISTA,-116.98329925537108,32.64162063598633,0,Evening,0
2022,3702,2022-12-21,1552,3,5,Y,A,-,N,,,N,4,0,1,2,A,-,09,21453.0,C,N,D,A,H,-,A,A,0,Y,,I,11,0,0,1,0,1,,,SAN DIEGO,CHULA VISTA,-117.07527923583984,32.59477615356445,0,Midday,0
2022,3709,2022-10-08,2325,6,5,Y,A,-,N,,,N,3,0,1,1,A,-,03,22350.0,,N,H,A,H,-,C,A,0,Y,,C,02,0,1,0,0,1,,,SAN DIEGO,NATIONAL CITY,-117.10140991210938,32.685012817382805,1,Night,0
2022,3711,2022-10-29,1808,6,5,N,A,-,N,,,N,4,0,1,2,A,-,08,22107.0,,M,B,A,H,-,C,D,0,Y,,-,,0,0,1,0,1,,,SAN DIEGO,SAN DIEGO,-117.24452972412108,32.7989616394043,1,Evening,0
2022,3711,2022-10-16,2103,7,5,Y,B,-,N,,,Y,2,0,3,2,A,-,09,21801.0,A,N,D,A,H,-,C,D,0,Y,,A,01,1,0,2,0,1,,,SAN DIEGO,SAN DIEGO,-117.04711151123048,32.76975631713867,1,Night,1
2022,3711,2022-10-27,1509,4,5,Y,A,-,N,,,N,3,0,4,2,A,-,09,21800.0,C,N,D,A,H,-,A,A,0,Y,,A,07,0,1,3,0,1,,,SAN DIEGO,SAN DIEGO,-117.04810333251952,32.69093322753906,0,Midday,0
2022,3711,2022-10-31,1300,1,5,Y,A,-,N,,,N,3,0,1,2,A,-,05,21650.0,,N,A,A,H,-,A,D,0,Y,,A,01,0,1,0,0,1,,,SAN DIEGO,SAN DIEGO,-117.23804473876952,32.81740188598633,0,Midday,0
2022,3711,2022-08-25,1855,4,5,N,A,-,N,,,Y,2,0,1,2,A,-,09,21801.0,A,N,D,A,H,-,A,D,0,Y,Y,A,01,1,0,0,0,1,,,SAN DIEGO,SAN DIEGO,-117.24221801757812,32.7296142578125,0,Evening,1
2022,3711,2022-10-30,157,7,5,N,A,-,N,,,N,2,0,2,3,A,-,03,22350.0,,N,G,A,H,-,C,D,0,Y,Y,C,02,1,1,0,0,1,,,SAN DIEGO,SAN DIEGO,-117.24827575683594,32.79811477661133,1,Night,1
2022,3711,2022-11-02,1816,3,5,Y,A,-,N,,,N,3,0,2,2,A,-,09,21802.0,A,N,D,A,H,-,C,D,0,Y,,A,01,0,1,1,0,1,,,SAN DIEGO,SAN DIEGO,-117.22994232177734,32.723785400390625,0,Evening,0
2022,3711,2022-11-04,2035,5,5,Y,A,-,N,,,N,4,0,1,2,A,-,07,21658.0,A,N,B,A,H,-,C,A,0,Y,,A,01,0,0,1,0,1,,,SAN DIEGO,SAN DIEGO,-117.15927124023438,32.711509704589844,0,Night,0
2022,3700,2022-11-05,1005,6,5,N,A,-,N,,,Y,2,0,2,2,A,-,08,22107.0,,N,C,A,H,-,A,D,0,Y,,C,02,1,1,0,0,1,,,SAN DIEGO,DEL MAR,-117.2250747680664,32.9834098815918,1,Morning,1
2022,3711,2022-11-06,1421,7,5,Y,A,-,N,,,Y,3,0,2,2,A,-,12,22450.0,A,N,D,A,H,-,A,A,0,Y,,A,01,0,1,1,0,1,,,SAN DIEGO,SAN DIEGO,-117.11296081542967,32.68794631958008,1,Midday,0
2022,3711,2022-11-02,1329,3,5,Y,B,-,N,,,Y,4,0,1,2,A,-,12,21457.0,A,N,D,A,H,-,A,A,0,Y,,A,01,0,0,1,0,1,,,SAN DIEGO,SAN DIEGO,-116.94949340820312,32.55307388305664,0,Midday,0
2022,3711,2022-11-03,1549,4,5,Y,A,-,N,,,N,4,0,1,2,B,-,22,,,M,G,A,H,-,A,A,0,Y,,-,99,0,0,1,0,1,,,SAN DIEGO,SAN DIEGO,-117.08359527587892,32.75723648071289,0,Midday,0
2022,3711,2022-11-16,911,3,5,Y,A,-,N,,,Y,3,0,1,1,A,-,03,22350.0,,M,A,A,H,-,A,A,0,Y,,C,02,0,1,0,0,1,,,SAN DIEGO,SAN DIEGO,-117.10537719726562,32.80973434448242,0,Morning,0
2022,3705,2022-10-06,1325,4,5,N,A,-,N,,,Y,2,0,1,1,A,-,03,22350.0,,N,E,A,H,-,A,D,0,Y,,C,02,1,0,0,0,1,,,SAN DIEGO,EL CAJON,-116.95737457275392,32.80767822265625,0,Midday,1
2022,3703,2022-11-16,1507,3,5,Y,A,-,N,,,Y,3,0,2,2,A,-,09,21802.0,A,N,D,A,H,-,A,A,0,Y,,C,06,0,2,0,0,1,32.689579010009766,-117.1716766357422,SAN DIEGO,CORONADO,-117.17166137695312,32.68959426879883,0,Midday,0
2022,3702,2022-09-13,1635,2,5,N,A,-,N,,,N,3,0,1,1,A,-,03,22350.0,,N,H,A,H,-,-,A,0,Y,,C,02,0,1,0,0,1,,,SAN DIEGO,CHULA VISTA,-117.04224395751952,32.6287727355957,0,Evening,0
2022,3702,2022-09-28,420,3,5,N,A,E,N,,,N,2,0,1,1,A,-,01,23152.0,A,N,F,A,H,-,C,D,0,Y,Y,C,02,1,0,0,0,1,,,SAN DIEGO,CHULA VISTA,-117.09091186523438,32.60350036621094,0,Night,1