ACCIDENT_YEAR,JURIS,COLLISION_DATE,COLLISION_TIME,DAY_OF_WEEK,CHP_SHIFT,INTERSECTION,WEATHER_1,WEATHER_2,STATE_HWY_IND,LOCATION_TYPE,RAMP_INTERSECTION,TOW_AWAY,COLLISION_SEVERITY,NUMBER_KILLED,NUMBER_INJURED,PARTY_COUNT,PRIMARY_COLL_FACTOR,PCF_CODE_OF_VIOL,PCF_VIOL_CATEGORY,PCF_VIOLATION,PCF_VIOL_SUBSECTION,HIT_AND_RUN,TYPE_OF_COLLISION,ROAD_SURFACE,ROAD_COND_1,ROAD_COND_2,LIGHTING,CONTROL_DEVICE,CHP_ROAD_TYPE,MOTORCYCLE_ACCIDENT,ALCOHOL_INVOLVED,STWD_VEHTYPE_AT_FAULT,CHP_VEHTYPE_AT_FAULT,COUNT_SEVERE_INJ,COUNT_VISIBLE_INJ,COUNT_COMPLAINT_PAIN,COUNT_MC_KILLED,COUNT_MC_INJURED,LATITUDE,LONGITUDE,COUNTY,CITY,POINT_X,POINT_Y,IS_WEEKEND,TIME_OF_DAY,SEVERE_FATAL
2023,1975,2023-04-23,1727,7,5,N,A,-,N,,,N,3,0,1,2,A,-,08,22107.0,,N,D,A,H,-,A,A,0,Y,,A,01,0,1,0,0,1,34.079299926757805,-117.94225311279295,LOS ANGELES,WEST COVINA,-117.9075927734375,34.075477600097656,1,Evening,0
2023,1909,2023-02-09,1806,4,5,N,A,-,N,,,N,2,0,1,3,A,-,08,22107.0,,F,D,A,H,-,C,D,0,Y,,C,03,1,0,0,0,1,33.96424102783203,-118.16522979736328,LOS ANGELES,BELL GARDENS,-118.16513061523438,33.96421813964844,0,Evening,1
2023,1933,2023-06-12,1142,1,5,N,A,-,N,,,Y,4,0,1,2,D,-,00,,,N,D,A,H,-,A,A,0,Y,,-,- ,0,0,1,0,1,33.970741271972656,-118.34786224365234,LOS ANGELES,INGLEWOOD,-118.3666534423828,33.976993560791016,0,Midday,0
2023,1925,2023-06-03,1944,6,5,N,A,-,N,,,Y,4,0,1,2,A,-,09,21804.0,A,N,D,A,H,-,B,D,0,Y,,C,06,0,0,1,0,0,34.15338897705078,-118.24365234375,LOS ANGELES,GLENDALE,-118.24339294433594,34.15396881103516,1,Evening,0
2023,1933,2023-06-14,1542,3,5,N,A,-,N,,,Y,3,0,1,2,D,-,00,,,N,C,A,H,-,A,A,0,Y,,-,- ,0,1,0,0,1,33.945499420166016,-118.36134338378906,LOS ANGELES,INGLEWOOD,-118.36124420166016,33.945438385009766,0,Midday,0
2023,1975,2023-06-04,1238,7,5,N,A,-,N,,,N,4,0,1,2,A,-,08,22107.0,,N,C,A,H,-,A,A,0,Y,Y,A,01,0,0,1,0,1,34.05792999267578,-117.93578338623048,LOS ANGELES,WEST COVINA,-117.93593597412108,34.05786895751953,1,Midday,0
2023,1975,2023-05-01,2107,1,5,Y,B,-,N,,,Y,3,0,1,2,A,-,09,21804.0,A,N,F,A,H,-,C,D,0,Y,,A,01,0,1,0,0,1,34.075809478759766,-117.94761657714844,LOS ANGELES,WEST COVINA,-117.94766235351562,34.075809478759766,0,Night,0
2023,1909,2023-04-25,1846,2,5,N,A,-,N,,,N,3,0,1,1,A,-,08,22107.0,,N,E,A,H,-,A,D,0,Y,,C,02,0,1,0,0,1,33.957229614257805,-118.15953063964844,LOS ANGELES,BELL GARDENS,-118.15901184082033,33.95705795288086,0,Evening,0
2023,1965,2023-05-11,1400,4,5,Y,A,-,N,,,N,2,0,1,2,A,-,06,21755.0,,N,D,A,H,-,A,A,0,Y,,C,03,1,0,0,0,1,,,LOS ANGELES,SANTA MONICA,-118.48348236083984,34.01746368408203,0,Midday,1
2023,1909,2023-05-14,2051,7,5,Y,A,-,N,,,N,2,0,1,2,A,-,09,21801.0,A,N,D,A,H,-,A,A,0,Y,,A,08,1,0,0,0,1,33.9669303894043,-118.15592193603516,LOS ANGELES,BELL GARDENS,-118.15596771240234,33.966880798339844,1,Night,1
2023,1965,2023-05-19,1508,5,5,Y,A,-,N,,,N,4,0,1,2,A,-,17,21209.0,A,N,B,A,H,-,A,A,0,Y,,C,03,0,0,1,0,1,,,LOS ANGELES,SANTA MONICA,-118.47274017333984,34.0319709777832,0,Midday,0
2023,1965,2023-05-27,800,6,5,Y,A,-,N,,,Y,2,0,2,2,A,-,09,21802.0,A,N,D,A,H,-,A,A,0,Y,,A,01,1,0,1,0,1,,,LOS ANGELES,SANTA MONICA,-118.4819107055664,34.02716445922852,1,Morning,1
2023,1965,2023-05-28,1514,7,5,N,A,B,N,,,N,3,0,1,2,A,-,05,21460.0,A,N,D,A,H,-,A,A,0,Y,,C,03,0,1,0,0,1,,,LOS ANGELES,SANTA MONICA,-118.49153137207033,34.018028259277344,1,Midday,0
2023,1947,2023-06-15,1359,4,5,N,B,-,N,,,N,4,0,1,2,A,-,05,21651.0,B,N,A,A,H,-,A,B,0,Y,,A,01,0,0,1,0,0,34.02513122558594,-118.12581634521484,LOS ANGELES,MONTEBELLO,-118.12591552734376,34.025169372558594,0,Midday,0
2023,1948,2023-06-18,328,7,5,N,A,-,N,,,Y,3,0,1,1,C,-,18,,,N,F,A,G,-,C,A,0,Y,Y,-,- ,0,1,0,0,1,34.03363037109375,-118.13014221191406,LOS ANGELES,MONTEREY PARK,-118.13011169433594,34.0335807800293,1,Night,0
2023,1969,2023-05-02,745,2,5,N,A,-,N,,,Y,4,0,1,2,A,-,03,22350.0,,N,C,A,H,-,A,D,0,Y,,C,02,0,0,1,0,1,33.953609466552734,-118.20025634765624,LOS ANGELES,SOUTH GATE,-118.20063018798828,33.95362091064453,0,Morning,0
2023,1975,2023-04-16,2043,7,5,N,A,-,N,,,N,3,0,1,2,A,-,07,21658.0,A,F,B,A,H,-,A,A,0,Y,,C,02,0,1,0,0,1,34.063961029052734,-117.90779876708984,LOS ANGELES,WEST COVINA,-117.90789794921876,34.06381607055664,1,Night,0
2023,1975,2023-06-24,1906,6,5,N,A,-,N,,,N,3,0,1,1,A,-,03,22350.0,,N,H,A,H,-,B,D,0,Y,,C,03,0,1,0,0,1,34.067020416259766,-117.89897918701172,LOS ANGELES,WEST COVINA,-117.8989486694336,34.06692123413086,1,Evening,0
2023,1925,2023-06-29,1359,4,5,Y,A,-,N,,,N,3,0,1,2,A,-,09,21801.0,A,N,D,A,H,-,A,A,0,Y,,D,22,0,1,0,0,1,34.146099090576165,-118.24183654785156,LOS ANGELES,GLENDALE,-118.2418212890625,34.14625930786133,0,Midday,0
2023,1969,2023-06-07,810,3,5,N,A,-,N,,,N,3,0,1,2,A,-,08,22107.0,,M,B,A,H,-,A,D,0,Y,,A,07,0,1,0,0,1,,,LOS ANGELES,SOUTH GATE,-118.16893005371094,33.91322708129883,0,Morning,0
2023,1969,2023-06-09,1253,5,5,N,B,-,N,,,Y,4,0,1,2,A,-,08,22107.0,,N,C,A,H,-,A,A,0,Y,,C,02,0,0,1,0,1,33.93893051147461,-118.18187713623048,LOS ANGELES,SOUTH GATE,-118.18201446533205,33.938018798828125,0,Midday,0
2023,1925,2023-07-01,1545,6,5,N,A,-,N,,,Y,2,0,1,2,A,-,03,22350.0,,N,C,A,H,-,A,D,0,Y,,C,02,1,0,0,0,1,,,LOS ANGELES,GLENDALE,-118.22344970703124,34.155864715576165,1,Midday,1
2023,1933,2023-07-01,149,6,5,Y,A,-,N,,,N,3,0,1,2,A,-,09,21801.0,A,N,H,A,H,-,C,A,0,Y,,A,01,0,1,0,0,1,,,LOS ANGELES,INGLEWOOD,-118.32649993896484,33.95990753173828,1,Night,0
2023,1925,2023-07-03,2000,1,5,N,A,-,N,,,Y,2,0,1,2,A,-,12,21453.0,A,N,D,A,H,-,B,A,0,Y,,C,02,1,0,0,0,1,34.22407913208008,-118.24845886230467,LOS ANGELES,GLENDALE,-118.24871826171876,34.22370529174805,0,Night,1
2023,1923,2023-06-21,1350,3,5,N,A,-,Y,H,,Y,4,0,1,2,A,-,08,22107.0,,N,B,A,H,-,A,A,0,Y,,A,01,0,0,1,0,1,33.923641204833984,-118.39627075195312,LOS ANGELES,EL SEGUNDO,-118.3961944580078,33.923641204833984,0,Midday,0
2023,1965,2023-06-21,1318,3,5,Y,A,-,N,,,Y,3,0,1,2,A,-,03,22350.0,,N,C,A,H,-,A,A,0,Y,,A,01,0,1,0,0,0,,,LOS ANGELES,SANTA MONICA,-118.48348236083984,34.01746368408203,0,Midday,0
2023,1975,2023-07-07,1344,5,5,N,A,-,N,,,Y,3,0,1,2,A,-,08,22107.0,,N,C,A,H,-,A,D,0,Y,,C,02,0,1,0,0,1,34.064998626708984,-117.92801666259766,LOS ANGELES,WEST COVINA,-117.93024444580078,34.06303787231445,0,Midday,0
2023,1933,2023-07-26,920,3,5,N,A,-,N,,,Y,4,0,1,2,A,-,09,21801.0,A,N,D,A,H,-,A,A,0,Y,,A,07,0,0,1,0,1,33.97459030151367,-118.35117340087892,LOS ANGELES,INGLEWOOD,-118.35124206542967,33.97452163696289,0,Morning,0
2023,1948,2023-07-06,1311,4,5,Y,A,-,N,,,N,3,0,1,2,A,-,12,21453.0,A,N,A,A,H,-,A,A,0,Y,,-,- ,0,1,0,0,1,34.059818267822266,-118.12281036376952,LOS ANGELES,MONTEREY PARK,-118.1228256225586,34.05978775024414,0,Midday,0
2023,1909,2023-07-14,2056,5,5,N,A,-,N,,,Y,4,0,1,2,A,-,09,21801.0,A,N,B,A,H,-,E,A,0,Y,Y,A,01,0,0,1,0,1,,,LOS ANGELES,BELL GARDENS,-118.1655044555664,33.959930419921875,0,Night,0
2023,1948,2023-07-27,1607,4,5,N,A,-,N,,,N,2,0,1,1,D,-,00,,,N,F,A,H,-,A,D,0,Y,,-,- ,1,0,0,0,1,34.039798736572266,-118.12918853759766,LOS ANGELES,MONTEREY PARK,-118.12918853759766,34.03976058959961,0,Evening,1
2023,1909,2023-07-27,1658,4,5,N,A,-,N,,,N,4,0,1,2,A,-,09,21804.0,A,N,D,A,H,-,A,D,0,Y,,C,02,0,0,1,0,0,33.96535873413086,-118.15162658691406,LOS ANGELES,BELL GARDENS,-118.1520538330078,33.964691162109375,0,Evening,0
2023,1947,2023-07-06,1613,4,5,N,A,-,N,,,Y,3,0,1,2,A,-,03,22350.0,,N,C,A,H,-,A,A,0,Y,,I,11,0,1,0,0,1,,,LOS ANGELES,MONTEBELLO,-118.08130645751952,34.03432846069336,0,Evening,0
2023,1922,2023-06-11,543,7,5,N,A,C,N,,,Y,4,0,1,2,A,-,12,21453.0,A,N,B,B,H,-,B,A,0,Y,,A,01,0,0,1,0,1,34.08810043334961,-118.00189971923828,LOS ANGELES,EL MONTE,-118.00181579589844,34.08808517456055,1,Morning,0
2023,1965,2023-06-18,1055,7,5,Y,A,-,N,,,Y,2,0,2,3,A,-,09,21801.0,A,N,D,A,H,-,A,A,0,Y,,A,01,1,0,1,0,1,,,LOS ANGELES,SANTA MONICA,-118.4795379638672,34.0095329284668,1,Morning,1
2023,1947,2023-02-04,1820,6,5,N,A,-,N,,,N,3,0,1,2,A,-,08,22107.0,,N,H,A,H,-,C,A,0,Y,,A,01,0,1,0,0,1,,,LOS ANGELES,MONTEBELLO,-118.13136291503906,34.02503967285156,1,Evening,0
2023,1947,2023-02-09,1850,4,5,N,A,-,N,,,Y,4,0,1,2,A,-,03,22350.0,,N,C,A,H,-,C,A,0,Y,,C,02,0,0,1,0,0,34.03276062011719,-118.12998962402344,LOS ANGELES,MONTEBELLO,-118.12996673583984,34.03272247314453,0,Evening,0
2023,1969,2023-05-21,2130,7,5,N,A,-,N,,,N,3,0,1,2,A,-,08,22107.0,,N,B,A,H,-,C,D,0,Y,,C,03,0,1,0,0,1,33.959251403808594,-118.19709777832033,LOS ANGELES,SOUTH GATE,-118.19690704345705,33.95920944213867,1,Night,0
2023,1922,2023-06-28,856,3,5,N,A,-,N,,,N,3,0,1,2,A,-,03,22350.0,,N,G,A,H,-,A,D,0,Y,,C,03,0,1,0,0,1,34.05915069580078,-118.04692840576172,LOS ANGELES,EL MONTE,-118.04698181152344,34.0596923828125,0,Morning,0
2023,1947,2023-07-19,1823,3,5,N,A,-,N,,,N,4,0,1,2,A,-,08,22107.0,,M,B,A,H,-,A,A,0,Y,,-,99,0,0,1,0,1,33.975189208984375,-118.1238021850586,LOS ANGELES,MONTEBELLO,-118.12286376953124,33.97536849975586,0,Evening,0
2023,1969,2023-08-16,1857,3,5,N,A,-,N,,,Y,3,0,2,2,A,-,08,22102.0,,N,D,A,H,-,A,D,0,Y,,A,08,0,1,1,0,1,33.9540901184082,-118.20482635498048,LOS ANGELES,SOUTH GATE,-118.20500183105467,33.954071044921875,0,Evening,0
2023,1947,2023-07-08,1730,6,5,N,A,-,N,,,N,4,0,1,2,A,-,08,22107.0,,N,D,A,H,-,A,A,0,Y,,C,02,0,0,1,0,1,,,LOS ANGELES,MONTEBELLO,-118.12953186035156,34.01705551147461,1,Evening,0
2023,1922,2023-07-01,1820,6,5,N,A,-,N,,,N,2,0,1,1,A,-,03,22350.0,,N,H,A,H,-,A,D,0,Y,,C,03,1,0,0,0,1,34.085750579833984,-118.0261001586914,LOS ANGELES,EL MONTE,-118.02618408203124,34.085174560546875,1,Evening,1
2023,1973,2023-07-08,2227,6,5,N,A,-,N,,,Y,3,0,2,1,A,-,03,22350.0,,N,E,A,H,-,C,D,0,Y,,C,02,0,2,0,0,2,33.99940872192383,-118.19335174560548,LOS ANGELES,VERNON,-118.19322967529295,33.99924850463867,1,Night,0
2023,1925,2023-08-13,2143,7,5,N,A,-,N,,,N,3,0,1,2,A,-,12,21453.0,A,N,D,A,H,-,C,A,0,Y,,C,03,0,1,0,0,1,34.165958404541016,-118.28826904296876,LOS ANGELES,GLENDALE,-118.28824615478516,34.165924072265625,1,Night,0
2023,1967,2023-08-06,724,7,5,Y,A,-,N,,,Y,2,0,2,2,A,-,12,21453.0,A,N,D,A,H,-,A,A,0,Y,,C,02,1,1,0,0,1,,,LOS ANGELES,SIGNAL HILL,-118.17195892333984,33.811668395996094,1,Morning,1
2023,1965,2023-07-30,1730,7,5,N,A,-,N,,,N,4,0,1,1,D,-,00,,,N,F,A,H,-,A,A,0,Y,,-,- ,0,0,1,0,1,,,LOS ANGELES,SANTA MONICA,-118.49449920654295,34.01272201538086,1,Evening,0
2023,1969,2023-07-18,710,2,5,Y,A,-,N,,,N,3,0,1,2,A,-,12,22450.0,A,N,G,A,H,-,A,D,0,Y,,C,03,0,1,0,0,1,33.93928909301758,-118.21871948242188,LOS ANGELES,SOUTH GATE,-118.2187042236328,33.93926239013672,0,Morning,0
2023,1965,2023-08-01,2155,2,5,N,A,-,N,,,Y,3,0,1,2,A,-,21,22106.0,,N,D,A,H,-,C,A,0,Y,,A,01,0,1,0,0,1,,,LOS ANGELES,SANTA MONICA,-118.48305511474608,34.01240158081055,0,Night,0
2023,1925,2023-08-21,1532,1,5,Y,A,-,N,,,N,3,0,1,2,A,-,03,22350.0,,N,D,A,H,-,A,D,0,Y,,C,03,0,1,0,0,1,34.136348724365234,-118.26400756835938,LOS ANGELES,GLENDALE,-118.26406860351562,34.136497497558594,0,Midday,0
2023,1965,2023-08-08,2125,2,5,Y,A,-,N,,,Y,3,0,1,1,A,-,01,23152.0,A,N,F,A,H,-,C,D,0,Y,Y,C,03,0,1,0,0,1,,,LOS ANGELES,SANTA MONICA,-118.48604583740234,34.004329681396484,0,Night,0
2023,1969,2023-09-02,223,6,5,N,A,-,N,,,Y,4,0,3,3,A,-,01,23152.0,A,N,C,A,H,-,C,A,0,Y,Y,A,01,0,0,3,0,1,33.950439453125,-118.17559051513672,LOS ANGELES,SOUTH GATE,-118.17246246337892,33.950050354003906,1,Night,0
2023,1922,2023-07-10,1908,1,5,N,A,-,N,,,Y,4,0,1,2,A,-,06,21755.0,A,N,B,A,H,-,A,D,0,Y,,C,03,0,0,1,0,1,34.07421875,-118.02220153808594,LOS ANGELES,EL MONTE,-118.0219955444336,34.074153900146484,0,Evening,0
2023,1925,2023-08-30,1558,3,5,Y,A,-,N,,,N,2,0,1,2,A,-,12,21453.0,A,N,D,A,H,-,A,A,0,Y,,A,01,1,0,0,0,0,,,LOS ANGELES,GLENDALE,-118.25798034667967,34.15674591064453,0,Midday,1
2023,1947,2023-08-27,1431,7,5,N,A,-,N,,,N,3,0,1,2,A,-,08,22107.0,,N,A,A,H,-,A,D,0,Y,,O,05,0,1,0,0,1,34.02254104614258,-118.13404083251952,LOS ANGELES,MONTEBELLO,-118.13389587402344,34.022315979003906,1,Midday,0
2023,1925,2023-08-11,2048,5,5,Y,A,-,N,,,Y,4,0,1,2,A,-,09,21801.0,A,N,D,A,H,-,C,A,0,Y,,A,07,0,0,1,0,1,,,LOS ANGELES,GLENDALE,-118.2902603149414,34.16740036010742,0,Night,0
2023,1965,2023-08-29,1724,2,5,Y,A,-,N,,,Y,2,0,1,2,A,-,09,21801.0,A,N,D,A,H,-,A,A,0,Y,,A,01,1,0,0,0,1,34.021968841552734,-118.47210693359376,LOS ANGELES,SANTA MONICA,-118.47216033935548,34.02198028564453,0,Evening,1
2023,1912,2023-01-12,1744,4,5,N,B,-,N,,,N,2,0,2,3,A,-,06,21951.0,,N,G,A,H,-,C,D,0,Y,,C,02,1,1,0,0,1,34.19110870361328,-118.31999206542967,LOS ANGELES,BURBANK,-118.31977081298828,34.191261291503906,0,Evening,1
2023,1933,2023-09-17,2036,7,5,N,A,-,N,,,Y,3,0,1,2,A,-,08,22107.0,,F,H,A,H,-,C,D,0,Y,,-,99,0,1,0,0,1,33.96516036987305,-118.36614990234376,LOS ANGELES,INGLEWOOD,-118.3672332763672,33.96477127075195,1,Night,0
2023,1912,2023-02-10,1605,5,5,N,A,-,N,,,Y,4,0,1,2,A,-,06,21755.0,A,N,B,A,H,-,A,D,0,Y,,C,02,0,0,1,0,1,,,LOS ANGELES,BURBANK,-118.35731506347656,34.193458557128906,0,Evening,0
2023,1912,2023-03-03,1407,5,5,Y,A,-,N,,,Y,3,0,1,2,A,-,09,21801.0,A,N,E,A,H,-,A,A,0,Y,,A,07,0,1,0,0,1,34.19892120361328,-118.32801818847656,LOS ANGELES,BURBANK,-118.32798004150392,34.19906234741211,0,Midday,0
2023,1912,2023-03-19,936,7,5,N,B,-,N,,,Y,2,0,1,1,A,-,03,22350.0,,N,E,A,H,-,A,A,0,Y,,C,03,1,0,0,0,1,,,LOS ANGELES,BURBANK,-118.30770111083984,34.16659927368164,1,Morning,1
2023,1912,2023-01-26,1401,4,5,Y,A,-,N,,,N,3,0,1,2,A,-,09,21801.0,A,N,A,A,H,-,A,A,0,Y,,D,22,0,1,0,0,1,34.15232849121094,-118.34178924560548,LOS ANGELES,BURBANK,-118.34185791015624,34.15233612060547,0,Midday,0
2023,1912,2023-01-31,1017,2,5,N,A,-,N,,,N,3,0,1,1,A,-,03,22350.0,,N,F,A,H,-,A,A,0,Y,,C,02,0,1,0,0,1,,,LOS ANGELES,BURBANK,-118.34615325927734,34.15222930908203,0,Morning,0
2023,1912,2023-02-04,2000,6,5,Y,A,-,N,,,Y,4,0,1,2,A,-,09,21801.0,A,N,D,A,H,-,C,D,0,Y,,A,01,0,0,1,0,1,34.18317031860352,-118.32115936279295,LOS ANGELES,BURBANK,-118.3211669921875,34.18313217163086,1,Night,0
2023,1912,2023-05-17,1942,3,5,N,A,-,N,,,N,3,0,1,3,A,-,09,21804.0,A,N,B,A,H,-,B,D,0,Y,,C,02,0,1,0,0,1,,,LOS ANGELES,BURBANK,-118.35652923583984,34.184452056884766,0,Evening,0
2023,1912,2023-05-30,1515,2,5,N,B,-,N,,,N,3,0,1,2,A,-,09,21804.0,A,N,D,A,H,-,A,D,0,Y,,C,03,0,1,0,0,1,,,LOS ANGELES,BURBANK,-118.32474517822266,34.175750732421875,0,Midday,0
2023,1912,2023-07-01,1259,6,5,Y,A,-,N,,,N,3,0,1,1,D,-,00,,,N,-,A,H,-,A,D,0,Y,,-,- ,0,1,0,0,1,34.20441818237305,-118.33660888671876,LOS ANGELES,BURBANK,-118.33663177490234,34.204429626464844,1,Midday,0
2023,1912,2023-06-03,1749,6,5,Y,A,-,N,,,Y,3,0,1,2,A,-,08,22107.0,,N,B,A,H,-,A,A,0,Y,,C,02,0,1,0,0,1,,,LOS ANGELES,BURBANK,-118.31189727783205,34.16963577270508,1,Evening,0
2023,1912,2023-06-30,2252,5,5,Y,A,-,N,,,Y,2,0,1,2,A,-,09,21801.0,A,N,A,A,H,-,C,A,0,Y,,A,01,1,0,0,0,1,34.184539794921875,-118.33831787109376,LOS ANGELES,BURBANK,-118.33834838867188,34.184600830078125,0,Night,1
2023,1912,2023-07-21,2151,5,5,N,A,-,N,,,N,3,0,1,2,A,-,07,21658.0,A,N,B,A,H,-,C,D,0,Y,,A,01,0,1,0,0,1,34.18743133544922,-118.31482696533205,LOS ANGELES,BURBANK,-118.31466674804688,34.18730545043945,0,Night,0
2023,1912,2023-08-01,1402,2,5,N,A,-,N,,,N,4,0,1,2,A,-,07,21658.0,A,N,B,A,H,-,A,D,0,Y,,A,01,0,0,1,0,1,34.1774787902832,-118.31832885742188,LOS ANGELES,BURBANK,-118.31792449951172,34.17646408081055,0,Midday,0
2023,1912,2023-08-23,2036,3,5,Y,A,-,N,,,N,4,0,1,1,A,-,03,22350.0,,N,F,A,H,-,C,A,0,Y,,C,02,0,0,1,0,1,34.17197036743164,-118.33474731445312,LOS ANGELES,BURBANK,-118.33475494384766,34.171974182128906,0,Night,0
2023,1948,2023-07-22,2328,6,5,Y,A,-,N,,,N,3,0,1,2,A,-,08,22107.0,,N,B,A,H,-,C,A,0,Y,,A,01,0,1,0,0,1,34.03363037109375,-118.13014221191406,LOS ANGELES,MONTEREY PARK,-118.13011169433594,34.0335807800293,1,Night,0
2023,1975,2023-09-26,1910,2,5,Y,A,-,N,,,Y,4,0,1,3,A,-,08,22107.0,,F,B,A,H,-,B,D,0,Y,,A,01,0,0,1,0,1,,,LOS ANGELES,WEST COVINA,-117.96623229980467,34.06275939941406,0,Evening,0
2023,1947,2023-09-10,1341,7,5,N,A,-,N,,,Y,3,0,1,2,A,-,09,21804.0,A,N,A,A,H,-,A,D,0,Y,,D,22,0,1,0,0,1,34.016971588134766,-118.1049575805664,LOS ANGELES,MONTEBELLO,-118.1049575805664,34.0169792175293,1,Midday,0
2023,1947,2023-10-02,2021,1,5,Y,A,-,N,,,Y,3,0,1,2,A,-,09,21801.0,A,N,A,A,H,-,C,A,0,Y,,A,01,0,1,0,0,1,34.023880004882805,-118.13787841796876,LOS ANGELES,MONTEBELLO,-118.13787841796876,34.02378845214844,0,Night,0
2023,1975,2023-09-08,1548,5,5,Y,A,-,N,,,Y,2,0,1,2,A,-,09,21802.0,A,N,D,A,H,-,A,A,0,Y,,A,01,1,0,0,0,1,34.075809478759766,-117.94761657714844,LOS ANGELES,WEST COVINA,-117.94766235351562,34.075809478759766,0,Midday,1
2023,1947,2023-09-22,2002,5,5,N,A,-,N,,,N,3,0,1,1,A,-,03,22350.0,,N,H,A,H,-,D,D,0,Y,,C,02,0,1,0,0,1,34.015411376953125,-118.09755706787108,LOS ANGELES,MONTEBELLO,-118.09732055664062,34.01616668701172,0,Night,0
2023,1912,2023-09-14,1129,4,5,Y,A,-,N,,,N,3,0,1,1,A,-,12,21453.0,A,N,F,A,H,-,A,A,0,Y,,C,02,0,1,0,0,1,,,LOS ANGELES,BURBANK,-118.32617950439452,34.154155731201165,0,Midday,0
2023,1975,2023-09-23,139,6,5,N,A,-,N,,,Y,3,0,1,2,A,-,09,21801.0,A,F,D,A,H,-,C,B,0,Y,,A,01,0,1,0,0,0,34.086570739746094,-117.94500732421876,LOS ANGELES,WEST COVINA,-117.91041564941406,34.08277893066406,1,Night,0
2023,1933,2023-10-16,810,1,5,N,A,-,N,,,N,4,0,1,2,D,-,00,,,N,H,A,H,-,A,D,0,Y,,-,- ,0,0,1,0,1,33.979698181152344,-118.36640167236328,LOS ANGELES,INGLEWOOD,-118.36722564697266,33.979671478271484,0,Morning,0
2023,1923,2023-09-26,1307,2,5,Y,A,-,N,,,Y,3,0,1,1,A,-,03,22350.0,,N,H,A,H,-,A,A,0,Y,,-,- ,0,1,0,0,1,33.91897964477539,-118.41600799560548,LOS ANGELES,EL SEGUNDO,-118.41596221923828,33.919002532958984,0,Midday,0
2023,1965,2023-09-19,1605,2,5,Y,A,-,N,,,Y,3,0,1,2,A,-,09,21801.0,A,N,A,A,H,-,A,A,0,Y,,A,01,0,1,0,0,1,,,LOS ANGELES,SANTA MONICA,-118.50181579589844,34.026832580566406,0,Evening,0
2023,1922,2023-09-11,805,1,5,N,A,-,N,,,N,4,0,1,2,A,-,07,21658.0,A,F,B,A,H,-,A,A,0,Y,,C,06,0,0,1,0,0,34.07426071166992,-118.02288818359376,LOS ANGELES,EL MONTE,-118.02288818359376,34.07411575317383,0,Morning,0
2023,1925,2023-10-04,1706,3,5,Y,A,-,Y,,,Y,3,0,2,2,A,-,12,21453.0,A,N,B,A,H,-,A,A,0,Y,,C,02,0,2,0,0,2,34.155948638916016,-118.2550811767578,LOS ANGELES,GLENDALE,-118.25514221191406,34.15593719482422,0,Evening,0
2023,1973,2023-10-11,202,3,5,N,A,-,N,,,Y,3,0,1,2,A,-,21,22106.0,,N,D,A,H,-,C,D,0,Y,,F,25,0,1,0,0,1,34.00468826293945,-118.19387817382812,LOS ANGELES,VERNON,-118.19149017333984,34.003807067871094,0,Night,0
2023,1975,2023-10-04,2052,3,5,N,A,-,N,,,Y,3,0,1,2,A,-,03,22350.0,,N,A,A,H,-,C,A,0,Y,,C,02,0,1,0,0,1,34.079299926757805,-117.94225311279295,LOS ANGELES,WEST COVINA,-117.90766143798828,34.07483673095703,0,Night,0
2023,1969,2023-09-28,745,4,5,N,A,-,N,,,N,4,0,1,4,A,-,07,21658.0,A,F,B,A,H,-,A,A,0,Y,,A,07,0,0,1,0,1,33.955501556396484,-118.18396759033205,LOS ANGELES,SOUTH GATE,-118.183837890625,33.95534896850586,0,Morning,0
2023,1969,2023-10-20,1857,5,5,Y,A,-,N,,,N,4,0,1,2,A,-,12,22450.0,A,N,D,A,H,-,A,A,0,Y,,C,03,0,0,1,0,1,33.96160888671875,-118.21942138671876,LOS ANGELES,SOUTH GATE,-118.21941375732422,33.96155548095703,0,Evening,0
2023,1912,2023-09-19,1933,2,5,Y,A,-,N,,,N,3,0,2,2,A,-,12,21453.0,A,N,B,A,H,-,C,A,0,Y,,C,02,0,1,1,0,2,34.167869567871094,-118.34697723388672,LOS ANGELES,BURBANK,-118.34701538085938,34.167869567871094,0,Evening,0
2023,1975,2023-10-11,1546,3,5,Y,A,-,N,,,Y,3,0,1,2,A,-,09,21802.0,A,N,D,A,H,-,A,A,0,Y,,C,03,0,1,0,0,1,34.0790901184082,-117.93495941162108,LOS ANGELES,WEST COVINA,-117.93502044677734,34.07905960083008,0,Midday,0
2023,1925,2023-10-14,1720,6,5,Y,A,-,N,,,N,2,0,1,2,A,-,09,21801.0,A,N,A,A,H,-,A,A,0,Y,,A,01,1,0,0,0,0,34.146209716796875,-118.23963928222656,LOS ANGELES,GLENDALE,-118.23961639404295,34.14619827270508,1,Evening,1
2023,1965,2023-09-22,1355,5,5,N,A,-,N,,,Y,3,0,1,1,D,-,00,,,N,H,A,H,-,A,A,0,Y,,-,- ,0,1,0,0,1,34.01681137084961,-118.50240325927734,LOS ANGELES,SANTA MONICA,-118.50258636474608,34.01700210571289,0,Midday,0