ACCIDENT_YEAR,JURIS,COLLISION_DATE,COLLISION_TIME,DAY_OF_WEEK,CHP_SHIFT,INTERSECTION,WEATHER_1,WEATHER_2,STATE_HWY_IND,LOCATION_TYPE,RAMP_INTERSECTION,TOW_AWAY,COLLISION_SEVERITY,NUMBER_KILLED,NUMBER_INJURED,PARTY_COUNT,PRIMARY_COLL_FACTOR,PCF_CODE_OF_VIOL,PCF_VIOL_CATEGORY,PCF_VIOLATION,PCF_VIOL_SUBSECTION,HIT_AND_RUN,TYPE_OF_COLLISION,ROAD_SURFACE,ROAD_COND_1,ROAD_COND_2,LIGHTING,CONTROL_DEVICE,CHP_ROAD_TYPE,MOTORCYCLE_ACCIDENT,ALCOHOL_INVOLVED,STWD_VEHTYPE_AT_FAULT,CHP_VEHTYPE_AT_FAULT,COUNT_SEVERE_INJ,COUNT_VISIBLE_INJ,COUNT_COMPLAINT_PAIN,COUNT_MC_KILLED,COUNT_MC_INJURED,LATITUDE,LONGITUDE,COUNTY,CITY,POINT_X,POINT_Y,IS_WEEKEND,TIME_OF_DAY,SEVERE_FATAL
2023,9530,2023-01-06,1435,5,2,Y,A,-,N,,,N,3,0,1,2,A,-,09,21801.0,A,N,D,A,H,-,A,A,0,Y,,A,07,0,1,0,0,1,33.90924072265625,-118.26528930664062,LOS ANGELES,UNINCORPORATED,-118.26531219482422,33.909183502197266,0,Midday,0
2023,9550,2023-01-08,1228,7,1,Y,A,-,N,,,Y,2,0,2,2,A,-,09,21802.0,A,N,D,A,H,-,A,A,0,Y,,A,01,1,0,1,0,1,33.922561645507805,-118.030517578125,LOS ANGELES,UNINCORPORATED,-118.03498077392578,33.92155075073242,1,Midday,1
2023,9580,2023-01-17,745,2,1,N,A,-,Y,H,,Y,4,0,1,3,A,-,08,22107.0,,F,B,A,H,-,A,D,0,Y,Y,-,99,0,0,1,0,1,34.15156936645508,-118.46824645996094,LOS ANGELES,LOS ANGELES,-118.46831512451172,34.15157699584961,0,Morning,0
2023,9540,2023-01-13,1815,5,2,N,A,-,Y,H,,N,4,0,1,2,A,-,08,22107.0,,N,F,A,H,-,D,D,0,Y,,A,01,0,0,1,0,1,34.35525894165039,-118.50575256347656,LOS ANGELES,SANTA CLARITA,-118.50585174560548,34.3552360534668,0,Evening,0
2023,9590,2023-01-18,2240,3,3,N,A,-,Y,H,,Y,4,0,1,1,A,-,08,22107.0,,N,F,A,H,-,C,D,0,Y,,C,02,0,0,1,0,1,34.06940078735352,-118.2607879638672,LOS ANGELES,LOS ANGELES,-118.26075744628906,34.0694580078125,0,Night,0
2023,9535,2023-01-08,450,7,3,Y,A,-,N,,,Y,3,0,1,2,A,-,12,21453.0,A,N,D,A,H,-,C,A,0,Y,Y,-,- ,0,1,0,0,1,34.044158935546875,-118.17369079589844,LOS ANGELES,UNINCORPORATED,-118.1736297607422,34.04418182373047,1,Night,0
2023,9580,2023-01-17,1348,2,1,Y,A,-,N,,,Y,3,0,1,2,A,-,12,21453.0,A,M,D,A,H,-,A,A,0,Y,,C,02,0,1,0,0,1,34.17082977294922,-118.57100677490234,LOS ANGELES,LOS ANGELES,-118.57095336914062,34.170982360839844,0,Midday,0
2023,9525,2023-01-18,1810,3,2,N,A,-,Y,H,,N,4,0,1,2,A,-,08,22107.0,,N,B,A,H,-,A,D,0,Y,,A,07,0,0,1,0,1,34.12002182006836,-117.70008087158205,LOS ANGELES,CLAREMONT,-117.70011901855467,34.120174407958984,0,Evening,0
2023,9590,2023-01-18,739,3,1,N,A,-,Y,H,,N,4,0,1,3,A,-,08,22107.0,,N,B,A,H,-,A,D,0,Y,,C,02,0,0,1,0,1,34.0318603515625,-118.27446746826172,LOS ANGELES,LOS ANGELES,-118.2744598388672,34.0318603515625,0,Morning,0
2023,9580,2023-01-13,1755,5,2,N,A,-,Y,H,,N,3,0,1,2,A,-,08,22107.0,,F,B,A,H,-,C,D,0,Y,,-,99,0,1,0,0,1,34.26750946044922,-118.48429870605467,LOS ANGELES,LOS ANGELES,-118.484375,34.267417907714844,0,Evening,0
2023,9580,2023-01-22,630,7,1,N,A,-,Y,H,,N,3,0,1,2,A,-,01,23152.0,A,F,C,A,H,-,B,D,0,Y,Y,A,01,0,1,0,0,1,34.155269622802734,-118.44377136230467,LOS ANGELES,LOS ANGELES,-118.44375610351562,34.15533447265625,1,Morning,0
2023,9535,2023-01-17,810,2,1,N,B,-,Y,H,,Y,3,0,1,1,A,-,03,22350.0,,N,F,A,H,-,A,D,0,Y,,C,02,0,1,0,0,1,33.91408920288086,-118.18406677246094,LOS ANGELES,LYNWOOD,-118.18409729003906,33.914031982421875,0,Morning,0
2023,9525,2023-01-18,2120,3,2,Y,A,-,N,,,N,4,0,1,2,A,-,01,23152.0,A,N,D,A,H,-,C,D,0,Y,Y,C,02,0,0,1,0,1,34.10712814331055,-117.91163635253906,LOS ANGELES,UNINCORPORATED,-117.9116668701172,34.10710144042969,0,Night,0
2023,9540,2023-01-20,1930,5,2,N,A,-,Y,H,,N,3,0,1,2,A,-,07,21658.0,A,N,B,A,H,-,D,D,0,Y,,A,01,0,1,0,0,1,34.40298843383789,-118.45403289794922,LOS ANGELES,SANTA CLARITA,-118.45400238037108,34.4029541015625,0,Evening,0
2023,9565,2023-01-12,1845,4,2,Y,B,-,N,,,Y,2,0,1,2,A,-,09,21802.0,A,N,D,A,H,-,C,A,0,Y,,A,07,1,0,0,0,1,33.916458129882805,-118.29863739013672,LOS ANGELES,UNINCORPORATED,-118.29864501953124,33.91642761230469,0,Evening,1
2023,9540,2023-01-20,1935,5,2,N,A,-,Y,H,,Y,3,0,1,2,A,-,07,21658.0,A,N,B,A,H,-,A,D,0,Y,,A,01,0,1,0,0,1,34.37979888916016,-118.49104309082033,LOS ANGELES,SANTA CLARITA,-118.4910125732422,34.37977981567383,0,Evening,0
2023,9540,2023-01-20,1620,5,2,N,A,-,Y,H,,Y,3,0,1,2,A,-,07,21658.0,A,N,B,A,H,-,A,D,0,Y,,A,01,0,1,0,0,1,34.387630462646484,-118.4801788330078,LOS ANGELES,SANTA CLARITA,-118.4801788330078,34.387630462646484,0,Evening,0
2023,9540,2023-01-13,1840,5,2,N,A,-,Y,H,,Y,3,0,1,3,A,-,07,21658.0,A,F,F,A,H,-,D,D,0,Y,,-,99,0,1,0,0,1,34.49705123901367,-118.21927642822266,LOS ANGELES,UNINCORPORATED,-118.21929931640624,34.497024536132805,0,Evening,0
2023,9540,2023-01-21,2240,6,3,N,A,-,N,,,N,3,0,1,1,A,-,01,23152.0,A,N,F,A,H,-,C,A,0,Y,Y,C,02,0,1,0,0,1,34.38132095336914,-118.57099151611328,LOS ANGELES,UNINCORPORATED,-118.57089233398438,34.38112258911133,1,Night,0
2023,9590,2023-01-13,945,5,1,N,A,-,Y,H,,N,3,0,1,1,A,-,08,22107.0,,N,F,A,H,-,A,D,0,Y,,C,02,0,1,0,0,1,34.034149169921875,-118.35556030273438,LOS ANGELES,LOS ANGELES,-118.35556030273438,34.03413009643555,0,Morning,0
2023,9545,2023-01-25,1700,3,2,Y,A,-,N,,,Y,3,0,1,2,A,-,09,21801.0,A,N,D,A,H,-,B,D,0,Y,,A,01,0,1,0,0,1,34.76264190673828,-118.11309051513672,LOS ANGELES,UNINCORPORATED,-118.11315155029295,34.762672424316406,0,Evening,0
2023,9525,2023-01-22,1620,7,2,N,A,-,Y,H,,Y,4,0,1,2,A,-,03,22350.0,,M,C,A,H,-,A,D,0,Y,,C,02,0,0,1,0,1,34.129730224609375,-117.93534088134766,LOS ANGELES,IRWINDALE,-117.93526458740234,34.1295166015625,1,Evening,0
2023,9530,2023-01-19,1922,4,2,N,B,-,Y,H,,Y,3,0,1,2,A,-,07,21658.0,A,N,B,A,H,-,C,D,0,Y,,A,01,0,1,0,0,1,33.834510803222656,-118.25872802734376,LOS ANGELES,CARSON,-118.25879669189452,33.834468841552734,0,Evening,0
2023,9535,2023-01-24,1535,2,2,N,A,-,Y,H,,N,4,0,1,2,A,-,07,21658.0,A,F,B,A,H,-,A,D,0,Y,,-,99,0,0,1,0,1,34.03165054321289,-118.18701934814452,LOS ANGELES,UNINCORPORATED,-118.18701934814452,34.03168487548828,0,Midday,0
2023,9590,2023-01-17,859,2,1,N,A,-,Y,,,Y,4,0,1,2,A,-,03,22350.0,,N,F,A,H,-,A,D,0,Y,,C,02,0,0,1,0,1,34.10586166381836,-118.32827758789062,LOS ANGELES,LOS ANGELES,-118.32806396484376,34.10622024536133,0,Morning,0
2023,9590,2023-01-20,720,5,1,N,A,-,Y,H,,N,3,0,1,3,A,-,07,21658.0,A,N,B,A,H,-,A,D,0,Y,,A,01,0,1,0,0,1,34.03691864013672,-118.37696838378906,LOS ANGELES,LOS ANGELES,-118.37696075439452,34.03694152832031,0,Morning,0
2023,9525,2023-01-27,1440,5,2,N,A,-,Y,H,,N,2,0,1,2,A,-,03,22350.0,,N,C,A,H,-,A,D,0,Y,,C,02,1,0,0,0,1,34.12068176269531,-117.83397674560548,LOS ANGELES,GLENDORA,-117.8340301513672,34.120872497558594,0,Midday,1
2023,9590,2023-01-15,1500,7,2,N,B,-,Y,H,,N,3,0,1,3,A,-,03,22350.0,,N,B,A,H,-,A,D,0,Y,,C,02,0,1,0,0,1,34.04473114013672,-118.2712631225586,LOS ANGELES,LOS ANGELES,-118.27125549316406,34.04472351074219,1,Midday,0
2023,9525,2023-01-25,1325,3,1,N,A,-,Y,H,,Y,3,0,1,1,A,-,08,22107.0,,N,F,A,H,-,A,D,0,Y,,C,02,0,1,0,0,1,34.13433837890625,-117.95719909667967,LOS ANGELES,DUARTE,-117.95719909667967,34.13434982299805,0,Midday,0
2023,9550,2023-01-21,1105,6,1,N,A,-,Y,H,,Y,4,0,1,3,A,-,07,21658.0,A,F,B,A,H,-,A,D,0,Y,,-,99,0,0,1,0,1,33.876609802246094,-118.09046936035156,LOS ANGELES,CERRITOS,-118.09046936035156,33.87646484375,1,Midday,0
2023,9590,2023-01-01,1605,7,2,N,A,-,Y,H,,N,2,0,1,1,A,-,08,22107.0,,N,E,A,H,-,A,D,0,Y,,C,02,1,0,0,0,1,34.07979965209961,-118.29287719726562,LOS ANGELES,LOS ANGELES,-118.29276275634766,34.0799446105957,1,Evening,1
2023,9590,2023-01-24,815,2,1,N,A,-,Y,H,,N,4,0,1,3,A,-,07,21658.0,A,N,B,A,H,-,A,D,0,Y,,A,07,0,0,1,0,1,34.03438949584961,-118.3488998413086,LOS ANGELES,LOS ANGELES,-118.3488998413086,34.03444290161133,0,Morning,0
2023,9590,2023-01-24,800,2,1,N,A,-,Y,H,,N,4,0,1,2,A,-,07,21658.0,A,N,B,A,H,-,A,D,0,Y,,A,01,0,0,1,0,1,34.034820556640625,-118.36721801757812,LOS ANGELES,LOS ANGELES,-118.36720275878906,34.03487014770508,0,Morning,0
2023,9550,2023-01-24,1135,2,1,N,A,-,N,,,N,4,0,1,2,A,-,09,21801.0,A,N,D,A,H,-,A,D,0,Y,,A,07,0,0,1,0,1,34.01860046386719,-117.98860168457033,LOS ANGELES,UNINCORPORATED,-117.988525390625,34.018775939941406,0,Midday,0
2023,9590,2023-01-24,1005,2,1,N,A,-,Y,H,,N,2,0,1,2,A,-,07,21658.0,A,N,F,A,H,-,A,D,0,Y,,D,22,1,0,0,0,1,34.034358978271484,-118.35172271728516,LOS ANGELES,LOS ANGELES,-118.35171508789062,34.03430938720703,0,Morning,1
2023,9590,2023-01-18,600,3,1,N,A,-,Y,H,,Y,3,0,1,1,A,-,08,22107.0,,N,E,A,H,-,C,D,0,Y,,C,02,0,1,0,0,1,34.029518127441406,-118.22548675537108,LOS ANGELES,LOS ANGELES,-118.22548675537108,34.02950668334961,0,Morning,0
2023,9590,2023-01-26,1858,4,2,N,A,-,Y,H,,N,4,0,1,2,A,-,07,21658.0,A,N,B,A,H,-,C,D,0,Y,,A,01,0,0,1,0,1,34.05611038208008,-118.24121856689452,LOS ANGELES,LOS ANGELES,-118.24120330810548,34.056129455566406,0,Evening,0
2023,9580,2023-01-22,1025,7,1,N,A,-,N,,,Y,4,0,1,2,A,-,08,22107.0,,N,D,A,H,-,A,D,0,Y,,C,02,0,0,1,0,1,34.114009857177734,-118.78170776367188,LOS ANGELES,UNINCORPORATED,-118.78163909912108,34.114009857177734,1,Morning,0
2023,9550,2023-01-27,1720,5,2,N,A,-,Y,H,,Y,4,0,1,2,A,-,03,22350.0,,N,C,A,H,-,B,D,0,Y,,C,02,0,0,1,0,1,33.876251220703125,-118.12493133544922,LOS ANGELES,BELLFLOWER,-118.12493133544922,33.87629318237305,0,Evening,0
2023,9535,2023-01-29,2351,7,3,N,A,-,Y,H,,Y,3,0,1,1,A,-,08,22107.0,,N,E,A,H,-,D,D,0,Y,,C,02,0,1,0,0,1,34.035430908203125,-118.02578735351562,LOS ANGELES,UNINCORPORATED,-118.02562713623048,34.03528594970703,1,Night,0
2023,9550,2023-01-27,1830,5,2,N,A,-,Y,H,,Y,3,0,1,2,A,-,08,22107.0,,N,F,A,H,-,D,D,0,Y,,A,01,0,1,0,0,1,34.005218505859375,-117.9587631225586,LOS ANGELES,UNINCORPORATED,-117.958740234375,34.0052604675293,0,Evening,0
2023,9530,2023-01-22,1945,7,2,N,A,-,Y,H,,Y,2,0,1,2,A,-,07,21658.0,A,N,B,A,H,-,C,D,0,Y,,C,02,1,0,0,0,1,33.925838470458984,-118.28093719482422,LOS ANGELES,LOS ANGELES,-118.28102111816406,33.92584609985352,1,Evening,1
2023,9580,2023-01-28,2020,6,2,N,A,-,Y,H,,N,3,0,1,1,A,-,03,22350.0,,N,E,A,H,-,C,D,0,Y,,C,02,0,1,0,0,1,34.1873893737793,-118.47383880615234,LOS ANGELES,LOS ANGELES,-118.47408294677734,34.18738555908203,1,Night,0
2023,9580,2023-02-03,1030,5,1,N,A,-,Y,H,,Y,4,0,1,1,A,-,08,22107.0,,N,E,A,H,-,A,D,0,Y,,C,02,0,0,1,0,1,34.16518020629883,-118.48885345458984,LOS ANGELES,LOS ANGELES,-118.48884582519533,34.16511535644531,0,Morning,0
2023,9535,2023-01-27,1730,5,2,N,A,-,Y,H,,N,3,0,1,2,A,-,07,21658.0,A,N,B,A,H,-,D,D,0,Y,,A,07,0,1,0,0,1,34.03369903564453,-118.16993713378906,LOS ANGELES,UNINCORPORATED,-118.17008972167967,34.03371810913086,0,Evening,0
2023,9545,2023-02-03,1805,5,2,N,A,-,N,,,N,2,0,1,1,A,-,03,22350.0,,N,F,A,H,-,D,D,0,Y,,C,03,1,0,0,0,1,34.81809997558594,-118.18480682373048,LOS ANGELES,UNINCORPORATED,-118.18477630615234,34.81877517700195,0,Evening,1
2023,9565,2023-01-27,1415,5,2,N,A,-,Y,H,,Y,3,0,1,2,A,-,08,22107.0,,N,C,A,H,-,A,D,0,Y,,A,01,0,1,0,0,1,33.925079345703125,-118.32672119140624,LOS ANGELES,HAWTHORNE,-118.32671356201172,33.92499923706055,0,Midday,0
2023,9590,2023-02-03,1919,5,2,N,A,-,Y,H,,N,4,0,1,2,A,-,07,21658.0,A,N,B,A,H,-,C,D,0,Y,,A,01,0,0,1,0,1,34.05057907104492,-118.26171875,LOS ANGELES,LOS ANGELES,-118.26183319091795,34.050716400146484,0,Evening,0
2023,9565,2023-01-26,1305,4,1,N,A,-,N,,,N,3,0,2,2,A,-,08,22107.0,,N,B,A,H,-,A,D,0,Y,,A,07,0,1,1,0,1,33.97954177856445,-118.43985748291016,LOS ANGELES,UNINCORPORATED,-118.4399871826172,33.97965621948242,0,Midday,0
2023,9565,2023-01-27,1627,5,2,N,A,-,Y,H,,N,4,0,1,2,A,-,07,21658.0,A,N,B,A,H,-,A,D,0,Y,,A,01,0,0,1,0,1,34.04370880126953,-118.44402313232422,LOS ANGELES,LOS ANGELES,-118.44400787353516,34.04371643066406,0,Evening,0
2023,9530,2023-01-29,1018,7,1,N,B,-,Y,H,,Y,2,0,1,2,A,-,07,21658.0,A,N,B,A,H,-,A,D,0,Y,,C,02,1,0,0,0,1,33.87324905395508,-118.19931030273438,LOS ANGELES,LONG BEACH,-118.19927215576172,33.873172760009766,1,Morning,1
2023,9580,2023-02-06,1200,1,1,N,A,-,Y,,,N,2,0,1,1,A,-,08,22107.0,,N,F,A,H,-,A,D,0,Y,,C,02,1,0,0,0,1,34.163021087646484,-118.47103881835938,LOS ANGELES,LOS ANGELES,-118.47103881835938,34.163021087646484,0,Midday,1
2023,9530,2023-02-01,1205,3,1,N,A,-,Y,H,,N,3,0,1,1,A,-,08,22107.0,,N,F,A,H,-,A,D,0,Y,,C,02,0,1,0,0,1,33.92784118652344,-118.2168426513672,LOS ANGELES,LYNWOOD,-118.21688079833984,33.92776870727539,0,Midday,0
2023,9590,2023-01-28,555,6,3,N,A,-,Y,H,,N,4,0,1,4,A,-,07,21658.0,A,F,F,A,H,-,D,D,0,Y,,-,99,0,0,1,0,1,34.06972122192383,-118.26142120361328,LOS ANGELES,LOS ANGELES,-118.2614288330078,34.06969451904297,1,Morning,0
2023,9525,2023-01-25,805,3,1,N,A,-,Y,H,,Y,2,0,1,2,A,-,03,22350.0,,N,C,A,H,-,A,A,0,Y,,C,02,1,0,0,0,1,34.009559631347656,-117.8239974975586,LOS ANGELES,DIAMOND BAR,-117.82410430908205,34.009647369384766,0,Morning,1
2023,9525,2023-01-21,1505,6,2,N,A,-,Y,H,,Y,3,0,2,3,A,-,03,22350.0,,N,C,A,H,-,A,D,0,Y,,C,02,0,2,0,0,2,33.960350036621094,-117.85613250732422,LOS ANGELES,UNINCORPORATED,-117.85610961914062,33.9603157043457,1,Midday,0
2023,9590,2023-02-01,1910,3,2,N,A,-,Y,H,,N,3,0,1,1,A,-,08,22107.0,,N,E,A,H,-,C,D,0,Y,,C,02,0,1,0,0,1,34.038429260253906,-118.27655029296876,LOS ANGELES,LOS ANGELES,-118.27654266357422,34.038368225097656,0,Evening,0
2023,9550,2023-02-04,1355,6,1,N,A,-,Y,,,N,3,0,1,1,A,-,03,22350.0,,N,F,A,H,-,A,D,0,Y,,C,02,0,1,0,0,1,34.034820556640625,-118.02538299560548,LOS ANGELES,UNINCORPORATED,-118.02538299560548,34.034820556640625,1,Midday,0
2023,9540,2023-02-10,1230,5,1,N,A,-,N,,,Y,3,0,1,1,A,-,08,22107.0,,N,E,A,H,-,A,D,0,Y,,C,02,0,1,0,0,1,34.5225715637207,-118.53250122070312,LOS ANGELES,UNINCORPORATED,-118.52576446533205,34.53431701660156,0,Midday,0
2023,9430,2023-02-04,1203,6,1,N,A,-,Y,H,,Y,3,0,1,1,A,-,03,22350.0,,N,F,A,H,-,A,D,0,Y,,C,02,0,1,0,0,1,34.79595184326172,-118.85977935791016,LOS ANGELES,UNINCORPORATED,-118.85979461669922,34.79587173461914,1,Midday,0
2023,9530,2023-02-05,257,7,3,N,A,-,Y,H,,Y,2,0,1,2,A,-,01,23152.0,A,N,C,A,H,-,C,D,0,Y,Y,C,02,1,0,0,0,1,33.8633918762207,-118.32222747802734,LOS ANGELES,TORRANCE,-118.32221221923828,33.86342239379883,1,Night,1
2023,9530,2023-01-28,1520,6,2,N,A,-,Y,H,,Y,3,0,1,1,A,-,03,22350.0,,N,B,A,H,-,A,D,0,Y,,C,02,0,1,0,0,1,33.7883415222168,-118.2075424194336,LOS ANGELES,LONG BEACH,-118.20768737792967,33.788330078125,1,Midday,0
2023,9545,2023-02-03,1520,5,2,N,A,-,Y,H,,Y,2,0,1,1,A,-,03,22350.0,,N,F,A,H,-,A,D,0,Y,,C,02,1,0,0,0,1,34.498531341552734,-117.73975372314452,LOS ANGELES,UNINCORPORATED,-117.73975372314452,34.49849319458008,0,Midday,1
2023,9545,2023-02-12,1250,7,1,N,B,-,N,,,Y,2,0,1,1,A,-,03,22350.0,,N,E,A,H,-,A,D,0,Y,,C,02,1,0,0,0,1,34.457908630371094,-118.09007263183594,LOS ANGELES,UNINCORPORATED,-118.09008026123048,34.45781707763672,1,Midday,1
2023,9530,2023-02-02,1250,4,1,N,A,-,Y,,,N,4,0,1,2,A,-,21,22106.0,,N,F,A,H,-,A,A,0,Y,,A,07,0,0,1,0,1,33.89250946044922,-118.28462982177734,LOS ANGELES,LOS ANGELES,-118.28547668457033,33.89236831665039,0,Midday,0
2023,9525,2023-02-03,1830,5,2,N,A,-,N,,,Y,2,0,1,2,A,-,09,21801.0,A,N,D,A,H,-,C,D,0,Y,,D,22,1,0,0,0,1,34.10675811767578,-117.88321685791016,LOS ANGELES,COVINA,-117.8832550048828,34.106719970703125,0,Evening,1
2023,9550,2023-02-07,755,2,1,N,A,-,Y,H,,N,4,0,1,2,A,-,08,22107.0,,N,B,A,H,-,A,D,0,Y,,-,- ,0,0,1,0,1,33.967979431152344,-118.08306121826172,LOS ANGELES,UNINCORPORATED,-118.08307647705078,33.967987060546875,0,Morning,0
2023,9565,2023-02-07,645,2,1,N,A,-,Y,H,,Y,4,0,1,3,A,-,08,22107.0,,N,B,A,H,-,E,D,0,Y,,C,02,0,0,1,0,1,34.03614044189453,-118.382080078125,LOS ANGELES,LOS ANGELES,-118.38211059570312,34.03617858886719,0,Morning,0
2023,9525,2023-02-05,1600,7,2,N,B,-,Y,H,,Y,2,0,1,4,A,-,03,22350.0,,N,C,A,H,-,A,D,0,Y,,A,01,1,0,0,0,1,34.0135498046875,-117.8202896118164,LOS ANGELES,DIAMOND BAR,-117.82021331787108,34.01350021362305,1,Evening,1
2023,9550,2023-01-23,705,1,1,N,A,-,Y,H,,Y,4,0,1,3,A,-,07,21658.0,A,N,B,A,H,-,A,D,0,Y,,A,01,0,0,1,0,1,33.87620162963867,-118.16948699951172,LOS ANGELES,LONG BEACH,-118.16947174072266,33.876277923583984,0,Morning,0
2023,9590,2023-02-03,1935,5,2,N,A,-,Y,H,,N,4,0,1,2,A,-,07,21658.0,A,N,B,A,H,-,C,D,0,Y,,-,- ,0,0,1,0,1,34.057891845703125,-118.25402069091795,LOS ANGELES,LOS ANGELES,-118.25407409667967,34.05792999267578,0,Evening,0
2023,9530,2023-02-08,950,3,1,N,A,-,Y,H,,Y,4,0,1,2,A,-,03,22350.0,,N,C,A,H,-,A,D,0,Y,,C,02,0,0,1,0,1,33.859619140625,-118.29093933105467,LOS ANGELES,LOS ANGELES,-118.29093933105467,33.859622955322266,0,Morning,0
2023,9530,2023-02-09,607,4,1,N,A,-,Y,H,,Y,4,0,1,2,A,-,03,22350.0,,N,F,A,H,-,A,D,0,Y,,C,02,0,0,1,0,1,33.79671096801758,-118.10756683349608,LOS ANGELES,LONG BEACH,-118.10753631591795,33.79674530029297,0,Morning,0
2023,9550,2023-02-15,610,3,1,N,A,-,Y,H,,Y,4,0,1,2,A,-,03,22350.0,,N,C,A,H,-,A,D,0,Y,,C,02,0,0,1,0,1,33.87699890136719,-118.112060546875,LOS ANGELES,BELLFLOWER,-118.112060546875,33.877037048339844,0,Morning,0
2023,9575,2023-02-05,1858,7,2,N,A,-,Y,H,,N,3,0,1,2,A,-,03,22350.0,,N,C,A,H,-,D,D,0,Y,,C,02,0,1,0,0,1,34.20792007446289,-118.34417724609376,LOS ANGELES,LOS ANGELES,-118.34423065185548,34.20789337158203,1,Evening,0
2023,9580,2023-02-17,1055,5,1,N,A,-,Y,H,,N,3,0,1,2,A,-,07,21658.0,A,N,C,A,H,-,A,D,0,Y,,A,01,0,1,0,0,1,34.149261474609375,-118.46916198730467,LOS ANGELES,LOS ANGELES,-118.46923065185548,34.14928436279297,0,Morning,0
2023,9525,2023-02-13,1900,1,2,N,A,-,Y,H,,Y,3,0,1,2,A,-,07,21658.0,A,F,B,A,H,-,C,D,0,Y,,A,01,0,1,0,0,1,34.05841064453125,-117.78591918945312,LOS ANGELES,POMONA,-117.78601837158205,34.058345794677734,0,Evening,0
2023,9525,2023-02-12,1215,7,1,N,A,-,Y,H,,N,3,0,1,1,A,-,03,22350.0,,N,F,A,H,-,A,D,0,Y,,C,02,0,1,0,0,1,34.119510650634766,-117.7568588256836,LOS ANGELES,LA VERNE,-117.75686645507812,34.119468688964844,1,Midday,0
2023,9580,2023-02-20,1520,1,2,Y,A,-,N,,,Y,4,0,1,2,A,-,09,21802.0,A,N,D,A,H,-,A,A,0,Y,,A,07,0,0,1,0,1,34.07746887207031,-118.8777084350586,LOS ANGELES,UNINCORPORATED,-118.87767791748048,34.077430725097656,0,Midday,0
2023,9565,2023-02-13,1454,1,2,N,B,-,Y,,,Y,3,0,2,2,D,-,00,,,N,B,A,H,-,A,D,0,Y,,-,- ,0,1,1,0,1,33.966739654541016,-118.37010192871094,LOS ANGELES,INGLEWOOD,-118.37010192871094,33.966739654541016,0,Midday,0
2023,9530,2023-02-10,930,5,1,N,A,-,Y,H,,N,2,0,1,3,A,-,03,22350.0,,N,C,A,H,-,A,D,0,Y,,O,05,1,0,0,0,1,33.891448974609375,-118.36196899414062,LOS ANGELES,REDONDO BEACH,-118.3619384765625,33.891483306884766,0,Morning,1
2023,9590,2023-02-08,1500,3,2,N,A,-,Y,H,,N,4,0,1,2,A,-,07,21658.0,A,N,B,A,H,-,A,D,0,Y,,A,01,0,0,1,0,1,34.123050689697266,-118.27237701416016,LOS ANGELES,LOS ANGELES,-118.2724151611328,34.12303924560547,0,Midday,0
2023,9580,2023-02-18,1305,6,1,N,A,-,Y,H,,N,4,0,1,3,A,-,03,22350.0,,N,C,A,H,-,A,D,0,Y,,C,02,0,0,1,0,0,34.16508865356445,-118.48800659179688,LOS ANGELES,LOS ANGELES,-118.4880142211914,34.16512680053711,1,Midday,0
2023,9575,2023-02-10,1602,5,2,N,A,-,Y,H,,N,2,0,1,1,A,-,08,22107.0,,N,E,A,H,-,A,D,0,Y,,C,02,1,0,0,0,1,34.253990173339844,-118.19837951660156,LOS ANGELES,UNINCORPORATED,-118.1983642578125,34.2540397644043,0,Evening,1
2023,9580,2023-02-19,1240,7,1,N,A,-,Y,H,,N,3,0,1,1,A,-,03,22350.0,,N,F,A,H,-,A,D,0,Y,,C,02,0,1,0,0,1,34.16566848754883,-118.4929428100586,LOS ANGELES,LOS ANGELES,-118.49292755126952,34.16569519042969,1,Midday,0
2023,9545,2023-01-16,100,1,3,N,A,-,Y,,,N,4,0,1,1,A,-,08,22107.0,,N,F,A,H,-,C,D,0,Y,,C,02,0,0,1,0,1,34.66012954711914,-118.15461730957033,LOS ANGELES,LANCASTER,-118.15461730957033,34.66012954711914,0,Night,0
2023,9550,2023-02-15,733,3,1,N,A,-,Y,H,,N,3,0,1,2,A,-,08,22107.0,,N,B,A,H,-,A,D,0,Y,,A,07,0,1,0,0,1,33.952880859375,-118.09015655517578,LOS ANGELES,SANTA FE SPRINGS,-118.09023284912108,33.95290756225586,0,Morning,0
2023,9590,2023-02-14,1755,2,2,N,A,-,Y,H,,N,4,0,1,2,A,-,07,21658.0,A,F,B,A,H,-,C,D,0,Y,,-,99,0,0,1,0,1,34.035308837890625,-118.26860809326172,LOS ANGELES,LOS ANGELES,-118.2686004638672,34.03531646728516,0,Evening,0