ACCIDENT_YEAR,JURIS,COLLISION_DATE,COLLISION_TIME,DAY_OF_WEEK,CHP_SHIFT,INTERSECTION,WEATHER_1,WEATHER_2,STATE_HWY_IND,LOCATION_TYPE,RAMP_INTERSECTION,TOW_AWAY,COLLISION_SEVERITY,NUMBER_KILLED,NUMBER_INJURED,PARTY_COUNT,PRIMARY_COLL_FACTOR,PCF_CODE_OF_VIOL,PCF_VIOL_CATEGORY,PCF_VIOLATION,PCF_VIOL_SUBSECTION,HIT_AND_RUN,TYPE_OF_COLLISION,ROAD_SURFACE,ROAD_COND_1,ROAD_COND_2,LIGHTING,CONTROL_DEVICE,CHP_ROAD_TYPE,MOTORCYCLE_ACCIDENT,ALCOHOL_INVOLVED,STWD_VEHTYPE_AT_FAULT,CHP_VEHTYPE_AT_FAULT,COUNT_SEVERE_INJ,COUNT_VISIBLE_INJ,COUNT_COMPLAINT_PAIN,COUNT_MC_KILLED,COUNT_MC_INJURED,LATITUDE,LONGITUDE,COUNTY,CITY,POINT_X,POINT_Y,IS_WEEKEND,TIME_OF_DAY,SEVERE_FATAL
2023,9590,2023-08-01,1600,2,2,N,A,-,Y,H,,N,3,0,1,1,A,-,08,22107.0,,N,F,A,H,-,A,D,0,Y,,C,02,0,1,0,0,1,34.0369987487793,-118.271240234375,LOS ANGELES,LOS ANGELES,-118.27117156982422,34.03708267211914,0,Evening,0
2023,9575,2023-08-04,1125,5,1,N,A,-,Y,H,,N,2,0,1,4,A,-,03,22350.0,,N,C,A,H,-,A,D,0,Y,,D,22,1,0,0,0,1,34.25785827636719,-118.4360122680664,LOS ANGELES,LOS ANGELES,-118.43609619140624,34.25779724121094,0,Midday,1
2023,9535,2023-08-05,1850,6,2,N,A,-,Y,H,,N,2,0,1,1,A,-,03,22350.0,,N,E,A,H,-,A,D,0,Y,,C,02,1,0,0,0,1,34.0318717956543,-118.1833267211914,LOS ANGELES,UNINCORPORATED,-118.18344116210938,34.03212356567383,1,Evening,1
2023,9535,2023-08-05,1703,6,2,N,A,-,Y,H,,N,3,0,1,2,D,-,00,,,N,C,A,H,-,A,D,0,Y,,-,- ,0,1,0,0,1,33.98115921020508,-118.13025665283205,LOS ANGELES,COMMERCE,-118.13027191162108,33.98114776611328,1,Evening,0
2023,9535,2023-08-05,1215,6,1,N,A,-,Y,H,,Y,3,0,1,3,A,-,03,22350.0,,N,B,A,H,-,A,D,0,Y,,C,02,0,1,0,0,1,34.004398345947266,-118.1531219482422,LOS ANGELES,COMMERCE,-118.15316772460938,34.00436019897461,1,Midday,0
2023,9565,2023-08-06,1410,7,2,N,A,-,Y,H,,Y,3,0,1,2,A,-,03,22350.0,,N,C,A,H,-,A,D,0,Y,,C,02,0,1,0,0,1,33.9645881652832,-118.37023162841795,LOS ANGELES,INGLEWOOD,-118.37012481689452,33.96461486816406,1,Midday,0
2023,9565,2023-08-07,1418,1,2,N,A,-,Y,H,,Y,2,0,2,2,A,-,03,22350.0,,N,C,A,H,-,A,D,0,Y,,A,01,1,0,1,0,2,34.01686096191406,-118.48300170898438,LOS ANGELES,SANTA MONICA,-118.48294067382812,34.01680374145508,0,Midday,1
2023,9590,2023-08-08,735,2,1,N,A,-,Y,H,,N,3,0,1,3,A,-,03,22350.0,,N,B,A,H,-,A,D,0,Y,,C,02,0,1,0,0,1,34.036968231201165,-118.29798889160156,LOS ANGELES,LOS ANGELES,-118.29798889160156,34.03693771362305,0,Morning,0
2023,9535,2023-08-03,645,4,1,N,A,-,Y,H,,Y,3,0,1,2,A,-,08,22107.0,,N,B,A,H,-,A,D,0,Y,,A,01,0,1,0,0,1,34.03327941894531,-118.12222290039062,LOS ANGELES,MONTEBELLO,-118.12222290039062,34.03334426879883,0,Morning,0
2023,9575,2023-08-07,2225,1,3,N,A,-,N,,,N,3,0,1,1,A,-,01,23152.0,A,N,F,A,H,-,C,A,0,Y,Y,C,02,0,1,0,0,1,34.19792938232422,-118.13111114501952,LOS ANGELES,UNINCORPORATED,-118.13099670410156,34.19791412353516,0,Night,0
2023,9590,2023-08-07,2050,1,2,N,A,-,Y,H,,N,3,0,1,2,A,-,08,22107.0,,N,B,A,H,-,C,D,0,Y,,D,22,0,1,0,0,1,34.054351806640625,-118.21038055419922,LOS ANGELES,LOS ANGELES,-118.21037292480467,34.05436325073242,0,Night,0
2023,9530,2023-08-13,1630,7,2,N,A,-,N,,,N,3,0,1,1,A,-,03,22350.0,,N,F,A,H,-,A,D,0,Y,,C,02,0,1,0,0,1,33.82442092895508,-118.29235076904295,LOS ANGELES,UNINCORPORATED,-118.292236328125,33.8244514465332,1,Evening,0
2023,9535,2023-08-05,1612,6,2,N,A,-,Y,H,,N,3,0,1,2,A,-,03,22350.0,,N,C,A,H,-,A,D,0,Y,,C,02,0,1,0,0,1,34.05802917480469,-118.17858123779295,LOS ANGELES,UNINCORPORATED,-118.17863464355467,34.0581169128418,1,Evening,0
2023,9550,2023-08-09,2050,3,2,N,A,-,Y,H,,Y,2,0,1,2,A,-,07,21658.0,A,N,B,A,H,-,C,D,0,Y,,-,- ,1,0,0,0,1,33.949951171875,-118.10263061523438,LOS ANGELES,DOWNEY,-118.10256958007812,33.94997787475586,0,Night,1
2023,9530,2023-08-10,2240,4,3,N,A,-,Y,H,,N,2,0,1,2,A,-,03,22350.0,,F,C,A,H,-,C,D,0,Y,,-,99,1,0,0,0,1,33.79764175415039,-118.10890197753906,LOS ANGELES,LONG BEACH,-118.10897064208984,33.79757308959961,0,Night,1
2023,9525,2023-08-12,2202,6,3,N,A,-,Y,H,,Y,2,0,1,2,A,-,07,21658.0,A,F,B,A,H,-,D,D,0,Y,,A,01,1,0,0,0,1,34.02602005004883,-117.7790298461914,LOS ANGELES,DIAMOND BAR,-117.7790298461914,34.02595138549805,1,Night,1
2023,9590,2023-08-08,750,2,1,N,A,-,Y,H,,N,4,0,1,2,A,-,07,21658.0,A,N,C,A,H,-,A,D,0,Y,,A,01,0,0,1,0,1,34.070438385009766,-118.26316833496094,LOS ANGELES,LOS ANGELES,-118.26315307617188,34.07047653198242,0,Morning,0
2023,9580,2023-08-11,135,5,3,N,A,-,Y,H,,N,3,0,1,1,A,-,00,22017.0,,N,E,A,H,-,D,D,0,Y,,C,02,0,1,0,0,1,34.153911590576165,-118.37879943847656,LOS ANGELES,LOS ANGELES,-118.37881469726562,34.15388107299805,0,Night,0
2023,9535,2023-08-08,1655,2,2,N,A,-,Y,H,,Y,3,0,1,2,A,-,07,21658.0,A,N,B,A,H,-,A,D,0,Y,,A,01,0,1,0,0,1,34.03308868408203,-118.13065338134766,LOS ANGELES,MONTEBELLO,-118.13065338134766,34.03302764892578,0,Evening,0
2023,9565,2023-08-08,1349,2,1,N,A,-,Y,H,,N,4,0,1,2,A,-,07,21658.0,A,N,C,A,H,-,A,D,0,Y,,D,22,0,0,1,0,1,33.92816162109375,-118.34175872802734,LOS ANGELES,HAWTHORNE,-118.34169006347656,33.92823028564453,0,Midday,0
2023,9525,2023-08-13,945,7,1,N,A,-,N,,,Y,4,0,1,2,A,-,03,22350.0,,N,A,A,H,-,A,D,0,Y,,C,02,0,0,1,0,1,34.16347122192383,-117.84056091308594,LOS ANGELES,UNINCORPORATED,-117.83994293212892,34.16480255126953,1,Morning,0
2023,9565,2023-08-09,1425,3,2,N,A,-,Y,H,,N,2,0,1,3,A,-,07,21658.0,A,F,B,A,H,-,A,D,0,Y,,-,99,1,0,0,0,1,33.93077850341797,-118.34530639648438,LOS ANGELES,HAWTHORNE,-118.34532928466795,33.930755615234375,0,Midday,1
2023,9545,2023-08-13,1650,7,2,N,A,-,Y,H,,Y,3,0,1,1,A,-,01,23152.0,A,N,E,A,H,-,A,D,0,Y,Y,C,02,0,1,0,0,1,34.4863395690918,-118.14306640625,LOS ANGELES,UNINCORPORATED,-118.14299774169922,34.48613357543945,1,Evening,0
2023,9580,2023-08-13,1350,7,1,N,A,-,N,,,N,2,0,1,1,A,-,08,22107.0,,N,E,A,H,-,A,D,0,Y,,C,02,1,0,0,0,1,34.106231689453125,-118.80615997314452,LOS ANGELES,UNINCORPORATED,-118.8064193725586,34.106201171875,1,Midday,1
2023,9565,2023-08-03,2034,4,2,N,A,-,Y,H,,Y,2,0,1,2,C,-,18,,,N,C,A,A,-,C,D,0,Y,,-,- ,1,0,0,0,1,33.98310089111328,-118.39543151855467,LOS ANGELES,LOS ANGELES,-118.39534759521484,33.9831428527832,0,Night,1
2023,9565,2023-08-10,1656,4,2,N,A,-,Y,H,,Y,3,0,1,2,A,-,07,21658.0,A,N,B,A,H,-,A,D,0,Y,,A,01,0,1,0,0,1,34.04582977294922,-118.44561004638672,LOS ANGELES,LOS ANGELES,-118.44557189941406,34.045852661132805,0,Evening,0
2023,9545,2023-08-14,1820,1,2,N,A,-,N,,,N,2,0,1,2,A,-,06,21750.0,A,N,C,A,H,-,A,D,0,Y,,C,06,1,0,0,0,1,34.55009841918945,-117.94341278076172,LOS ANGELES,UNINCORPORATED,-117.9406280517578,34.55010986328125,0,Evening,1
2023,9590,2023-08-07,637,1,1,N,A,-,Y,H,,N,3,0,1,2,A,-,03,22350.0,,N,F,A,H,-,A,D,0,Y,,O,05,0,1,0,0,1,33.96739959716797,-118.28069305419922,LOS ANGELES,LOS ANGELES,-118.28073120117188,33.96739959716797,0,Morning,0
2023,9530,2023-08-14,445,1,3,N,A,-,Y,H,,Y,3,0,1,2,A,-,07,21658.0,A,N,C,A,H,-,D,D,0,Y,,A,01,0,1,0,0,1,33.873348236083984,-118.1989974975586,LOS ANGELES,LONG BEACH,-118.19896697998048,33.87326431274414,0,Night,0
2023,9540,2023-07-30,1710,7,2,N,A,-,Y,H,,Y,2,0,1,2,A,-,03,22350.0,,N,C,A,H,-,A,B,0,Y,,C,02,1,0,0,0,1,34.60934066772461,-118.71267700195312,LOS ANGELES,UNINCORPORATED,-118.7126007080078,34.60934066772461,1,Evening,1
2023,9525,2023-08-05,1018,6,1,Y,A,-,Y,,,Y,2,0,1,2,A,-,07,21658.0,A,N,C,A,H,-,A,D,0,Y,,C,02,1,0,0,0,1,34.065731048583984,-117.99829864501952,LOS ANGELES,BALDWIN PARK,-118.0002670288086,34.065208435058594,1,Morning,1
2023,9590,2023-08-08,430,2,3,N,A,-,Y,H,,N,2,0,1,3,A,-,08,22107.0,,N,F,A,H,-,C,D,0,Y,,C,02,1,0,0,0,1,34.029300689697266,-118.25544738769533,LOS ANGELES,LOS ANGELES,-118.25540924072266,34.02935791015625,0,Night,1
2023,9565,2023-08-10,1745,4,2,N,A,-,Y,H,,N,4,0,1,3,A,-,08,22107.0,,F,B,A,H,-,A,D,0,Y,,-,99,0,0,1,0,1,34.01858139038086,-118.42330932617188,LOS ANGELES,LOS ANGELES,-118.42335510253906,34.0185546875,0,Evening,0
2023,9590,2023-08-11,1245,5,1,N,A,-,Y,H,,N,3,0,1,2,A,-,07,21658.0,A,F,B,A,H,-,A,D,0,Y,,-,99,0,1,0,0,1,34.02640914916992,-118.25023651123048,LOS ANGELES,LOS ANGELES,-118.25028228759766,34.0263557434082,0,Midday,0
2023,9535,2023-08-10,1735,4,2,N,A,-,Y,H,,N,2,0,1,2,A,-,07,21658.0,A,N,B,A,H,-,A,D,0,Y,,A,01,1,0,0,0,1,34.06140899658203,-118.16678619384766,LOS ANGELES,UNINCORPORATED,-118.16682434082033,34.06122589111328,0,Evening,1
2023,9575,2023-08-16,1606,3,2,N,A,-,Y,H,,Y,3,0,1,2,A,-,07,21658.0,A,N,B,A,H,-,A,D,0,Y,,A,07,0,1,0,0,1,34.15224838256836,-118.28289794921876,LOS ANGELES,LOS ANGELES,-118.28289031982422,34.152183532714844,0,Evening,0
2023,9535,2023-08-05,1940,6,2,N,A,-,Y,H,,Y,2,0,2,4,A,-,07,21658.0,A,N,C,A,H,-,A,D,0,Y,,A,01,2,0,0,0,2,33.98598861694336,-118.13552856445312,LOS ANGELES,COMMERCE,-118.13549041748048,33.98603439331055,1,Evening,1
2023,9535,2023-08-11,2030,5,2,N,A,-,Y,,,Y,3,0,1,1,A,-,03,22350.0,,N,E,A,H,-,C,D,0,Y,,C,02,0,1,0,0,1,34.06624984741211,-117.99945831298828,LOS ANGELES,BALDWIN PARK,-117.99945831298828,34.06624984741211,0,Night,0
2023,9530,2023-08-14,1630,1,2,N,A,-,Y,H,,Y,2,0,1,2,A,-,03,22350.0,,N,C,A,H,-,A,D,0,Y,,C,02,1,0,0,0,1,33.87361145019531,-118.25753021240234,LOS ANGELES,CARSON,-118.25753021240234,33.8735466003418,0,Evening,1
2023,9530,2023-07-19,1620,3,2,N,A,-,Y,H,,N,4,0,1,2,A,-,08,22107.0,,F,B,A,H,-,A,D,0,Y,,-,99,0,0,1,0,1,33.85057067871094,-118.28502655029295,LOS ANGELES,UNINCORPORATED,-118.28507232666016,33.85057067871094,0,Evening,0
2023,9575,2023-08-14,1440,1,2,N,A,-,Y,,,N,4,0,1,2,A,-,08,22107.0,,N,C,A,H,-,A,A,0,Y,,A,01,0,0,1,0,1,34.229949951171875,-118.40135955810548,LOS ANGELES,LOS ANGELES,-118.40135955810548,34.229949951171875,0,Midday,0
2023,9565,2023-08-12,1534,6,2,N,A,-,Y,H,,Y,4,0,1,2,A,-,07,21658.0,A,F,B,A,H,-,A,D,0,Y,,A,07,0,0,1,0,1,34.05971145629883,-118.45542907714844,LOS ANGELES,LOS ANGELES,-118.45545196533205,34.05970001220703,1,Midday,0
2023,9535,2023-08-12,1605,6,2,N,A,-,Y,H,,Y,3,0,1,2,A,-,07,21658.0,A,N,C,A,H,-,A,D,0,Y,,A,01,0,1,0,0,1,33.91122055053711,-118.1731414794922,LOS ANGELES,LYNWOOD,-118.17313385009766,33.91130065917969,1,Evening,0
2023,9525,2023-04-28,950,5,1,N,A,-,Y,H,,Y,1,1,2,4,A,-,07,21658.0,A,N,B,A,H,-,A,D,0,Y,,G,25,0,0,2,1,0,34.02457046508789,-117.75547027587892,LOS ANGELES,POMONA,-117.75547790527344,34.024559020996094,0,Morning,1
2023,9590,2023-08-22,1610,2,2,N,A,-,Y,H,,N,3,0,1,2,A,-,07,21658.0,A,N,B,A,H,-,A,D,0,Y,,A,07,0,1,0,0,1,34.00878143310547,-118.28121185302734,LOS ANGELES,LOS ANGELES,-118.28112030029295,34.00878143310547,0,Evening,0
2023,9550,2023-08-15,820,2,1,N,A,-,N,,,N,3,0,1,2,A,-,09,21801.0,A,N,D,A,H,-,A,D,0,Y,,A,07,0,1,0,0,1,34.011749267578125,-117.96607971191406,LOS ANGELES,UNINCORPORATED,-117.96613311767578,34.01179504394531,0,Morning,0
2023,9565,2023-08-15,1905,2,2,N,A,-,Y,H,,N,2,0,1,2,A,-,08,22107.0,,F,B,A,H,-,A,D,0,Y,,-,99,1,0,0,0,1,33.96434020996094,-118.37017822265624,LOS ANGELES,INGLEWOOD,-118.37004089355467,33.96437072753906,0,Evening,1
2023,9590,2023-08-18,825,5,1,N,A,-,Y,H,,N,4,0,1,2,A,-,07,21658.0,A,N,C,A,H,-,A,D,0,Y,,D,22,0,0,1,0,1,34.035640716552734,-118.37110137939452,LOS ANGELES,LOS ANGELES,-118.37108612060548,34.03569412231445,0,Morning,0
2023,9590,2023-08-22,739,2,1,N,A,-,Y,H,,N,4,0,1,2,A,-,07,21658.0,A,N,C,A,H,-,A,D,0,Y,,A,07,0,0,1,0,1,34.07106018066406,-118.26466369628906,LOS ANGELES,LOS ANGELES,-118.26463317871094,34.07110595703125,0,Morning,0
2023,9590,2023-08-24,652,4,1,N,A,-,Y,H,,N,4,0,1,2,A,-,03,22350.0,,N,C,A,H,-,A,D,0,Y,,C,02,0,0,1,0,1,34.00973892211914,-118.28099822998048,LOS ANGELES,LOS ANGELES,-118.28093719482422,34.00973892211914,0,Morning,0
2023,9575,2023-08-18,1745,5,2,N,A,-,Y,H,,Y,3,0,1,2,A,-,03,22350.0,,N,C,A,H,-,A,D,0,Y,,C,02,0,1,0,0,1,34.201881408691406,-118.1897430419922,LOS ANGELES,LA CANADA-FLINTRIDGE,-118.18976593017578,34.20185470581055,0,Evening,0
2023,9530,2023-08-15,719,2,1,N,A,-,Y,H,,Y,3,0,1,1,A,-,08,22107.0,,F,E,A,H,-,A,D,0,Y,,C,02,0,1,0,0,1,33.86397933959961,-118.28531646728516,LOS ANGELES,LOS ANGELES,-118.28514862060548,33.863967895507805,0,Morning,0
2023,9545,2023-08-17,1358,4,1,N,A,-,Y,H,,Y,2,0,1,1,A,-,03,22350.0,,N,E,A,H,-,A,D,0,Y,,C,02,1,0,0,0,1,34.49325942993164,-118.17350769042967,LOS ANGELES,UNINCORPORATED,-118.17351531982422,34.49315643310547,0,Midday,1
2023,9565,2023-08-16,1240,3,1,N,B,-,N,,,N,4,0,1,2,A,-,07,21658.0,A,N,B,A,H,-,A,D,0,Y,,A,07,0,0,1,0,1,34.05403137207031,-118.45671081542967,LOS ANGELES,UNINCORPORATED,-118.45562744140624,34.05445861816406,0,Midday,0
2023,9550,2023-08-16,1820,3,2,N,A,-,Y,H,,Y,4,0,1,3,A,-,08,22107.0,,N,B,A,H,-,A,D,0,Y,,A,01,0,0,1,0,1,33.930931091308594,-118.10192108154295,LOS ANGELES,DOWNEY,-118.10179901123048,33.930885314941406,0,Evening,0
2023,9565,2023-08-16,1930,3,2,N,A,-,Y,H,,Y,3,0,1,4,A,-,07,21658.0,A,N,B,A,H,-,A,D,0,Y,,A,01,0,1,0,0,1,34.02946853637695,-118.44448852539062,LOS ANGELES,LOS ANGELES,-118.44446563720705,34.0294075012207,0,Evening,0
2023,9550,2023-08-17,1635,4,2,N,A,-,Y,H,,N,3,0,1,3,A,-,08,22107.0,,F,B,A,H,-,A,D,0,Y,,-,99,0,1,0,0,1,33.919158935546875,-118.10423278808594,LOS ANGELES,NORWALK,-118.10448455810548,33.919166564941406,0,Evening,0
2023,9580,2023-08-16,945,3,1,N,A,-,Y,H,,Y,2,0,1,3,A,-,03,22350.0,,F,C,A,H,-,A,D,0,Y,,C,02,1,0,0,0,1,34.16524887084961,-118.48345947265624,LOS ANGELES,LOS ANGELES,-118.48345947265624,34.16518783569336,0,Morning,1
2023,9535,2023-08-17,1845,4,2,N,A,-,Y,H,,Y,4,0,1,2,A,-,07,21658.0,A,F,B,A,H,-,A,D,0,Y,,-,99,0,0,1,0,1,34.06135177612305,-118.16397857666016,LOS ANGELES,ALHAMBRA,-118.16396331787108,34.06130599975586,0,Evening,0
2023,9550,2023-08-15,220,2,3,N,A,-,Y,H,,Y,3,0,1,1,A,-,08,22107.0,,N,E,A,H,-,D,D,0,Y,,C,02,0,1,0,0,1,33.87657928466797,-118.09425354003906,LOS ANGELES,CERRITOS,-118.09425354003906,33.876461029052734,0,Night,0
2023,9525,2023-08-11,2020,5,2,N,A,-,Y,H,,N,2,0,1,1,A,-,03,22350.0,,N,E,A,H,-,B,D,0,Y,,C,02,1,0,0,0,1,34.302730560302734,-117.84642791748048,LOS ANGELES,UNINCORPORATED,-117.84639739990234,34.302734375,0,Night,1
2023,9525,2023-08-24,543,4,3,N,A,-,Y,H,,N,4,0,1,2,A,-,07,21658.0,A,N,C,A,H,-,B,D,0,Y,,A,07,0,0,1,0,1,34.070831298828125,-117.95646667480467,LOS ANGELES,BALDWIN PARK,-117.95647430419922,34.07086563110352,0,Morning,0
2023,9565,2023-06-29,1730,4,2,N,A,-,Y,H,,Y,3,0,1,2,A,-,08,22107.0,,N,B,A,H,-,A,D,0,Y,,C,02,0,1,0,0,1,34.09627151489258,-118.47692108154295,LOS ANGELES,LOS ANGELES,-118.47697448730467,34.09624481201172,0,Evening,0
2023,9530,2023-08-17,1903,4,2,N,A,-,Y,H,,Y,2,0,1,2,A,-,03,22350.0,,N,C,A,H,-,B,D,0,Y,,C,02,1,0,0,0,1,33.87355041503906,-118.25872802734376,LOS ANGELES,CARSON,-118.25872802734376,33.873512268066406,0,Evening,1
2023,9530,2023-08-23,1535,3,2,N,A,-,N,,,N,4,0,1,2,A,-,07,21658.0,A,N,C,A,H,-,A,D,0,Y,,C,02,0,0,1,0,1,33.80990982055664,-118.28986358642578,LOS ANGELES,UNINCORPORATED,-118.29002380371094,33.809940338134766,0,Midday,0
2023,9550,2023-08-23,1646,3,2,N,A,-,Y,H,,N,3,0,1,1,A,-,08,22107.0,,N,F,A,H,-,A,D,0,Y,,C,02,0,1,0,0,1,33.87648010253906,-118.09050750732422,LOS ANGELES,CERRITOS,-118.09050750732422,33.87646484375,0,Evening,0
2023,9550,2023-08-22,1820,2,2,N,A,-,Y,H,,Y,4,0,1,2,A,-,08,22107.0,,N,C,A,H,-,A,D,0,Y,,A,01,0,0,1,0,1,33.913631439208984,-118.11760711669922,LOS ANGELES,UNINCORPORATED,-118.11760711669922,33.91357421875,0,Evening,0
2023,9535,2023-08-20,940,7,1,N,A,-,Y,H,,N,4,0,1,2,A,-,07,21658.0,A,M,B,A,H,-,A,D,0,Y,,C,02,0,0,1,0,0,34.02021026611328,-118.18531799316406,LOS ANGELES,UNINCORPORATED,-118.18531799316406,34.02024459838867,1,Morning,0
2023,9565,2023-08-15,1725,2,2,N,A,-,Y,H,,Y,4,0,1,2,A,-,07,21658.0,A,N,C,A,H,-,A,D,0,Y,,A,07,0,0,1,0,1,33.93326950073242,-118.35633850097656,LOS ANGELES,UNINCORPORATED,-118.3563232421875,33.93321228027344,0,Evening,0
2023,9565,2023-06-22,1715,4,2,N,A,-,Y,H,,N,3,0,1,2,A,-,03,22350.0,,N,C,A,H,-,A,D,0,Y,,C,02,0,1,0,0,1,33.925628662109375,-118.30857849121094,LOS ANGELES,UNINCORPORATED,-118.30855560302734,33.92552947998047,0,Evening,0
2023,9580,2023-08-29,1730,2,2,N,A,-,N,,,Y,3,0,1,1,A,-,08,22107.0,,N,E,A,H,-,A,D,0,Y,,C,02,0,1,0,0,1,34.124778747558594,-118.6336669921875,LOS ANGELES,UNINCORPORATED,-118.63350677490234,34.12474060058594,0,Evening,0
2023,9580,2023-08-26,1815,6,2,N,A,-,Y,H,,Y,4,0,1,1,C,-,18,,,N,H,A,H,-,A,D,0,Y,,-,- ,0,0,1,0,1,34.26617813110352,-118.46160125732422,LOS ANGELES,LOS ANGELES,-118.46160125732422,34.266021728515625,1,Evening,0
2023,9540,2023-08-23,645,3,1,N,A,-,Y,H,,Y,3,0,1,3,A,-,07,21658.0,A,N,C,A,H,-,A,D,0,Y,,A,07,0,1,0,0,1,34.40214920043945,-118.45587921142578,LOS ANGELES,SANTA CLARITA,-118.45589447021484,34.40216827392578,0,Morning,0
2023,9540,2023-08-23,650,3,1,N,A,-,Y,H,,Y,3,0,1,2,A,-,08,22107.0,,N,B,A,H,-,A,D,0,Y,,D,22,0,1,0,0,1,34.466880798339844,-118.32626342773438,LOS ANGELES,UNINCORPORATED,-118.32626342773438,34.4669075012207,0,Morning,0
2023,9550,2023-08-26,1245,6,1,N,A,-,N,,,N,3,0,1,1,A,-,08,22107.0,,N,F,A,H,-,A,D,0,Y,,C,03,0,1,0,0,1,33.99600982666016,-117.93949127197266,LOS ANGELES,UNINCORPORATED,-117.9394302368164,33.99604034423828,1,Midday,0
2023,9580,2023-09-01,910,5,1,N,A,-,Y,,,N,4,0,1,2,A,-,07,21658.0,A,N,C,A,H,-,A,D,0,Y,,A,01,0,0,1,0,1,34.14981842041016,-118.46600341796876,LOS ANGELES,LOS ANGELES,-118.46820831298828,34.153961181640625,0,Morning,0
2023,9530,2023-08-27,1840,7,2,N,A,-,Y,H,,N,3,0,1,3,A,-,03,22350.0,,N,B,A,H,-,A,D,0,Y,,C,02,0,1,0,0,1,33.86323928833008,-118.32187652587892,LOS ANGELES,TORRANCE,-118.32185363769533,33.86330032348633,1,Evening,0
2023,9525,2023-08-22,1835,2,2,N,A,-,Y,H,,Y,4,0,1,1,A,-,03,22350.0,,N,F,A,H,-,B,D,0,Y,,C,02,0,0,1,0,1,34.06404113769531,-117.80625152587892,LOS ANGELES,POMONA,-117.80629730224608,34.06402969360352,0,Evening,0
2023,9590,2023-08-15,810,2,1,N,A,-,Y,H,,N,3,0,1,3,A,-,07,21658.0,A,M,F,A,H,-,A,D,0,Y,,A,07,0,1,0,0,1,34.01395034790039,-118.2807388305664,LOS ANGELES,LOS ANGELES,-118.2808837890625,34.01395034790039,0,Morning,0
2023,9550,2023-04-21,1550,5,2,N,A,-,Y,H,,N,3,0,1,3,A,-,08,22107.0,,F,C,A,H,-,A,D,0,Y,,A,01,0,1,0,0,1,33.9945182800293,-117.88175201416016,LOS ANGELES,UNINCORPORATED,-117.88173675537108,33.99444580078125,0,Midday,0
2023,9545,2023-08-26,1730,6,2,Y,A,-,N,,,Y,4,0,1,2,A,-,03,22350.0,,N,C,A,H,-,A,D,0,Y,,C,02,0,0,1,0,1,34.54248046875,-117.83558654785156,LOS ANGELES,UNINCORPORATED,-117.83559417724608,34.542449951171875,1,Evening,0
2023,9525,2023-08-29,1900,2,2,N,A,-,N,,,Y,3,0,1,1,A,-,03,22350.0,,N,F,A,H,-,B,D,0,Y,,C,02,0,1,0,0,1,34.26198959350586,-117.8502197265625,LOS ANGELES,UNINCORPORATED,-117.85021209716795,34.26203155517578,0,Evening,0
2023,9525,2023-08-25,116,5,3,N,A,-,Y,,,Y,3,0,1,1,A,-,03,22350.0,,N,E,A,H,-,C,D,0,Y,,C,02,0,1,0,0,1,34.09867858886719,-117.81797027587892,LOS ANGELES,SAN DIMAS,-117.81797027587892,34.09867858886719,0,Night,0
2023,9530,2023-09-03,2150,7,2,Y,A,-,N,,,Y,2,0,1,2,A,-,01,23152.0,A,N,D,A,H,-,C,A,0,Y,Y,A,07,1,0,0,0,1,33.92121887207031,-118.23377227783205,LOS ANGELES,UNINCORPORATED,-118.23460388183594,33.92169189453125,1,Night,1
2023,9535,2023-08-23,1439,3,2,N,A,-,Y,H,,Y,2,0,1,2,A,-,08,22107.0,,N,B,A,H,-,A,D,0,Y,,A,01,1,0,0,0,1,34.07217025756836,-118.08831024169922,LOS ANGELES,ROSEMEAD,-118.08831024169922,34.072219848632805,0,Midday,1
2023,9590,2023-08-24,1720,4,2,N,A,-,Y,H,,N,3,0,1,3,A,-,08,22107.0,,N,B,A,H,-,A,D,0,Y,,C,02,0,1,0,0,1,34.09463119506836,-118.24308013916016,LOS ANGELES,LOS ANGELES,-118.2431182861328,34.094600677490234,0,Evening,0
2023,9525,2023-09-02,1700,6,2,N,A,-,Y,H,,N,4,0,1,2,A,-,08,22107.0,,N,B,A,H,-,A,D,0,Y,,C,02,0,0,1,0,1,33.98788833618164,-117.84284210205078,LOS ANGELES,DIAMOND BAR,-117.8428192138672,33.98788833618164,1,Evening,0
2023,9525,2023-09-04,1230,1,1,N,A,-,Y,H,,Y,4,0,1,1,A,-,03,22350.0,,N,F,A,H,-,A,D,0,Y,,C,02,0,0,1,0,1,34.29108047485352,-117.83827972412108,LOS ANGELES,UNINCORPORATED,-117.83831024169922,34.29106140136719,0,Midday,0
2023,9530,2023-08-29,848,2,1,N,A,-,N,,,N,3,0,1,2,A,-,09,21800.0,A,N,B,A,H,-,A,A,0,Y,,A,07,0,1,0,0,1,33.79772186279297,-118.29058837890624,LOS ANGELES,UNINCORPORATED,-118.29083251953124,33.797828674316406,0,Morning,0