ACCIDENT_YEAR,JURIS,COLLISION_DATE,COLLISION_TIME,DAY_OF_WEEK,CHP_SHIFT,INTERSECTION,WEATHER_1,WEATHER_2,STATE_HWY_IND,LOCATION_TYPE,RAMP_INTERSECTION,TOW_AWAY,COLLISION_SEVERITY,NUMBER_KILLED,NUMBER_INJURED,PARTY_COUNT,PRIMARY_COLL_FACTOR,PCF_CODE_OF_VIOL,PCF_VIOL_CATEGORY,PCF_VIOLATION,PCF_VIOL_SUBSECTION,HIT_AND_RUN,TYPE_OF_COLLISION,ROAD_SURFACE,ROAD_COND_1,ROAD_COND_2,LIGHTING,CONTROL_DEVICE,CHP_ROAD_TYPE,MOTORCYCLE_ACCIDENT,ALCOHOL_INVOLVED,STWD_VEHTYPE_AT_FAULT,CHP_VEHTYPE_AT_FAULT,COUNT_SEVERE_INJ,COUNT_VISIBLE_INJ,COUNT_COMPLAINT_PAIN,COUNT_MC_KILLED,COUNT_MC_INJURED,LATITUDE,LONGITUDE,COUNTY,CITY,POINT_X,POINT_Y,IS_WEEKEND,TIME_OF_DAY,SEVERE_FATAL
2023,1942,2023-03-25,45,6,5,Y,A,-,N,,,Y,3,0,1,3,A,-,12,21453.0,A,N,D,A,H,-,C,A,0,Y,,C,02,0,1,0,0,1,,,LOS ANGELES,LOS ANGELES,-118.27830505371094,33.98237228393555,1,Night,0
2023,1942,2023-02-11,2005,6,5,N,A,-,N,,,Y,2,0,1,2,A,-,03,22350.0,,N,C,A,H,-,C,A,0,Y,,C,02,1,0,0,0,1,,,LOS ANGELES,LOS ANGELES,-118.5362548828125,34.03606414794922,1,Night,1
2023,1900,2023-03-14,1100,2,5,N,C,-,N,,,Y,3,0,1,2,A,-,09,21804.0,A,N,D,B,H,-,A,D,0,Y,,A,01,0,1,0,0,1,34.03678131103516,-117.94273376464844,LOS ANGELES,LA PUENTE,-117.9438934326172,34.036678314208984,0,Midday,0
2023,1900,2023-04-07,1151,5,5,N,A,-,N,,,Y,3,0,2,2,A,-,06,21755.0,A,N,B,A,H,-,A,D,0,Y,,C,02,0,2,0,0,2,34.64556121826172,-118.24488067626952,LOS ANGELES,PALMDALE,-118.24488830566406,34.645610809326165,0,Midday,0
2023,1900,2023-04-08,1350,6,5,N,A,-,N,,,N,3,0,1,2,A,-,03,22350.0,,N,C,-,H,-,A,A,0,Y,,C,02,0,1,0,0,1,34.14356994628906,-118.69833374023438,LOS ANGELES,CALABASAS,-118.69828033447266,34.143821716308594,1,Midday,0
2023,1942,2023-04-03,1655,1,5,N,A,-,N,,,Y,2,0,1,2,A,-,08,22107.0,,N,B,A,H,-,A,D,0,Y,,A,08,1,0,0,0,1,,,LOS ANGELES,LOS ANGELES,-118.3866729736328,34.224056243896484,0,Evening,1
2023,1956,2023-03-25,950,6,5,N,A,-,N,,,,3,0,1,2,A,-,09,21804.0,A,N,D,A,H,-,A,D,0,Y,,A,07,0,1,0,0,1,33.868019104003906,-118.38308715820312,LOS ANGELES,REDONDO BEACH,-118.3830795288086,33.86798858642578,1,Morning,0
2023,1942,2023-03-28,1610,2,5,N,A,-,N,,,N,3,0,1,2,A,-,09,21804.0,A,F,D,A,H,-,A,D,0,Y,,C,02,0,1,0,0,1,,,LOS ANGELES,LOS ANGELES,-118.29373931884766,34.12057876586914,0,Evening,0
2023,1942,2023-03-25,2320,6,5,N,A,-,N,,,Y,4,0,1,2,A,-,07,21658.0,A,F,B,A,H,-,C,A,0,Y,,-,99,0,0,1,0,1,,,LOS ANGELES,LOS ANGELES,-118.25180816650392,34.07395553588867,1,Night,0
2023,1942,2023-03-24,1510,5,5,N,A,-,N,,,N,3,0,1,2,A,-,07,21658.0,A,F,B,A,H,-,A,D,0,Y,,-,99,0,1,0,0,1,,,LOS ANGELES,LOS ANGELES,-118.22940826416016,34.038368225097656,0,Midday,0
2023,1942,2023-03-24,624,5,5,N,A,-,N,,,Y,4,0,1,2,A,-,12,21453.0,A,N,A,A,H,-,A,A,0,Y,,-,- ,0,0,1,0,0,,,LOS ANGELES,LOS ANGELES,-118.24262237548828,34.05674743652344,0,Morning,0
2023,1942,2023-04-11,1500,2,5,N,A,-,N,,,N,2,0,1,2,A,-,08,22107.0,,N,B,A,H,-,A,D,0,Y,Y,D,22,1,0,0,0,1,,,LOS ANGELES,LOS ANGELES,-118.39405822753906,34.25599670410156,0,Midday,1
2023,1942,2023-03-27,1750,1,5,N,A,-,N,,,N,4,0,1,2,A,-,08,22107.0,,N,A,A,H,-,-,D,0,Y,,A,01,0,0,1,0,1,,,LOS ANGELES,LOS ANGELES,-118.24679565429688,33.99388885498047,0,Evening,0
2023,1926,2023-04-10,915,1,5,N,A,-,N,,,Y,4,0,1,1,D,-,00,,,M,E,A,D,-,A,D,0,Y,,-,- ,0,0,1,0,1,34.13230895996094,-117.8672103881836,LOS ANGELES,GLENDORA,-117.86736297607422,34.1318473815918,0,Morning,0
2023,1926,2023-04-06,1331,4,5,Y,A,-,N,,,Y,2,0,2,2,A,-,09,21801.0,A,N,D,A,H,-,A,A,0,Y,,A,01,1,1,0,0,1,34.11029815673828,-117.87248229980467,LOS ANGELES,GLENDORA,-117.87249755859376,34.110286712646484,0,Midday,1
2023,1900,2023-05-04,1029,4,5,N,A,-,N,,,N,3,0,1,2,A,-,03,22350.0,,N,B,A,H,-,A,D,0,Y,,C,02,0,1,0,0,1,33.856571197509766,-118.28144073486328,LOS ANGELES,CARSON,-118.28163146972656,33.85639572143555,0,Morning,0
2023,1920,2023-05-19,1210,5,5,N,B,-,N,,,Y,3,0,2,2,A,-,11,21954.0,A,F,G,A,H,-,A,A,0,Y,,N,60,0,2,0,0,1,,,LOS ANGELES,DOWNEY,-118.1363525390625,33.941925048828125,0,Midday,0
2023,1942,2023-04-04,1615,2,5,N,A,-,N,,,N,3,0,1,2,A,-,10,21952.0,,F,G,A,H,-,A,D,0,Y,,-,99,0,1,0,0,1,,,LOS ANGELES,LOS ANGELES,-118.2738800048828,33.96039581298828,0,Evening,0
2023,1942,2023-04-15,340,6,5,N,A,-,N,,,Y,3,0,1,2,A,-,08,22102.0,,F,D,A,H,-,C,D,0,Y,,-,99,0,1,0,0,1,,,LOS ANGELES,LOS ANGELES,-118.30032348632812,34.0908317565918,1,Night,0
2023,1942,2023-04-17,1530,1,5,Y,A,-,N,,,Y,2,0,1,2,A,-,06,21755.0,A,N,D,A,H,-,A,A,0,Y,,C,03,1,0,0,0,1,,,LOS ANGELES,LOS ANGELES,-118.53607940673828,34.24638748168945,0,Midday,1
2023,1942,2023-04-10,835,1,5,N,A,-,N,,,Y,4,0,3,2,A,-,01,23152.0,F,N,C,A,H,-,A,D,0,Y,,A,08,0,0,3,0,2,,,LOS ANGELES,LOS ANGELES,-118.53600311279295,34.17391586303711,0,Morning,0
2023,1942,2023-04-09,1400,7,5,Y,A,-,N,,,Y,2,0,2,2,A,-,09,21801.0,A,N,D,A,H,-,A,A,0,Y,,A,01,1,1,0,0,1,,,LOS ANGELES,LOS ANGELES,-118.58848571777344,34.208335876464844,1,Midday,1
2023,1942,2023-04-10,2050,1,5,N,A,-,N,,,Y,2,0,2,2,A,-,09,21801.0,A,N,D,A,H,-,D,A,0,Y,,A,01,1,1,0,0,1,,,LOS ANGELES,LOS ANGELES,-118.59151458740234,34.219940185546875,0,Night,1
2023,1900,2023-04-03,1700,1,5,N,A,-,N,,,Y,2,0,1,2,A,-,03,22350.0,,N,C,A,H,-,A,A,0,Y,,C,02,1,0,0,0,1,,,LOS ANGELES,PARAMOUNT,-118.16893005371094,33.91215133666992,0,Evening,1
2023,1942,2023-03-24,2300,5,5,N,A,-,N,,,N,2,0,1,2,A,-,11,21955.0,,N,-,A,-,-,C,-,0,Y,,N,60,1,0,0,0,1,,,LOS ANGELES,LOS ANGELES,-118.35561370849608,34.021583557128906,0,Night,1
2023,1942,2023-03-26,1045,7,5,Y,A,-,N,,,N,2,0,1,2,A,-,12,22450.0,A,N,D,A,H,-,A,A,0,Y,,-,- ,1,0,0,0,1,,,LOS ANGELES,LOS ANGELES,-118.28488159179688,33.97608947753906,1,Morning,1
2023,1942,2023-03-24,2040,5,5,N,A,-,N,,,Y,2,0,1,2,A,-,08,22102.0,,N,D,A,-,-,C,A,0,Y,,A,01,1,0,0,0,1,,,LOS ANGELES,LOS ANGELES,-118.25868988037108,33.93095397949219,0,Night,1
2023,1900,2023-03-28,1639,2,5,N,A,-,N,,,N,3,0,1,2,A,-,04,21703.0,,N,C,A,H,-,A,A,0,Y,,D,22,0,1,0,0,1,,,LOS ANGELES,NORWALK,-118.10022735595705,33.902042388916016,0,Evening,0
2023,1942,2023-04-19,1710,3,5,N,A,-,N,,,N,4,0,1,2,A,-,01,23152.0,A,N,C,A,H,-,A,D,0,Y,Y,D,22,0,0,1,0,1,,,LOS ANGELES,LOS ANGELES,-118.47821044921876,34.24286651611328,0,Evening,0
2023,1941,2023-03-06,1317,1,5,N,A,-,N,,,N,2,0,1,2,A,-,09,21801.0,,N,B,A,H,-,A,A,0,Y,,C,02,1,0,0,0,1,33.782840728759766,-118.1406707763672,LOS ANGELES,LONG BEACH,-118.14063262939452,33.782596588134766,0,Midday,1
2023,1973,2023-01-12,1730,4,5,N,A,-,N,,,Y,2,0,1,2,A,-,12,21453.0,A,N,B,A,H,-,C,A,0,Y,,C,02,1,0,0,0,1,,,LOS ANGELES,VERNON,-118.18607330322266,34.001983642578125,0,Evening,1
2023,1973,2023-01-31,1528,2,5,Y,A,-,N,,,Y,2,0,1,2,A,-,09,21802.0,,N,D,-,H,-,A,D,0,Y,,A,01,1,0,0,0,1,,,LOS ANGELES,VERNON,-118.22605895996094,34.00310516357422,0,Midday,1
2023,1909,2023-04-07,1043,5,5,Y,A,-,N,,,N,4,0,1,2,A,-,09,21801.0,A,N,B,A,H,-,A,A,0,Y,,A,01,0,0,1,0,1,33.96282958984375,-118.14771270751952,LOS ANGELES,BELL GARDENS,-118.1477279663086,33.96277618408203,0,Morning,0
2023,1973,2023-02-03,522,5,5,N,A,-,N,,,N,2,0,1,2,A,-,09,21801.0,A,N,D,A,H,-,C,A,0,Y,,-,,1,0,0,0,1,,,LOS ANGELES,VERNON,-118.20870971679688,33.9965705871582,0,Morning,1
2023,1942,2023-03-27,2034,1,5,N,A,-,N,,,Y,2,0,1,3,A,-,03,22350.0,,N,C,A,H,-,C,D,0,Y,,C,02,1,0,0,0,1,,,LOS ANGELES,LOS ANGELES,-118.3347625732422,34.10246276855469,0,Night,1
2023,1942,2023-03-27,1625,1,5,Y,A,-,N,,,Y,2,0,1,2,A,-,09,21802.0,A,N,D,A,H,-,A,A,0,Y,,A,07,1,0,0,0,1,,,LOS ANGELES,LOS ANGELES,-118.41999053955078,34.023277282714844,0,Evening,1
2023,1942,2023-03-06,620,1,5,N,A,-,N,,,Y,2,0,1,2,A,-,00,21754.0,A,N,B,B,H,-,A,D,0,Y,,C,02,1,0,0,0,1,,,LOS ANGELES,LOS ANGELES,-118.20954895019533,34.016605377197266,0,Morning,1
2023,1942,2023-03-02,150,4,5,N,A,-,N,,,Y,2,0,1,1,A,-,03,22350.0,,N,E,A,H,-,C,D,0,Y,,C,02,1,0,0,0,1,,,LOS ANGELES,LOS ANGELES,-118.215576171875,34.0715217590332,0,Night,1
2023,1941,2023-01-07,1509,6,5,Y,A,-,N,,,Y,3,0,1,2,-,-,- ,,,N,H,A,H,-,A,D,0,Y,,-,- ,0,1,0,0,1,33.81346130371094,-118.18502044677734,LOS ANGELES,LONG BEACH,-118.18502807617188,33.8134765625,1,Midday,0
2023,1941,2023-03-11,1250,6,5,Y,B,-,N,,,Y,3,0,2,2,A,-,12,21453.0,A,N,A,A,H,-,A,A,0,Y,,C,02,0,1,1,0,1,33.76443862915039,-118.15242767333984,LOS ANGELES,LONG BEACH,-118.15243530273438,33.76445388793945,1,Midday,0
2023,1973,2023-03-13,1506,1,5,Y,A,-,N,,,Y,4,0,1,2,A,-,17,21461.0,A,N,D,A,H,-,A,D,0,Y,,A,01,0,0,1,0,1,,,LOS ANGELES,VERNON,-118.18441772460938,33.994529724121094,0,Midday,0
2023,1942,2023-04-01,1315,6,5,Y,A,-,N,,,Y,3,0,1,2,A,-,12,21453.0,A,N,D,A,H,-,A,A,0,Y,,C,02,0,1,0,0,1,,,LOS ANGELES,LOS ANGELES,-118.28267669677734,33.9932861328125,1,Midday,0
2023,1942,2023-03-25,1700,6,5,N,A,-,N,,,N,4,0,1,2,A,-,09,21801.0,A,N,C,-,-,-,A,D,0,Y,,A,01,0,0,1,0,1,,,LOS ANGELES,LOS ANGELES,-118.59075927734376,34.26449966430664,1,Evening,0
2023,1942,2023-03-08,2130,3,5,N,A,-,N,,,N,4,0,1,2,A,-,03,22350.0,A,F,B,A,H,-,C,A,0,Y,,-,99,0,0,1,0,1,,,LOS ANGELES,LOS ANGELES,-118.31378173828124,34.08351135253906,0,Night,0
2023,1942,2023-01-11,1150,3,5,N,B,-,N,,,Y,2,0,1,2,A,-,09,21801.0,A,N,D,A,H,-,A,D,0,Y,,A,08,1,0,0,0,1,,,LOS ANGELES,LOS ANGELES,-118.2660675048828,34.02897262573242,0,Midday,1
2023,1942,2023-06-09,1750,5,5,Y,A,-,N,,,N,2,0,2,2,A,-,09,21802.0,A,N,D,A,H,-,A,D,0,Y,,I,09,1,0,1,0,1,,,LOS ANGELES,LOS ANGELES,-118.31120300292967,33.9599609375,0,Evening,1
2023,1976,2023-07-07,2015,5,5,Y,A,-,Y,I,5,Y,3,0,1,2,A,-,12,21453.0,A,N,D,A,H,-,C,A,0,Y,,C,02,0,1,0,0,1,,,LOS ANGELES,WHITTIER,-118.06405639648438,33.98992156982422,0,Night,0
2023,1900,2023-04-27,605,4,5,N,A,-,N,,,N,2,0,1,2,A,-,09,21800.0,A,N,D,A,H,-,C,A,0,Y,,C,02,1,0,0,0,1,34.02000045776367,-117.958251953125,LOS ANGELES,INDUSTRY,-117.9582290649414,34.01980972290039,0,Morning,1
2023,1916,2023-04-21,1303,5,5,Y,A,-,N,,,Y,2,0,1,2,A,-,09,21801.0,A,N,D,A,H,-,A,A,0,Y,,A,01,1,0,0,0,1,,,LOS ANGELES,COVINA,-117.89020538330078,34.095760345458984,0,Midday,1
2023,1900,2023-04-08,1557,6,5,N,A,-,N,,,Y,4,0,1,3,A,-,09,21804.0,A,N,B,A,H,-,A,D,0,Y,,A,01,0,0,1,0,1,34.01210021972656,-118.81793975830078,LOS ANGELES,MALIBU,-118.81657409667967,34.01693344116211,1,Midday,0
2023,1956,2023-04-29,1312,6,5,N,A,-,N,,,Y,3,0,1,2,A,-,08,22107.0,,N,B,A,H,-,A,A,0,Y,,A,07,0,1,0,0,1,33.88018035888672,-118.36134338378906,LOS ANGELES,REDONDO BEACH,-118.36134338378906,33.88018798828125,1,Midday,0
2023,1900,2023-04-11,1319,2,5,N,A,-,N,,,Y,4,0,1,3,A,-,03,22350.0,,N,C,A,H,-,A,D,0,Y,,A,01,0,0,1,0,1,33.86233901977539,-118.26596069335938,LOS ANGELES,CARSON,-118.2663803100586,33.8630485534668,0,Midday,0
2023,1976,2023-04-15,1937,6,5,N,A,-,N,,,Y,3,0,1,2,A,-,03,22350.0,,N,C,A,H,-,D,D,0,Y,,C,02,0,1,0,0,1,,,LOS ANGELES,WHITTIER,-118.05115509033205,33.99248504638672,1,Evening,0
2023,1976,2023-04-17,1542,1,5,Y,A,-,N,,,Y,3,0,1,2,A,-,08,22107.0,,N,D,A,H,-,A,A,0,Y,,C,02,0,1,0,0,1,,,LOS ANGELES,WHITTIER,-118.05033111572266,33.99125289916992,0,Midday,0
2023,1918,2023-03-22,1115,3,5,N,C,-,N,,,,3,0,1,2,A,-,03,22350.0,,N,C,B,H,-,A,D,0,Y,,C,02,0,1,0,0,1,34.029598236083984,-118.38197326660156,LOS ANGELES,CULVER CITY,-118.38603973388672,34.028472900390625,0,Midday,0
2023,1931,2023-04-25,830,2,5,N,A,-,N,,,N,3,0,1,2,A,-,17,21235.0,G,N,D,A,H,-,A,D,0,Y,,C,03,0,1,0,0,1,,,LOS ANGELES,HUNTINGTON PARK,-118.23475646972656,33.986331939697266,0,Morning,0
2023,1941,2023-02-02,1753,4,5,Y,A,-,N,,,,4,0,1,2,D,-,00,,,N,D,A,H,-,C,A,0,Y,,-,- ,0,0,1,0,1,33.854278564453125,-118.19660949707033,LOS ANGELES,LONG BEACH,-118.19660949707033,33.85429382324219,0,Evening,0
2023,1925,2023-04-04,2240,2,5,N,A,-,N,,,N,3,0,1,2,A,-,00,21228.0,C,N,D,A,H,-,C,D,0,Y,,C,03,0,1,0,0,0,,,LOS ANGELES,GLENDALE,-118.25502014160156,34.13811492919922,0,Night,0
2023,1900,2023-03-18,21,6,5,Y,A,-,N,,,Y,2,0,2,2,A,-,09,21801.0,A,N,D,A,H,-,C,A,0,Y,,A,07,1,0,1,0,1,34.44620895385742,-118.53460693359376,LOS ANGELES,SANTA CLARITA,-118.53482818603516,34.44615173339844,1,Night,1
2023,1942,2023-01-02,2208,1,5,Y,B,C,N,,,Y,3,0,1,1,A,-,08,22107.0,,N,E,B,H,-,C,D,0,Y,,C,02,0,1,0,0,1,,,LOS ANGELES,LOS ANGELES,-118.23139190673828,34.02150344848633,0,Night,0
2023,1900,2023-04-17,1841,1,5,Y,A,-,N,,,N,4,0,1,2,A,-,00,21603.0,,N,D,A,H,-,A,D,0,Y,,C,03,0,0,1,0,1,,,LOS ANGELES,HAWAIIAN GARDENS,-118.07203674316406,33.83418655395508,0,Evening,0
2023,1926,2023-04-08,1333,6,5,Y,A,-,N,,,Y,3,0,1,1,A,-,03,22350.0,,N,H,A,H,-,A,A,0,Y,,C,02,0,1,0,0,1,34.12879180908203,-117.83968353271484,LOS ANGELES,GLENDORA,-117.83970642089844,34.12879180908203,1,Midday,0
2023,1942,2023-04-26,1530,3,5,Y,A,-,N,,,Y,2,0,1,2,A,-,09,21802.0,A,N,D,A,H,-,A,D,0,Y,,D,22,1,0,0,0,1,,,LOS ANGELES,LOS ANGELES,-118.58846282958984,34.20466995239258,0,Midday,1
2023,1942,2023-03-02,1915,4,5,Y,A,-,N,,,Y,3,0,1,2,A,-,09,21801.0,A,F,D,A,H,-,C,A,0,Y,,C,02,0,1,0,0,1,,,LOS ANGELES,LOS ANGELES,-118.35092926025392,34.032508850097656,0,Evening,0
2023,1941,2023-01-20,1729,5,5,Y,A,-,N,,,Y,2,0,2,2,A,-,09,21801.0,A,N,D,A,H,-,C,D,0,Y,,A,01,1,1,0,0,2,33.80438995361328,-118.19255828857422,LOS ANGELES,LONG BEACH,-118.19255828857422,33.8043327331543,0,Evening,1
2023,1942,2023-03-30,1355,4,5,Y,C,-,N,,,Y,2,0,1,2,A,-,09,21802.0,A,N,D,B,H,-,A,A,0,Y,,A,01,1,0,0,0,1,,,LOS ANGELES,LOS ANGELES,-118.32878112792967,34.08527755737305,0,Midday,1
2023,1942,2023-04-24,1200,1,5,Y,A,-,N,,,N,4,0,1,2,A,-,09,21802.0,,N,D,A,H,-,A,A,0,Y,,A,01,0,0,1,0,1,,,LOS ANGELES,LOS ANGELES,-118.28397369384766,34.02838897705078,0,Midday,0
2023,1942,2023-04-24,1720,1,5,N,A,-,N,,,N,2,0,1,2,A,-,09,21804.0,A,N,D,A,H,-,A,A,0,Y,,A,07,1,0,0,0,1,,,LOS ANGELES,LOS ANGELES,-118.40116119384766,34.28016662597656,0,Evening,1
2023,1942,2023-04-24,650,1,5,Y,A,-,N,,,Y,2,0,1,2,A,-,05,21651.0,B,N,D,A,H,-,A,A,0,Y,,C,02,1,0,0,0,1,,,LOS ANGELES,LOS ANGELES,-118.45744323730467,34.18164825439453,0,Morning,1
2023,1942,2023-04-21,1305,5,5,Y,A,-,N,,,Y,2,0,1,2,A,-,03,22350.0,,N,D,A,D,-,A,A,0,Y,,C,02,1,0,0,0,1,,,LOS ANGELES,LOS ANGELES,-118.20149993896484,34.13948440551758,0,Midday,1
2023,1941,2023-04-24,2156,1,5,Y,A,-,N,,,Y,2,0,1,2,A,-,09,21800.0,,N,D,A,H,-,C,D,0,Y,,C,02,1,0,0,0,1,33.78273010253906,-118.2138214111328,LOS ANGELES,LONG BEACH,-118.21382904052734,33.78270721435547,0,Night,1
2023,1900,2023-04-03,1820,1,5,N,A,-,N,,,N,3,0,1,2,A,-,06,21755.0,A,N,D,A,H,-,A,D,0,Y,,C,02,0,1,0,0,1,33.913299560546875,-118.2505111694336,LOS ANGELES,COMPTON,-118.25057983398438,33.91323471069336,0,Evening,0
2023,1942,2023-04-29,1245,6,5,Y,A,-,N,,,N,4,0,1,2,A,-,03,22350.0,,N,C,A,H,-,A,D,0,Y,,D,22,0,0,1,0,1,,,LOS ANGELES,LOS ANGELES,-118.24480438232422,34.03094482421875,1,Midday,0
2023,1900,2023-04-14,2058,5,5,Y,A,-,N,,,N,2,0,1,2,A,-,03,22350.0,A,N,D,A,H,-,C,D,0,Y,,C,02,1,0,0,0,1,33.88119888305664,-118.22338104248048,LOS ANGELES,COMPTON,-118.22331237792967,33.88111114501953,0,Night,1
2023,1900,2023-04-06,1805,4,5,N,A,-,N,,,Y,2,0,1,3,A,-,09,21801.0,A,N,D,A,H,-,A,D,0,Y,,A,01,1,0,0,0,1,33.901859283447266,-118.20844268798828,LOS ANGELES,COMPTON,-118.20832824707033,33.90186309814453,0,Evening,1
2023,1942,2023-04-27,2000,4,5,N,A,-,N,,,Y,2,0,1,2,A,-,09,21801.0,A,N,B,A,H,-,D,D,0,Y,,A,01,1,0,0,0,1,,,LOS ANGELES,LOS ANGELES,-118.5885772705078,34.257522583007805,0,Night,1
2023,1902,2023-05-03,826,3,5,Y,A,-,N,,,N,3,0,1,2,A,-,09,21801.0,A,N,D,A,H,-,A,D,0,Y,,A,01,0,1,0,0,1,,,LOS ANGELES,ARCADIA,-118.03148651123048,34.14642333984375,0,Morning,0
2023,1910,2023-05-04,840,4,5,Y,C,-,N,,,Y,2,0,2,2,A,-,09,21801.0,A,N,D,B,H,-,A,D,0,Y,,C,02,1,0,1,0,1,34.05979919433594,-118.4078369140625,LOS ANGELES,BEVERLY HILLS,-118.40782165527344,34.059688568115234,0,Morning,1
2023,1910,2023-04-28,1352,5,5,N,A,-,N,,,Y,4,0,1,2,A,-,09,21804.0,,N,D,A,H,-,A,D,0,Y,,A,01,0,0,1,0,0,34.06769180297852,-118.37631225585938,LOS ANGELES,BEVERLY HILLS,-118.37630462646484,34.067813873291016,0,Midday,0
2023,1900,2023-03-28,900,2,5,Y,A,-,N,,,N,3,0,1,2,A,-,05,21651.0,A,N,A,A,D,-,A,D,0,Y,,O,05,0,1,0,0,1,,,LOS ANGELES,BELLFLOWER,-118.14263153076172,33.878395080566406,0,Morning,0
2023,1900,2023-04-23,2010,7,5,N,A,-,Y,H,-,N,4,0,1,2,A,-,08,22107.0,,M,B,A,H,-,C,D,0,Y,,D,22,0,0,1,0,1,,,LOS ANGELES,PALMDALE,-118.09516143798828,34.57975006103516,1,Night,0
2023,1961,2023-01-06,1931,5,5,Y,A,-,N,,,N,4,0,1,2,A,-,08,22107.0,,N,B,A,H,-,C,A,0,Y,,C,02,0,0,1,0,1,,,LOS ANGELES,SAN FERNANDO,-118.44817352294922,34.28036880493164,0,Evening,0
2023,1900,2023-05-04,1951,4,5,Y,A,-,N,,,Y,2,0,1,4,A,-,07,21658.0,A,N,B,A,H,-,B,A,0,Y,,A,07,1,0,0,0,1,34.689300537109375,-118.14791870117188,LOS ANGELES,LANCASTER,-118.14802551269533,34.68944549560547,0,Evening,1
2023,1900,2023-03-11,2004,6,5,Y,A,-,N,,,N,4,0,1,2,A,-,12,22450.0,A,N,D,A,H,-,C,D,0,Y,,C,03,0,0,1,0,1,,,LOS ANGELES,LANCASTER,-118.12639617919922,34.689311981201165,1,Night,0
2023,1941,2023-02-28,1948,2,5,Y,C,-,N,,,Y,3,0,4,5,D,-,00,,,N,H,B,G,-,C,A,0,Y,,-,- ,0,2,2,0,0,33.78987121582031,-118.19239044189452,LOS ANGELES,LONG BEACH,-118.19239044189452,33.78987121582031,0,Evening,0
2023,1910,2023-04-29,1620,6,5,Y,A,-,N,,,N,4,0,1,2,A,-,09,21801.0,A,F,H,A,H,-,A,A,0,Y,,A,01,0,0,1,0,1,34.06262969970703,-118.37615966796876,LOS ANGELES,BEVERLY HILLS,-118.37613677978516,34.062652587890625,1,Evening,0
2023,1900,2023-05-14,1703,7,5,N,A,-,N,,,N,3,0,1,1,A,-,03,22350.0,,N,B,A,H,-,A,D,0,Y,,C,02,0,1,0,0,1,,,LOS ANGELES,SANTA CLARITA,-118.49814605712892,34.43733596801758,1,Evening,0
2023,1900,2023-05-10,645,3,5,N,A,-,N,,,N,4,0,1,2,A,-,07,21658.0,A,N,B,A,H,-,A,D,0,Y,,A,01,0,0,1,0,1,34.447261810302734,-118.56894683837892,LOS ANGELES,SANTA CLARITA,-118.56885528564452,34.44730758666992,0,Morning,0
2023,1905,2023-05-24,1746,3,5,Y,A,-,N,,,N,3,0,1,1,A,-,17,21235.0,G,N,E,A,H,-,A,D,0,Y,,O,05,0,1,0,0,1,34.13344955444336,-117.90244293212892,LOS ANGELES,AZUSA,-117.90245056152344,34.133453369140625,0,Evening,0
2023,1905,2023-05-23,2011,2,5,N,A,-,N,,,N,2,0,1,1,A,-,03,22350.0,,N,H,A,H,-,C,A,0,Y,,O,05,1,0,0,0,1,,,LOS ANGELES,AZUSA,-117.8972396850586,34.139461517333984,0,Night,1
2023,1900,2023-05-19,1507,5,5,N,A,-,N,,,Y,4,0,1,2,A,-,09,21802.0,A,N,D,A,H,-,A,D,0,Y,,A,01,0,0,1,0,1,34.68231964111328,-118.10640716552734,LOS ANGELES,LANCASTER,-118.10649871826172,34.6822509765625,0,Midday,0
2023,1900,2023-04-07,2208,5,5,Y,A,-,N,,,Y,2,0,1,1,D,-,00,,,N,H,A,H,-,C,D,0,Y,,-,- ,1,0,0,0,1,34.43244171142578,-118.45599365234376,LOS ANGELES,SANTA CLARITA,-118.4578094482422,34.44026565551758,0,Night,1
2023,1941,2023-02-26,1233,7,5,N,A,-,N,,,Y,3,0,2,6,A,-,03,22350.0,,N,D,A,H,-,A,A,0,Y,,A,01,0,1,1,0,0,33.815128326416016,-118.20751953125,LOS ANGELES,LONG BEACH,-118.20787048339844,33.81346893310547,1,Midday,0
2023,1905,2023-04-08,1500,6,5,N,A,-,N,,,N,3,0,1,3,A,-,03,22350.0,,N,C,A,G,-,A,D,0,Y,,C,02,0,1,0,0,1,,,LOS ANGELES,AZUSA,-118.2177734375,33.97169876098633,1,Midday,0
2023,1920,2023-05-27,1550,6,5,Y,B,-,N,,,Y,2,0,1,2,A,-,09,21802.0,A,N,D,A,H,-,A,D,0,Y,,A,01,1,0,0,0,1,,,LOS ANGELES,DOWNEY,-118.14067840576172,33.92355728149414,1,Midday,1
2023,1900,2023-05-22,2030,1,5,N,A,-,N,,,N,3,0,1,2,A,-,09,21801.0,A,M,D,A,H,-,C,D,0,Y,,A,01,0,1,0,0,1,34.558048248291016,-118.0470962524414,LOS ANGELES,PALMDALE,-118.04682159423828,34.55802154541016,0,Night,0
2023,1920,2023-06-10,227,6,5,N,A,-,N,,,Y,3,0,1,1,A,-,08,22107.0,,N,E,A,H,-,C,A,0,Y,,C,02,0,1,0,0,1,,,LOS ANGELES,DOWNEY,-118.14713287353516,33.948219299316406,1,Night,0
2023,1900,2023-06-01,1636,4,5,N,-,-,N,,,N,3,0,1,2,A,-,03,22350.0,A,N,D,-,-,-,-,D,0,Y,,C,02,0,1,0,0,1,,,LOS ANGELES,CUDAHY,-118.17190551757812,33.963871002197266,0,Evening,0
2023,1913,2023-05-18,1852,4,5,Y,A,-,N,,,N,3,0,2,2,A,-,06,21755.0,A,N,D,A,H,-,A,A,0,Y,,C,02,0,2,0,0,2,,,LOS ANGELES,CLAREMONT,-117.72901153564452,34.10697555541992,0,Evening,0
2023,1905,2023-06-02,1818,5,5,N,A,-,N,,,Y,3,0,1,1,A,-,03,22350.0,,N,H,A,H,-,A,A,0,Y,,C,02,0,1,0,0,1,34.11423873901367,-117.92520141601562,LOS ANGELES,AZUSA,-117.92523956298828,34.11361312866211,0,Evening,0