ACCIDENT_YEAR,JURIS,COLLISION_DATE,COLLISION_TIME,DAY_OF_WEEK,CHP_SHIFT,INTERSECTION,WEATHER_1,WEATHER_2,STATE_HWY_IND,LOCATION_TYPE,RAMP_INTERSECTION,TOW_AWAY,COLLISION_SEVERITY,NUMBER_KILLED,NUMBER_INJURED,PARTY_COUNT,PRIMARY_COLL_FACTOR,PCF_CODE_OF_VIOL,PCF_VIOL_CATEGORY,PCF_VIOLATION,PCF_VIOL_SUBSECTION,HIT_AND_RUN,TYPE_OF_COLLISION,ROAD_SURFACE,ROAD_COND_1,ROAD_COND_2,LIGHTING,CONTROL_DEVICE,CHP_ROAD_TYPE,MOTORCYCLE_ACCIDENT,ALCOHOL_INVOLVED,STWD_VEHTYPE_AT_FAULT,CHP_VEHTYPE_AT_FAULT,COUNT_SEVERE_INJ,COUNT_VISIBLE_INJ,COUNT_COMPLAINT_PAIN,COUNT_MC_KILLED,COUNT_MC_INJURED,LATITUDE,LONGITUDE,COUNTY,CITY,POINT_X,POINT_Y,IS_WEEKEND,TIME_OF_DAY,SEVERE_FATAL
2023,1900,2023-06-12,1609,1,5,N,A,-,N,,,N,3,0,1,2,A,-,08,22105.0,,N,D,A,H,-,A,D,0,Y,,A,01,0,1,0,0,0,34.70412826538086,-118.1215362548828,LOS ANGELES,LANCASTER,-118.1215362548828,34.704307556152344,0,Evening,0
2023,1976,2023-06-06,1717,2,5,N,B,-,N,,,Y,2,0,1,2,A,-,08,22107.0,,N,F,A,H,-,A,D,0,Y,,C,02,1,0,0,0,1,,,LOS ANGELES,WHITTIER,-118.05149841308594,33.993003845214844,0,Evening,1
2023,1900,2023-02-26,1700,7,5,N,A,-,N,,,N,2,0,1,2,A,-,09,21801.0,A,N,D,A,H,-,A,D,0,Y,,A,07,1,0,0,0,1,33.870140075683594,-118.22686004638672,LOS ANGELES,COMPTON,-118.22675323486328,33.87009811401367,1,Evening,1
2023,1942,2023-03-25,1545,6,5,N,A,-,Y,H,-,N,3,0,2,2,A,-,07,21658.0,A,F,B,A,H,-,A,A,0,Y,,-,99,0,1,1,0,2,,,LOS ANGELES,LOS ANGELES,-118.54437255859376,34.03944396972656,1,Midday,0
2023,1931,2023-04-28,1918,5,5,N,A,-,N,,,N,3,0,1,2,C,-,18,,,N,B,A,H,-,A,D,0,Y,,-,- ,0,1,0,0,0,,,LOS ANGELES,HUNTINGTON PARK,-118.21998596191406,33.97434616088867,0,Evening,0
2023,1972,2023-04-23,2311,7,5,N,A,-,N,,,N,4,0,1,1,B,-,22,,,N,E,A,G,-,C,D,0,Y,,-,- ,0,0,1,0,1,,,LOS ANGELES,TORRANCE,-118.31351470947266,33.83686065673828,1,Night,0
2023,1900,2023-04-06,1355,4,5,N,A,-,N,,,Y,2,0,1,3,A,-,07,21658.0,,F,B,A,H,-,A,A,0,Y,,C,02,1,0,0,0,1,,,LOS ANGELES,LYNWOOD,-118.2116241455078,33.93041229248047,0,Midday,1
2023,1942,2023-05-05,1310,5,5,Y,A,-,N,,,N,3,0,1,2,A,-,09,21802.0,A,F,H,A,H,-,A,A,0,Y,,-,99,0,1,0,0,1,,,LOS ANGELES,LOS ANGELES,-118.31961822509766,33.98910140991211,0,Midday,0
2023,1976,2023-05-02,759,2,5,N,B,-,N,,,Y,4,0,1,3,A,-,08,22107.0,,N,B,A,H,-,A,D,0,Y,,C,02,0,0,1,0,1,,,LOS ANGELES,SANTA FE SPRINGS,-118.08184814453124,33.93480682373047,0,Morning,0
2023,1942,2023-04-12,2014,3,5,Y,B,-,N,,,N,2,0,1,2,A,-,06,21755.0,,N,B,B,H,-,C,A,0,Y,,C,02,1,0,0,0,1,,,LOS ANGELES,LOS ANGELES,-118.30345916748048,34.08353042602539,0,Night,1
2023,1942,2023-04-04,1645,2,5,N,A,-,N,,,Y,2,0,1,2,A,-,11,21456.0,A,N,A,A,H,-,A,A,0,Y,,C,02,1,0,0,0,1,,,LOS ANGELES,LOS ANGELES,-118.29403686523438,34.06904983520508,0,Evening,1
2023,1942,2023-04-03,1110,1,5,N,A,-,N,,,N,3,0,1,1,C,-,18,,,N,E,A,A,-,A,D,0,Y,,-,- ,0,1,0,0,1,,,LOS ANGELES,LOS ANGELES,-118.36141967773438,34.067466735839844,0,Midday,0
2023,1942,2023-04-15,2350,6,5,Y,A,-,N,,,N,2,0,1,2,A,-,12,21453.0,A,N,D,A,H,-,C,A,0,Y,,-,- ,1,0,0,0,1,,,LOS ANGELES,LOS ANGELES,-118.27838134765624,33.93827819824219,1,Night,1
2023,1962,2023-04-20,1246,4,5,Y,A,-,N,,,Y,2,0,3,3,A,-,09,21804.0,A,N,D,A,H,-,A,A,0,Y,,A,01,1,1,1,0,2,34.113479614257805,-118.09117889404295,LOS ANGELES,SAN GABRIEL,-118.09117889404295,34.11347579956055,0,Midday,1
2023,1962,2023-04-07,2030,5,5,N,A,-,N,,,N,3,0,3,4,A,-,17,21235.0,G,F,G,A,H,-,C,D,0,Y,,C,03,0,3,0,0,0,34.08026885986328,-118.08804321289062,LOS ANGELES,SAN GABRIEL,-118.0878677368164,34.08028030395508,0,Night,0
2023,1900,2023-05-14,1843,7,5,Y,A,-,N,,,Y,3,0,5,2,A,-,12,21453.0,A,N,D,A,H,-,A,A,0,Y,,C,02,0,1,4,0,1,,,LOS ANGELES,LANCASTER,-118.17152404785156,34.704055786132805,1,Evening,0
2023,1900,2023-03-18,1900,6,5,N,A,-,N,,,N,4,0,1,2,A,-,09,21804.0,A,F,B,A,H,-,C,D,0,Y,,-,,0,0,1,0,1,33.87955856323242,-118.21790313720705,LOS ANGELES,COMPTON,-118.21796417236328,33.87966537475586,1,Evening,0
2023,1942,2023-05-16,1005,2,5,N,A,-,N,,,N,2,0,1,2,A,-,09,21804.0,A,N,H,A,H,-,A,A,0,Y,,D,22,1,0,0,0,1,,,LOS ANGELES,LOS ANGELES,-118.48562622070312,34.25741958618164,0,Morning,1
2023,1942,2023-05-18,1155,4,5,N,A,-,N,,,Y,2,0,1,1,A,-,03,22350.0,,N,-,A,-,-,A,D,0,Y,,C,02,1,0,0,0,1,,,LOS ANGELES,LOS ANGELES,-118.40660858154295,34.285377502441406,0,Midday,1
2023,1941,2023-05-21,2112,7,5,Y,A,-,N,,,N,3,0,1,2,A,-,03,22350.0,,N,C,A,H,-,C,A,0,Y,Y,A,01,0,1,0,0,1,33.84693908691406,-118.16758728027344,LOS ANGELES,LONG BEACH,-118.16746520996094,33.846866607666016,1,Night,0
2023,1942,2023-05-20,1030,6,5,N,A,-,N,,,Y,2,0,3,2,A,-,08,22100.0,B,N,D,A,H,-,A,D,0,Y,,A,08,1,0,2,0,1,,,LOS ANGELES,LOS ANGELES,-118.40633392333984,34.230083465576165,1,Morning,1
2023,1942,2023-05-21,1425,7,5,N,A,-,N,,,N,2,0,1,1,A,-,03,22350.0,,N,B,A,H,-,A,A,0,Y,,C,02,1,0,0,0,1,,,LOS ANGELES,LOS ANGELES,-118.5360870361328,34.228111267089844,1,Midday,1
2023,1900,2023-04-30,2210,7,5,N,A,-,N,,,Y,2,0,1,2,A,-,09,21801.0,A,N,D,A,H,-,C,D,0,Y,,D,22,1,0,0,0,1,,,LOS ANGELES,LAKEWOOD,-118.12516021728516,33.859901428222656,1,Night,1
2023,1926,2023-05-15,1649,1,5,N,A,-,N,,,Y,2,0,1,1,A,-,03,22350.0,,N,E,A,H,-,A,D,0,Y,,C,02,1,0,0,0,1,34.117271423339844,-117.87783050537108,LOS ANGELES,GLENDORA,-117.87760925292967,34.1169319152832,0,Evening,1
2023,1941,2023-04-04,914,2,5,Y,G,-,N,,,Y,4,0,1,2,A,-,08,22107.0,,N,D,A,H,-,A,D,0,Y,,C,03,0,0,1,0,1,33.78261184692383,-118.17794036865234,LOS ANGELES,LONG BEACH,-118.17797088623048,33.78260803222656,0,Morning,0
2023,1900,2023-04-30,2030,7,5,N,A,-,N,,,N,3,0,1,2,A,-,03,22350.0,,N,C,A,H,-,A,D,0,Y,Y,A,01,0,1,0,0,1,34.11753845214844,-117.80277252197266,LOS ANGELES,SAN DIMAS,-117.80282592773438,34.117530822753906,1,Night,0
2023,1944,2023-04-08,1019,6,5,Y,A,-,N,,,N,3,0,1,1,A,-,17,22109.0,,N,E,A,H,-,A,D,0,Y,,C,02,0,1,0,0,1,33.89970016479492,-118.4172592163086,LOS ANGELES,MANHATTAN BEACH,-118.40594482421876,33.87755584716797,1,Morning,0
2023,1900,2023-03-18,712,6,5,Y,A,-,N,,,Y,2,0,1,2,A,-,09,21801.0,A,N,D,A,H,-,A,D,0,Y,,D,22,1,0,0,0,1,,,LOS ANGELES,PARAMOUNT,-118.16030120849608,33.90911102294922,1,Morning,1
2023,1931,2023-06-10,1617,6,5,Y,A,-,N,,,N,4,0,1,2,A,-,17,21235.0,G,N,E,A,H,-,A,A,0,Y,,C,03,0,0,1,0,1,,,LOS ANGELES,HUNTINGTON PARK,-118.22903442382812,33.981643676757805,1,Evening,0
2023,1900,2023-05-18,2120,4,5,N,A,-,N,,,N,3,0,1,2,A,-,04,21703.0,,N,B,A,H,-,C,D,0,Y,,C,02,0,1,0,0,1,,,LOS ANGELES,LYNWOOD,-118.19440460205078,33.915096282958984,0,Night,0
2023,1953,2023-05-27,1538,6,5,Y,A,-,N,,,Y,2,0,1,1,A,-,03,22350.0,,N,-,A,H,-,A,A,0,Y,,C,02,1,0,0,0,1,,,LOS ANGELES,PASADENA,-118.0957489013672,34.15175247192383,1,Midday,1
2023,1941,2023-05-25,1815,4,5,Y,A,-,Y,H,-,Y,2,0,1,2,D,-,00,,,N,C,A,H,-,A,D,0,Y,,-,- ,1,0,0,0,1,33.75809097290039,-118.11119842529295,LOS ANGELES,LONG BEACH,-118.11194610595705,33.758750915527344,0,Evening,1
2023,1941,2023-06-12,1448,1,5,N,A,-,Y,I,5,N,3,0,1,2,D,-,00,,,N,D,A,H,-,A,D,0,Y,,-,- ,0,1,0,0,1,33.7899284362793,-118.14314270019533,LOS ANGELES,LONG BEACH,-118.14232635498048,33.79044723510742,0,Midday,0
2023,1944,2023-07-10,1557,1,5,N,A,-,Y,H,-,N,3,0,1,3,A,-,08,22107.0,,F,C,A,H,-,A,D,0,Y,Y,A,07,0,1,0,0,1,33.89033889770508,-118.39598083496094,LOS ANGELES,MANHATTAN BEACH,-118.39610290527344,33.890132904052734,0,Midday,0
2023,1918,2023-04-22,1527,6,5,N,A,-,N,,,Y,4,0,2,3,A,-,09,21801.0,A,N,D,A,H,-,A,A,0,Y,,A,01,0,0,2,0,2,33.99943161010742,-118.43032073974608,LOS ANGELES,CULVER CITY,-118.43027496337892,33.99936294555664,1,Midday,0
2023,1918,2023-05-05,1631,5,5,N,A,-,N,,,Y,4,0,1,2,A,-,09,21804.0,A,N,D,A,H,-,A,D,0,Y,,C,02,0,0,1,0,1,33.99298095703125,-118.39527893066406,LOS ANGELES,CULVER CITY,-118.39527130126952,33.99208450317383,0,Evening,0
2023,1900,2023-07-01,1246,6,5,N,A,-,Y,H,-,Y,3,0,1,2,A,-,09,21801.0,A,N,D,A,H,-,A,D,0,Y,,A,01,0,1,0,0,1,34.03961181640625,-118.66754150390624,LOS ANGELES,MALIBU,-118.66764068603516,34.03959274291992,1,Midday,0
2023,1900,2023-07-04,1828,2,5,N,A,-,Y,H,-,Y,2,0,5,4,A,-,03,22350.0,,N,-,A,H,-,A,A,0,Y,,C,02,1,0,4,0,1,,,LOS ANGELES,MALIBU,-118.71109771728516,34.03410339355469,0,Evening,1
2023,1941,2023-06-07,1714,3,5,Y,A,-,Y,H,-,Y,3,0,1,2,A,-,06,21755.0,,N,B,A,H,-,A,A,0,Y,,C,02,0,1,0,0,1,33.76734161376953,-118.11691284179688,LOS ANGELES,LONG BEACH,-118.11676788330078,33.76708221435547,0,Evening,0
2023,1953,2023-06-23,1545,5,5,N,A,-,N,,,Y,3,0,1,3,A,-,21,22106.0,,N,B,A,H,-,A,D,0,Y,,A,01,0,1,0,0,1,,,LOS ANGELES,PASADENA,-118.10306549072266,34.14606857299805,0,Midday,0
2023,1953,2023-06-07,1651,3,5,Y,A,-,N,,,Y,3,0,1,2,A,-,08,22107.0,,N,D,A,H,-,A,D,0,Y,,A,01,0,1,0,0,1,,,LOS ANGELES,PASADENA,-118.1228256225586,34.141483306884766,0,Evening,0
2023,1942,2023-07-12,2020,3,5,Y,A,-,N,,,N,3,0,1,2,A,-,09,21801.0,A,N,A,A,H,-,B,D,0,Y,,A,01,0,1,0,0,1,,,LOS ANGELES,LOS ANGELES,-118.53472137451172,34.281864166259766,0,Night,0
2023,1941,2023-07-03,1757,1,5,Y,A,-,N,,,,3,0,1,2,A,-,03,22350.0,,N,D,A,H,-,A,D,0,Y,,C,02,0,1,0,0,1,33.75310134887695,-118.10829162597656,LOS ANGELES,LONG BEACH,-118.10832214355467,33.75313949584961,0,Evening,0
2023,1941,2023-05-12,2348,5,5,Y,-,-,N,,,Y,4,0,2,2,A,-,12,22450.0,A,N,D,A,H,-,C,A,0,Y,,A,01,0,0,2,0,1,33.77655029296875,-118.18370056152344,LOS ANGELES,LONG BEACH,-118.18367767333984,33.77655029296875,0,Night,0
2023,1942,2023-01-31,1600,2,5,Y,A,-,N,,,Y,2,0,1,2,A,-,09,21802.0,A,N,A,A,H,-,A,A,0,Y,,A,01,1,0,0,0,1,,,LOS ANGELES,LOS ANGELES,-118.22524261474608,34.121944427490234,0,Evening,1
2023,1941,2023-02-08,1715,3,5,Y,A,-,N,,,N,3,0,1,2,D,-,00,,,N,D,A,H,-,A,A,0,Y,,-,- ,0,1,0,0,1,33.77534103393555,-118.15242004394533,LOS ANGELES,LONG BEACH,-118.15242004394533,33.775344848632805,0,Evening,0
2023,1905,2023-03-22,245,3,5,N,C,-,N,,,N,2,0,1,2,A,-,03,22350.0,,F,C,B,A,-,C,D,0,Y,Y,A,01,1,0,0,0,1,34.10675811767578,-117.90756988525392,LOS ANGELES,AZUSA,-117.90564727783205,34.10673522949219,0,Night,1
2023,1900,2023-03-28,1917,2,5,N,A,-,N,,,N,3,0,1,2,A,-,05,21651.0,B,N,D,A,H,-,A,A,0,Y,,C,02,0,1,0,0,1,33.89223861694336,-118.21616363525392,LOS ANGELES,COMPTON,-118.21616363525392,33.892295837402344,0,Evening,0
2023,1942,2023-04-29,5,6,5,Y,A,-,N,,,Y,3,0,2,2,A,-,01,23152.0,A,N,C,A,H,-,C,A,0,Y,Y,A,01,0,2,0,0,1,,,LOS ANGELES,LOS ANGELES,-118.35092926025392,34.032508850097656,1,Night,0
2023,1942,2023-04-07,1200,5,5,Y,A,-,N,,,Y,2,0,1,2,A,-,12,21453.0,A,N,D,A,H,-,A,A,0,Y,,C,02,1,0,0,0,1,,,LOS ANGELES,LOS ANGELES,-118.28237152099608,34.02290725708008,0,Midday,1
2023,1942,2023-04-06,1630,4,5,N,A,-,N,,,Y,2,0,1,2,A,-,03,22350.0,,F,D,A,H,-,B,D,0,Y,,-,99,1,0,0,0,1,,,LOS ANGELES,LOS ANGELES,-118.30939483642578,34.02648162841797,0,Evening,1
2023,1942,2023-05-05,2251,5,5,N,A,-,N,,,N,3,0,1,2,A,-,08,22107.0,,M,B,A,H,-,C,A,0,Y,Y,D,22,0,1,0,0,1,,,LOS ANGELES,LOS ANGELES,-118.25900268554688,34.03960037231445,0,Night,0
2023,1941,2023-03-31,1420,5,5,-,A,-,N,,,N,3,0,2,2,A,-,09,21801.0,A,N,D,A,H,-,A,D,0,Y,,A,01,0,1,1,0,1,33.78982925415039,-118.18163299560548,LOS ANGELES,LONG BEACH,-118.14385986328124,33.78984451293945,0,Midday,0
2023,1942,2023-03-28,1850,2,5,N,A,-,N,,,Y,4,0,1,2,A,-,03,22350.0,,F,A,A,H,-,C,A,0,Y,,D,22,0,0,1,0,1,,,LOS ANGELES,LOS ANGELES,-118.2865982055664,33.91641998291016,0,Evening,0
2023,1906,2023-05-09,1958,2,5,Y,A,-,N,,,Y,2,0,1,2,A,-,09,21802.0,A,N,D,A,H,-,B,A,0,Y,,A,01,1,0,0,0,1,,,LOS ANGELES,BALDWIN PARK,-117.97348785400392,34.08487319946289,0,Evening,1
2023,1906,2023-04-23,1557,7,5,N,A,-,N,,,N,3,0,1,2,A,-,03,22350.0,,N,C,A,H,-,A,D,0,Y,,C,02,0,1,0,0,1,,,LOS ANGELES,BALDWIN PARK,-117.96929168701172,34.10365295410156,1,Midday,0
2023,1900,2023-04-22,1550,6,5,N,A,-,N,,,Y,4,0,1,2,A,-,03,22350.0,,N,C,A,H,-,C,D,0,Y,,C,02,0,0,1,0,1,34.091880798339844,-118.3441162109375,LOS ANGELES,WEST HOLLYWOOD,-118.34409332275392,34.09226608276367,1,Midday,0
2023,1900,2023-04-26,914,3,5,N,A,-,N,,,N,3,0,1,2,A,-,21,22106.0,,N,B,A,H,-,A,A,0,Y,,A,07,0,1,0,0,1,34.09061813354492,-118.39295959472656,LOS ANGELES,WEST HOLLYWOOD,-118.3930206298828,34.090599060058594,0,Morning,0
2023,1900,2023-04-20,1525,4,5,N,A,-,N,,,N,4,0,1,2,A,-,07,21658.0,A,N,B,A,H,-,A,D,0,Y,,A,01,0,0,1,0,1,34.09431076049805,-118.36911010742188,LOS ANGELES,WEST HOLLYWOOD,-118.36904907226562,34.0943717956543,0,Midday,0
2023,1942,2023-04-23,2145,7,5,Y,A,-,N,,,N,2,0,1,2,A,-,12,21453.0,A,F,D,A,H,-,C,A,0,Y,,-,99,1,0,0,0,0,,,LOS ANGELES,LOS ANGELES,-118.33087921142578,33.9829216003418,1,Night,1
2023,1942,2023-05-12,1455,5,5,Y,A,-,N,,,Y,2,0,2,2,A,-,09,21802.0,A,N,D,A,H,-,A,B,0,Y,,A,07,1,0,1,0,1,,,LOS ANGELES,LOS ANGELES,-118.33847045898438,34.144813537597656,0,Midday,1
2023,1942,2023-05-02,2041,2,5,N,B,-,N,,,N,4,0,1,2,A,-,07,21658.0,A,F,B,A,H,-,C,D,0,Y,,C,02,0,0,1,0,1,,,LOS ANGELES,LOS ANGELES,-118.29013824462892,33.74332046508789,0,Night,0
2023,1907,2023-03-03,707,5,5,N,A,-,N,,,Y,3,0,1,1,A,-,03,22350.0,,N,H,A,B,-,A,D,0,Y,,C,02,0,1,0,0,1,33.99502944946289,-118.16863250732422,LOS ANGELES,BELL,-118.17086029052734,33.9968147277832,0,Morning,0
2023,1929,2023-05-04,1418,4,5,N,A,-,N,,,N,3,0,1,2,A,-,05,21650.0,1,N,D,A,H,-,A,A,0,Y,,O,05,0,1,0,0,1,33.86481857299805,-118.3930892944336,LOS ANGELES,HERMOSA BEACH,-118.3935089111328,33.86476516723633,0,Midday,0
2023,1942,2023-07-15,2130,6,5,N,A,-,N,,,Y,2,0,1,2,A,-,08,22102.0,,N,D,A,H,-,C,D,0,Y,,A,01,1,0,0,0,1,,,LOS ANGELES,LOS ANGELES,-118.38224792480467,34.177520751953125,1,Night,1
2023,1942,2023-07-14,1445,5,5,N,A,-,N,,,N,2,0,1,2,A,-,03,22350.0,,N,C,A,H,-,A,D,0,Y,,C,03,1,0,0,0,1,,,LOS ANGELES,LOS ANGELES,-118.30902099609376,33.94709396362305,0,Midday,1
2023,1942,2023-07-27,1700,4,5,N,A,-,N,,,N,2,0,1,2,A,-,12,21453.0,A,N,D,A,H,-,A,A,0,Y,,C,03,1,0,0,0,1,,,LOS ANGELES,LOS ANGELES,-118.29163360595705,34.059791564941406,0,Evening,1
2023,1942,2023-07-29,1520,6,5,Y,A,-,N,,,Y,2,0,1,2,A,-,09,21801.0,A,N,D,A,H,-,A,D,0,Y,,A,07,1,0,0,0,1,,,LOS ANGELES,LOS ANGELES,-118.42446136474608,34.035064697265625,1,Midday,1
2023,1942,2023-08-10,400,4,5,N,A,D,N,,,Y,3,0,1,2,A,-,09,21801.0,A,F,D,A,G,-,C,A,0,Y,Y,-,99,0,1,0,0,1,,,LOS ANGELES,LOS ANGELES,-118.24992370605467,34.045249938964844,0,Night,0
2023,1942,2023-05-31,1320,3,5,N,B,-,Y,H,-,Y,2,0,2,2,A,-,03,22350.0,,N,C,A,H,-,A,-,0,Y,,C,02,1,0,1,0,1,,,LOS ANGELES,LOS ANGELES,-118.279541015625,33.790321350097656,0,Midday,1
2023,1942,2023-04-30,1510,7,5,Y,A,-,N,,,Y,2,0,1,2,A,-,09,21802.0,A,N,D,A,H,-,A,A,0,Y,,A,07,1,0,0,0,1,,,LOS ANGELES,LOS ANGELES,-118.34487152099608,34.05612564086914,1,Midday,1
2023,1942,2023-04-16,1930,7,5,N,A,-,N,,,Y,2,0,2,2,A,-,09,21801.0,A,N,D,A,H,-,B,D,0,Y,,A,07,1,0,1,0,1,,,LOS ANGELES,LOS ANGELES,-118.36666870117188,34.050899505615234,1,Evening,1
2023,1942,2023-04-16,1645,7,5,N,A,-,N,,,Y,2,0,1,1,A,-,03,22350.0,,N,F,A,G,-,A,D,0,Y,,C,02,1,0,0,0,1,,,LOS ANGELES,LOS ANGELES,-118.37361145019533,34.120540618896484,1,Evening,1
2023,1942,2023-04-10,730,1,5,Y,A,-,N,,,Y,2,0,5,2,A,-,09,21801.0,B,N,D,A,H,-,A,D,0,Y,,C,02,1,0,4,0,1,,,LOS ANGELES,LOS ANGELES,-118.37020111083984,33.974998474121094,0,Morning,1
2023,1942,2023-04-08,2000,6,5,Y,A,-,N,,,Y,2,0,1,2,A,-,09,21801.0,,N,D,A,H,-,B,D,0,Y,,A,07,1,0,0,0,1,,,LOS ANGELES,LOS ANGELES,-118.45124053955078,33.99332427978516,1,Night,1
2023,1900,2023-05-23,1552,2,5,N,A,G,N,,,Y,3,0,1,2,A,-,09,21804.0,A,N,H,A,H,-,A,D,0,Y,,D,22,0,1,0,0,1,,,LOS ANGELES,LANCASTER,-118.13054656982422,34.71265411376953,0,Midday,0
2023,1942,2023-05-12,1930,5,5,Y,A,-,N,,,Y,3,0,1,2,A,-,09,21802.0,A,N,B,A,B,-,A,D,0,Y,,A,01,0,1,0,0,1,,,LOS ANGELES,LOS ANGELES,-118.29907989501952,33.822269439697266,0,Evening,0
2023,1941,2023-01-28,31,6,5,Y,A,-,N,,,Y,3,0,1,2,D,-,00,,,N,D,A,H,-,C,A,0,Y,,-,- ,0,1,0,0,0,33.80440902709961,-118.18502807617188,LOS ANGELES,LONG BEACH,-118.18502807617188,33.80437088012695,1,Night,0
2023,1941,2023-01-06,1715,5,5,Y,A,-,N,,,Y,2,0,2,3,A,-,09,21801.0,A,N,D,A,H,-,B,A,0,Y,,A,07,1,0,1,0,2,33.782588958740234,-118.15242004394533,LOS ANGELES,LONG BEACH,-118.15242004394533,33.782596588134766,0,Evening,1
2023,1953,2023-05-17,705,3,5,Y,A,-,N,,,Y,3,0,2,2,A,-,12,21453.0,A,N,A,A,H,-,A,A,0,Y,,-,- ,0,1,1,0,1,,,LOS ANGELES,PASADENA,-118.09860229492188,34.14981460571289,0,Morning,0
2023,1972,2023-05-11,1920,4,5,Y,A,-,N,,,N,4,0,1,2,A,-,09,21453.0,C,N,C,A,H,-,A,A,0,Y,,A,,0,0,1,0,1,,,LOS ANGELES,TORRANCE,-118.3623504638672,33.8486213684082,0,Evening,0
2023,1972,2023-05-09,1256,2,5,N,A,-,N,,,Y,4,0,1,3,A,-,07,21658.0,A,N,B,A,H,-,A,D,0,Y,,C,,0,0,1,0,1,,,LOS ANGELES,TORRANCE,-118.3440170288086,33.853519439697266,0,Midday,0
2023,1941,2023-05-01,2223,1,5,Y,A,-,N,,,Y,2,0,1,2,D,-,00,,,N,D,A,H,-,C,D,0,Y,,-,- ,1,0,0,0,1,33.852439880371094,-118.18492889404295,LOS ANGELES,LONG BEACH,-118.18499755859376,33.852439880371094,0,Night,1
2023,1941,2023-05-06,150,6,5,Y,A,-,N,,,Y,3,0,4,2,A,-,08,22107.0,,N,D,A,H,-,C,A,0,Y,,C,06,0,1,3,0,4,33.77534103393555,-118.17635345458984,LOS ANGELES,LONG BEACH,-118.17638397216795,33.775344848632805,1,Night,0
2023,1956,2023-04-28,1554,5,5,Y,A,-,N,,,Y,2,0,1,2,A,-,09,21800.0,B,N,D,A,H,-,A,A,0,Y,,A,01,1,0,0,0,1,38.87284851074219,-118.3727569580078,LOS ANGELES,REDONDO BEACH,-118.37276458740234,33.872779846191406,0,Midday,1
2023,1900,2023-05-18,2016,4,5,N,A,-,N,,,Y,2,0,2,2,A,-,12,21453.0,A,N,A,A,H,-,C,A,0,Y,,C,02,1,0,1,0,1,34.14347839355469,-118.76177978515624,LOS ANGELES,AGOURA HILLS,-118.76174926757812,34.14350509643555,0,Night,1
2023,1900,2023-05-29,1515,1,5,Y,A,-,N,,,N,2,0,1,1,A,-,03,22350.0,,N,E,A,H,-,A,D,0,Y,,C,02,1,0,0,0,1,34.029178619384766,-117.82359313964844,LOS ANGELES,INDUSTRY,-117.82359313964844,34.02924346923828,0,Midday,1
2023,1976,2023-05-18,1117,4,5,N,B,-,N,,,Y,3,0,1,2,A,-,06,21755.0,,N,D,A,H,-,A,D,0,Y,,C,02,0,1,0,0,1,,,LOS ANGELES,SANTA FE SPRINGS,-118.0644760131836,33.95271682739258,0,Midday,0
2023,1900,2023-06-04,917,7,5,N,A,-,N,,,Y,2,0,1,5,A,-,08,22102.0,,N,D,A,H,-,A,D,0,Y,,A,01,1,0,0,0,1,34.13536834716797,-118.63488006591795,LOS ANGELES,CALABASAS,-118.63437652587892,34.13541412353516,1,Morning,1
2023,1902,2023-06-06,1816,2,5,N,A,-,N,,,N,3,0,1,2,D,-,00,,,N,G,A,H,-,A,A,0,Y,,-,- ,0,1,0,0,1,,,LOS ANGELES,ARCADIA,-118.05980682373048,34.1234130859375,0,Evening,0
2023,1900,2023-06-06,840,2,5,N,A,-,N,,,N,2,0,1,2,A,-,08,22102.0,,N,D,A,H,-,A,A,0,Y,,A,01,1,0,0,0,0,33.82439041137695,-118.28125,LOS ANGELES,CARSON,-118.2812957763672,33.82439041137695,0,Morning,1
2023,1941,2023-04-30,559,7,5,Y,A,-,N,,,Y,3,0,1,2,A,-,09,21801.0,A,N,D,A,H,-,B,A,0,Y,,A,01,0,1,0,0,1,33.77172088623047,-118.18129730224608,LOS ANGELES,LONG BEACH,-118.18128204345705,33.771751403808594,1,Morning,0
2023,1941,2023-04-14,1453,5,5,N,A,-,N,,,N,3,0,1,2,D,-,00,,,N,C,A,H,-,A,D,0,Y,,-,- ,0,1,0,0,1,33.76520156860352,-118.17379760742188,LOS ANGELES,LONG BEACH,-118.17381286621094,33.76520156860352,0,Midday,0
2023,1941,2023-05-12,1920,5,5,N,A,-,N,,,Y,3,0,2,3,D,-,00,,,N,B,A,H,-,B,D,0,Y,,-,- ,0,1,1,0,1,33.80438995361328,-118.20893096923828,LOS ANGELES,LONG BEACH,-118.2088623046875,33.80438995361328,0,Evening,0
2023,1976,2023-05-22,1656,1,5,Y,A,-,N,,,Y,3,0,2,2,A,-,06,21755.0,A,N,D,A,H,-,A,D,0,Y,Y,C,02,0,1,1,0,1,,,LOS ANGELES,SANTA FE SPRINGS,-118.07622528076172,33.93533706665039,0,Evening,0
2023,1942,2023-05-10,1445,3,5,Y,A,-,N,,,Y,2,0,1,2,A,-,09,21801.0,A,M,A,A,H,-,A,A,0,Y,,C,02,1,0,0,0,1,,,LOS ANGELES,LOS ANGELES,-118.36481475830078,34.08377456665039,0,Midday,1
2023,1942,2023-05-16,843,2,5,Y,A,-,N,,,N,2,0,1,2,A,-,12,21453.0,A,N,D,A,H,-,A,A,0,Y,,A,07,1,0,0,0,1,,,LOS ANGELES,LOS ANGELES,-118.3514404296875,34.06237030029297,0,Morning,1
2023,1942,2023-05-21,1620,7,5,Y,A,-,N,,,Y,2,0,1,3,A,-,12,21453.0,A,N,D,A,H,-,A,A,0,Y,,C,02,1,0,0,0,1,,,LOS ANGELES,LOS ANGELES,-118.49723052978516,34.320167541503906,1,Evening,1
2023,1942,2023-05-17,1040,3,5,N,A,-,N,,,Y,2,0,1,2,A,-,08,22107.0,,N,B,A,H,-,A,A,0,Y,,C,02,1,0,0,0,1,,,LOS ANGELES,LOS ANGELES,-118.39537048339844,34.14388656616211,0,Morning,1