ACCIDENT_YEAR,JURIS,COLLISION_DATE,COLLISION_TIME,DAY_OF_WEEK,CHP_SHIFT,INTERSECTION,WEATHER_1,WEATHER_2,STATE_HWY_IND,LOCATION_TYPE,RAMP_INTERSECTION,TOW_AWAY,COLLISION_SEVERITY,NUMBER_KILLED,NUMBER_INJURED,PARTY_COUNT,PRIMARY_COLL_FACTOR,PCF_CODE_OF_VIOL,PCF_VIOL_CATEGORY,PCF_VIOLATION,PCF_VIOL_SUBSECTION,HIT_AND_RUN,TYPE_OF_COLLISION,ROAD_SURFACE,ROAD_COND_1,ROAD_COND_2,LIGHTING,CONTROL_DEVICE,CHP_ROAD_TYPE,MOTORCYCLE_ACCIDENT,ALCOHOL_INVOLVED,STWD_VEHTYPE_AT_FAULT,CHP_VEHTYPE_AT_FAULT,COUNT_SEVERE_INJ,COUNT_VISIBLE_INJ,COUNT_COMPLAINT_PAIN,COUNT_MC_KILLED,COUNT_MC_INJURED,LATITUDE,LONGITUDE,COUNTY,CITY,POINT_X,POINT_Y,IS_WEEKEND,TIME_OF_DAY,SEVERE_FATAL
2023,9670,2023-09-09,1055,6,1,N,A,-,Y,H,,N,1,1,0,1,A,-,03,22350,,N,F,A,H,-,A,D,0,Y,,C,02,0,0,0,1,0,33.774898529052734,-118.03838348388672,ORANGE,GARDEN GROVE,-118.03840637207031,33.774745941162109,1,Morning,1
2023,9675,2023-09-01,1440,5,2,N,A,-,Y,H,,N,3,0,1,2,A,-,08,22107,,N,B,A,H,-,A,D,0,Y,,C,02,0,1,0,0,1,33.847019195556641,-117.83193969726562,ORANGE,ANAHEIM,-117.83200073242188,33.846965789794922,0,Midday,0
2023,9675,2023-09-02,1535,6,2,N,B,-,N,,,N,4,0,1,1,A,-,03,22350,,N,E,A,H,-,A,D,0,Y,,C,02,0,0,1,0,1,33.746509552001953,-117.66899108886719,ORANGE,UNINCORPORATED,-117.68042755126953,33.750068664550781,1,Midday,0
2023,9675,2023-09-02,1740,6,2,N,A,-,Y,H,,N,2,0,1,1,A,-,03,22350,,N,F,A,H,-,A,D,0,Y,,C,02,1,0,0,0,1,33.673679351806641,-117.83502197265625,ORANGE,IRVINE,-117.83499908447266,33.673728942871094,1,Evening,1
2023,9670,2023-09-09,2254,6,3,N,A,-,Y,H,,N,4,0,1,1,A,-,08,22107,,N,E,A,D,E,C,D,0,Y,,C,02,0,0,1,0,1,33.748828887939453,-118.00965881347656,ORANGE,WESTMINSTER,-118.00965881347656,33.748828887939453,1,Night,0
2023,9675,2023-09-04,1135,1,1,N,B,-,Y,H,,N,3,0,1,1,A,-,03,22350,,N,F,A,H,-,A,D,0,Y,,C,02,0,1,0,0,1,33.786411285400391,-117.83077239990234,ORANGE,ORANGE,-117.83089447021484,33.786411285400391,0,Midday,0
2023,9670,2023-09-07,1446,4,2,N,A,-,Y,H,,N,2,0,1,3,A,-,03,22350,,N,C,A,H,-,A,D,0,Y,,C,02,1,0,0,0,1,33.856159210205078,-118.00514221191406,ORANGE,BUENA PARK,-118.00514221191406,33.856124877929688,0,Midday,1
2023,9675,2023-09-02,1220,6,1,N,A,-,Y,H,,Y,4,0,1,4,A,-,03,22350,,M,C,A,H,-,A,D,0,Y,,C,02,0,0,1,0,1,33.760089874267578,-117.86255645751953,ORANGE,SANTA ANA,-117.86260986328125,33.760047912597656,1,Midday,0
2023,9675,2023-09-04,1015,1,1,N,A,-,Y,,,Y,3,0,1,1,A,-,03,22350,,N,E,A,H,-,A,D,0,Y,,C,02,0,1,0,0,1,33.641620635986328,-117.85870361328125,ORANGE,IRVINE,-117.85870361328125,33.641620635986328,0,Morning,0
2023,9675,2023-09-06,750 ,3,1,N,A,-,Y,H,,Y,4,0,1,2,A,-,07,21658,A,N,C,A,H,-,D,D,0,Y,,A,01,0,0,1,0,1,33.871509552001953,-117.70208740234375,ORANGE,ANAHEIM,-117.7020263671875,33.871406555175781,0,Morning,0
2023,9675,2023-09-07,1635,4,2,N,A,-,Y,H,,N,4,0,1,3,A,-,07,21658,A,N,B,A,H,-,A,D,0,Y,,D,22,0,0,1,0,1,33.850509643554688,-117.8448486328125,ORANGE,ANAHEIM,-117.8448486328125,33.850502014160156,0,Evening,0
2023,9675,2023-09-10,245 ,7,3,N,A,-,Y,H,,N,3,0,1,1,A,-,08,22107,,N,F,A,H,-,C,D,0,Y,,C,02,0,1,0,0,1,33.640251159667969,-117.73123931884766,ORANGE,IRVINE,-117.73130035400391,33.640220642089844,1,Night,0
2023,9675,2023-09-09,2045,6,2,N,A,-,Y,H,,N,3,0,1,2,A,-,07,21658,A,F,F,A,H,-,D,D,0,Y,,-,99,0,1,0,0,1,33.742279052734375,-117.83875274658203,ORANGE,SANTA ANA,-117.83873748779297,33.742298126220703,1,Night,0
2023,9675,2023-09-10,1105,7,1,N,B,-,Y,,,N,3,0,1,1,A,-,03,22350,,N,F,A,H,-,A,D,0,Y,,C,02,0,1,0,0,1,33.851421356201172,-117.87496185302734,ORANGE,ANAHEIM,-117.87496185302734,33.851421356201172,1,Midday,0
2023,9690,2023-09-09,1233,6,1,N,A,-,Y,H,,N,3,0,1,2,A,-,07,21658,A,N,B,A,D,-,A,D,0,Y,,A,01,0,1,0,0,1,33.586700439453125,-117.67160034179688,ORANGE,MISSION VIEJO,-117.67149353027344,33.586696624755859,1,Midday,0
2023,9675,2023-09-08,1730,5,2,N,A,-,Y,H,,Y,4,0,1,1,A,-,03,22350,,N,E,A,H,-,A,D,0,Y,,C,02,0,0,1,0,1,33.687099456787109,-117.89898681640625,ORANGE,COSTA MESA,-117.89900207519531,33.687084197998047,0,Evening,0
2023,9675,2023-09-10,1630,7,2,N,A,-,Y,H,,N,3,0,1,2,A,-,08,22107,,N,C,A,H,-,A,D,0,Y,,C,02,0,1,0,0,1,33.942008972167969,-117.87368011474609,ORANGE,BREA,-117.87364959716797,33.941978454589844,1,Evening,0
2023,9670,2023-09-19,2130,2,2,N,A,-,Y,H,,N,3,0,1,1,A,-,08,22107,,N,F,A,H,-,C,D,0,Y,,C,02,0,1,0,0,1,33.854148864746094,-117.93051910400391,ORANGE,ANAHEIM,-117.93051147460938,33.854209899902344,0,Night,0
2023,9670,2023-09-20,1500,3,2,N,A,-,Y,H,,N,3,0,1,2,A,-,07,21658,A,N,B,A,H,-,A,D,0,Y,,A,01,0,1,0,0,1,33.862018585205078,-117.99085998535156,ORANGE,FULLERTON,-117.99086761474609,33.862007141113281,0,Midday,0
2023,9675,2023-09-18,1605,1,2,N,A,-,Y,H,,N,4,0,1,2,A,-,08,22107,,N,B,A,H,-,A,D,0,Y,,C,02,0,0,1,0,1,33.870361328125,-117.74488067626953,ORANGE,ANAHEIM,-117.74485015869141,33.870227813720703,0,Evening,0
2023,9675,2023-09-19,1140,2,1,N,A,-,Y,H,,Y,3,0,1,2,A,-,03,22350,,N,C,A,D,-,A,D,0,Y,,A,07,0,1,0,0,1,33.706390380859375,-117.85417175292969,ORANGE,SANTA ANA,-117.8541259765625,33.70635986328125,0,Midday,0
2023,9675,2023-09-20,1725,3,2,N,A,-,Y,H,,N,2,0,1,2,A,-,07,21658,A,N,F,A,H,-,A,D,0,Y,,A,08,1,0,0,0,1,33.777198791503906,-117.87470245361328,ORANGE,SANTA ANA,-117.87459564208984,33.777256011962891,0,Evening,1
2023,9675,2023-09-22,1530,5,2,N,A,-,Y,H,,N,4,0,1,3,A,-,07,21658,A,N,B,A,H,-,A,D,0,Y,,A,01,0,0,1,0,1,33.705341339111328,-117.77835083007812,ORANGE,IRVINE,-117.77828216552734,33.705371856689453,0,Midday,0
2023,9690,2023-09-23,939 ,6,1,N,A,-,Y,H,,Y,2,0,1,2,A,-,07,21658,A,N,B,A,D,-,A,D,0,Y,,A,01,1,0,0,0,1,33.608131408691406,-117.69786834716797,ORANGE,LAGUNA HILLS,-117.6978759765625,33.608119964599609,1,Morning,1
2023,9675,2023-09-19,1604,2,2,Y,A,-,N,,,Y,2,0,1,2,A,-,05,21752,D,N,A,A,H,-,A,D,0,Y,,C,02,1,0,0,0,1,33.940769195556641,-117.87818908691406,ORANGE,UNINCORPORATED,,,0,Evening,1
2023,9670,2023-09-21,1720,4,2,N,A,-,Y,,,Y,3,0,1,2,A,-,07,21658,A,N,B,A,H,-,A,D,0,Y,,A,08,0,1,0,0,1,33.421028137207031,-117.57057189941406,ORANGE,FOUNTAIN VALLEY,-117.95057678222656,33.7025146484375,0,Evening,0
2023,9675,2023-08-31,900 ,4,1,N,A,-,Y,,,N,2,0,1,2,A,-,03,22350,,N,F,A,H,-,A,D,0,Y,,C,02,1,0,0,0,1,33.777950286865234,-117.87236022949219,ORANGE,SANTA ANA,-117.87236022949219,33.777950286865234,0,Morning,1
2023,9675,2023-09-28,1533,4,2,N,A,-,Y,H,,Y,2,0,1,3,A,-,03,22350,,N,B,A,H,-,A,D,0,Y,,C,02,1,0,0,0,1,33.777599334716797,-117.87500762939453,ORANGE,SANTA ANA,-117.87490844726562,33.777656555175781,0,Midday,1
2023,9675,2023-09-30,1825,6,2,N,B,-,Y,H,,Y,3,0,1,2,A,-,03,22350,,N,C,A,H,-,C,D,0,Y,,C,02,0,1,0,0,1,33.771800994873047,-117.87021636962891,ORANGE,SANTA ANA,-117.8701171875,33.771862030029297,1,Evening,0
2023,9675,2023-10-01,1420,7,2,N,A,-,Y,H,,N,3,0,1,1,C,-,18,,,N,F,A,H,-,A,D,0,Y,,-,- ,0,1,0,0,1,33.676788330078125,-117.88247680664062,ORANGE,COSTA MESA,-117.88242340087891,33.676750183105469,1,Midday,0
2023,9675,2023-10-02,1900,1,2,N,A,-,Y,,,Y,3,0,1,1,A,-,03,22350,,F,E,A,H,-,A,D,0,Y,,C,02,0,1,0,0,1,33.679538726806641,-117.75840759277344,ORANGE,IRVINE,-117.75840759277344,33.679538726806641,0,Evening,0
2023,9670,2023-10-03,730 ,2,1,N,A,-,Y,H,,Y,4,0,1,2,A,-,07,21658,A,N,C,A,H,-,A,A,0,Y,,A,01,0,0,1,0,1,33.774379730224609,-118.02926635742188,ORANGE,GARDEN GROVE,-118.02926635742188,33.774417877197266,0,Morning,0
2023,9675,2023-10-03,708 ,2,1,N,A,-,Y,H,,Y,2,0,1,4,A,-,07,21658,A,N,B,A,H,-,A,D,0,Y,,A,07,1,0,0,0,1,33.757350921630859,-117.8314208984375,ORANGE,TUSTIN,-117.83139801025391,33.757347106933594,0,Morning,1
2023,9675,2023-10-04,1858,3,2,N,A,-,Y,H,,N,3,0,1,2,A,-,07,21658,A,N,B,A,H,-,C,D,0,Y,,A,07,0,1,0,0,1,33.865169525146484,-117.76712036132812,ORANGE,ANAHEIM,-117.76710510253906,33.865154266357422,0,Evening,0
2023,9675,2023-10-04,1830,3,2,N,A,-,Y,H,,N,2,0,1,1,A,-,03,22350,,N,E,A,H,-,B,D,0,Y,,C,02,1,0,0,0,1,33.776920318603516,-117.87477874755859,ORANGE,ORANGE,-117.87478637695312,33.77691650390625,0,Evening,1
2023,9690,2023-10-01,2025,7,2,Y,A,-,N,,,N,4,0,1,2,A,-,09,21803,A,F,F,A,H,-,C,A,0,Y,,-,99,0,0,1,0,1,33.549209594726562,-117.64579010009766,ORANGE,UNINCORPORATED,-117.64601898193359,33.549186706542969,1,Night,0
2023,9670,2023-08-13,214 ,7,3,N,A,-,Y,H,,Y,1,1,0,2,A,-,01,23152,A,F,C,A,H,-,D,D,0,Y,,C,02,0,0,0,1,0,33.854061126708984,-117.96630096435547,ORANGE,ANAHEIM,-117.96630096435547,33.85406494140625,1,Night,1
2023,9670,2023-10-10,1850,2,2,N,A,-,Y,H,,N,3,0,1,2,A,-,07,21658,A,M,F,A,D,-,B,D,0,Y,,-,99,0,1,0,0,1,33.700359344482422,-117.94602966308594,ORANGE,FOUNTAIN VALLEY,-117.94602966308594,33.700359344482422,0,Evening,0
2023,9675,2023-10-08,1455,7,2,N,A,-,Y,H,,N,3,0,1,2,A,-,07,21658,A,N,F,A,H,-,A,D,0,Y,,A,07,0,1,0,0,1,33.741508483886719,-117.83685302734375,ORANGE,TUSTIN,-117.83680725097656,33.741588592529297,1,Midday,0
2023,9675,2023-10-10,1355,2,1,N,A,-,Y,,,N,4,0,1,2,A,-,07,21658,A,M,B,A,H,-,A,D,0,Y,,-,99,0,0,1,0,1,33.909721374511719,-117.88204956054688,ORANGE,BREA,-117.88204956054688,33.909721374511719,0,Midday,0
2023,9675,2023-10-12,1750,4,2,N,A,-,Y,H,,N,3,0,1,2,A,-,07,21658,A,N,C,A,H,-,A,D,0,Y,,A,01,0,1,0,0,1,33.868450164794922,-117.75968170166016,ORANGE,ANAHEIM,-117.75966644287109,33.868415832519531,0,Evening,0
2023,9675,2023-10-13,1705,5,2,N,A,-,Y,H,,N,4,0,1,2,A,-,03,22350,,N,C,A,H,-,A,D,0,Y,,C,02,0,0,1,0,1,33.708671569824219,-117.78089904785156,ORANGE,IRVINE,-117.78081512451172,33.708724975585938,0,Evening,0
2023,9670,2023-10-18,1740,3,2,N,A,-,N,,,N,2,0,1,1,A,-,03,22350,,N,F,A,H,-,A,D,0,Y,,C,02,1,0,0,0,1,33.744621276855469,-117.98616027832031,ORANGE,UNINCORPORATED,-117.98623657226562,33.744693756103516,0,Evening,1
2023,9690,2023-10-11,1515,3,2,N,A,-,Y,H,,Y,2,0,1,2,A,-,03,22350,,N,C,A,H,-,A,D,0,Y,,C,02,1,0,0,0,1,33.520370483398438,-117.66558074951172,ORANGE,SAN JUAN CAPISTRANO,-117.66548919677734,33.520397186279297,0,Midday,1
2023,9670,2023-10-16,545 ,1,3,N,A,-,Y,H,,N,4,0,1,2,A,-,08,22107,,N,B,A,D,-,C,D,0,Y,,C,02,0,0,1,0,1,33.774280548095703,-118.04753875732422,ORANGE,SEAL BEACH,-118.04756164550781,33.7744140625,0,Morning,0
2023,9675,2023-10-16,708 ,1,1,N,A,-,Y,H,,N,4,0,1,2,A,-,07,21658,A,F,B,A,H,-,A,D,0,Y,,A,01,0,0,1,0,1,33.90325927734375,-117.88107299804688,ORANGE,FULLERTON,-117.88113403320312,33.903263092041016,0,Morning,0
2023,9675,2023-10-16,1440,1,2,N,A,-,Y,H,,N,4,0,1,2,A,-,07,21658,A,N,B,A,H,-,A,D,0,Y,,A,01,0,0,1,0,1,33.719169616699219,-117.79438781738281,ORANGE,IRVINE,-117.79432678222656,33.719230651855469,0,Midday,0
2023,9675,2023-10-17,1739,2,2,N,A,-,Y,,,Y,3,0,1,1,A,-,01,23152,A,N,E,A,D,-,B,D,0,Y,Y,C,02,0,1,0,0,1,33.707180023193359,-117.85381317138672,ORANGE,SANTA ANA,-117.85381317138672,33.707180023193359,0,Evening,0
2023,9670,2023-10-24,1841,2,2,N,A,-,Y,H,,Y,3,0,1,1,A,-,03,22350,,N,F,A,H,-,C,D,0,Y,,-,- ,0,1,0,0,1,33.853988647460938,-117.92256164550781,ORANGE,FULLERTON,-117.92255401611328,33.853927612304688,0,Evening,0
2023,9675,2023-10-17,1050,2,1,N,A,-,Y,H,,N,4,0,1,1,A,-,03,22350,,N,E,A,H,-,A,D,0,Y,,C,02,0,0,1,0,1,33.844520568847656,-117.82711791992188,ORANGE,ANAHEIM,-117.82711791992188,33.844558715820312,0,Morning,0
2023,9675,2023-10-20,804 ,5,1,N,A,-,Y,H,,N,2,0,1,2,A,-,00,22017,,N,B,A,H,-,A,D,0,Y,,A,01,1,0,0,0,1,33.760929107666016,-117.83107757568359,ORANGE,SANTA ANA,-117.83119201660156,33.760929107666016,0,Morning,1
2023,9675,2023-10-20,1425,5,2,N,A,-,Y,H,,Y,3,0,1,1,A,-,08,22107,,M,F,A,H,-,A,D,0,Y,,C,02,0,1,0,0,1,33.682521820068359,-117.89411926269531,ORANGE,COSTA MESA,-117.89409637451172,33.682537078857422,0,Midday,0
2023,9675,2023-10-21,1709,6,2,N,A,-,Y,H,,N,3,0,1,2,A,-,08,22107,,N,F,A,H,-,A,D,0,Y,,-,- ,0,1,0,0,1,33.793849945068359,-117.83071899414062,ORANGE,ORANGE,-117.83079528808594,33.793849945068359,1,Evening,0
2023,9675,2023-10-17,2000,2,2,N,A,-,Y,,,N,4,0,1,1,A,-,03,22350,,M,F,A,H,-,C,D,0,Y,,C,02,0,0,1,0,1,33.672630310058594,-117.88469696044922,ORANGE,COSTA MESA,-117.88469696044922,33.672630310058594,0,Night,0
2023,9670,2023-03-03,2353,5,3,N,A,-,Y,H,,Y,1,1,0,3,A,-,01,23152,G,M,E,A,H,-,D,D,0,Y,,C,02,0,0,0,1,0,33.766269683837891,-117.92529296875,ORANGE,GARDEN GROVE,-117.92530822753906,33.766338348388672,0,Night,1
2023,9675,2023-10-24,555 ,2,3,N,A,-,Y,H,,N,4,0,1,2,A,-,08,22107,,N,B,A,H,-,D,D,0,Y,,-,- ,0,0,1,0,1,33.8709716796875,-117.73603057861328,ORANGE,ANAHEIM,-117.73599243164062,33.871120452880859,0,Morning,0
2023,9675,2023-10-27,2310,5,3,N,A,-,Y,H,,Y,4,0,1,1,A,-,08,22107,,N,F,A,H,-,C,D,0,Y,,C,02,0,0,1,0,1,33.674430847167969,-117.83734893798828,ORANGE,IRVINE,-117.83730316162109,33.674526214599609,0,Night,0
2023,9675,2023-10-16,2335,1,3,N,A,-,Y,H,,Y,2,0,1,2,A,-,03,22350,,F,C,A,D,-,C,A,0,Y,,C,02,1,0,0,0,1,33.842411041259766,-117.83029174804688,ORANGE,ORANGE,-117.83024597167969,33.842376708984375,0,Night,1
2023,9675,2023-10-18,1821,3,2,N,A,-,Y,H,,Y,3,0,1,2,A,-,08,22107,,N,B,A,H,-,B,D,0,Y,,A,01,0,1,0,0,1,33.673511505126953,-117.83453369140625,ORANGE,IRVINE,-117.83450317382812,33.673561096191406,0,Evening,0
2023,9675,2023-10-28,1200,6,1,N,A,-,Y,,,N,2,0,1,1,A,-,03,22350,,N,F,A,H,-,A,D,0,Y,,C,02,1,0,0,0,1,33.747749328613281,-117.84255218505859,ORANGE,SANTA ANA,-117.84255218505859,33.747749328613281,1,Midday,1
2023,9675,2023-10-28,2250,6,3,N,A,-,Y,,,Y,4,0,1,1,A,-,03,22350,,N,F,A,H,-,C,D,0,Y,,-,- ,0,0,1,0,1,33.833648681640625,-117.83496856689453,ORANGE,TUSTIN,-117.83534240722656,33.833721160888672,1,Night,0
2023,9670,2023-11-05,1210,7,1,Y,A,-,N,,,Y,4,0,2,2,A,-,09,21801,A,N,D,A,H,-,A,A,0,Y,,A,01,0,0,2,0,1,33.74468994140625,-117.99150848388672,ORANGE,UNINCORPORATED,-117.99149322509766,33.74468994140625,1,Midday,0
2023,9675,2023-10-30,1510,1,2,N,A,-,Y,H,,N,4,0,1,2,A,-,07,21658,A,F,B,A,H,-,A,D,0,Y,,-,99,0,0,1,0,1,33.786361694335938,-117.83109283447266,ORANGE,ORANGE,-117.83120727539062,33.786361694335938,0,Midday,0
2023,9675,2023-09-19,1634,2,2,N,A,-,Y,H,,N,3,0,1,2,A,-,07,21658,A,F,B,A,H,-,A,D,0,Y,,A,01,0,1,0,0,1,33.870689392089844,-117.73593902587891,ORANGE,ANAHEIM,-117.73596954345703,33.870563507080078,0,Evening,0
2023,9675,2023-10-26,1526,4,2,N,A,-,Y,H,,N,2,0,1,2,A,-,03,22350,,F,B,A,H,-,A,D,0,Y,,C,02,1,0,0,0,1,33.790500640869141,-117.88002014160156,ORANGE,ORANGE,-117.88008880615234,33.790504455566406,0,Midday,1
2023,9675,2023-11-01,916 ,3,1,N,A,-,Y,H,,N,4,0,1,3,A,-,07,21658,A,N,B,A,H,-,A,D,0,Y,,A,01,0,0,1,0,1,33.814918518066406,-117.87716674804688,ORANGE,ANAHEIM,-117.87722778320312,33.814937591552734,0,Morning,0
2023,9675,2023-11-02,631 ,4,1,N,A,-,Y,H,,N,4,0,1,2,A,-,08,22107,,N,C,A,H,-,B,D,0,Y,,A,01,0,0,1,0,1,33.748710632324219,-117.84368896484375,ORANGE,SANTA ANA,-117.84378051757812,33.748672485351562,0,Morning,0
2023,9670,2023-10-26,1500,4,2,N,A,-,Y,H,,N,2,0,1,2,A,-,07,21658,A,N,B,A,H,-,A,A,0,Y,,D,22,1,0,0,0,1,33.774520874023438,-118.08229827880859,ORANGE,SEAL BEACH,-118.08229827880859,33.7745361328125,0,Midday,1
2023,9670,2023-10-30,1749,1,2,N,A,-,Y,H,,Y,3,0,1,2,A,-,07,21658,A,N,B,A,H,-,B,D,0,Y,,D,22,0,1,0,0,1,33.772079467773438,-117.90923309326172,ORANGE,GARDEN GROVE,-117.90923309326172,33.772083282470703,0,Evening,0
2023,9670,2023-11-02,807 ,4,1,N,A,-,Y,H,,N,4,0,1,3,A,-,07,21658,A,N,B,A,H,-,B,D,0,Y,,A,01,0,0,1,0,1,33.765869140625,-117.95088958740234,ORANGE,GARDEN GROVE,-117.95088958740234,33.765842437744141,0,Morning,0
2023,9675,2023-11-07,1536,2,2,N,A,-,Y,H,,Y,3,0,1,2,A,-,07,21658,A,N,C,A,H,-,A,D,0,Y,,A,01,0,1,0,0,1,33.683910369873047,-117.85907745361328,ORANGE,UNINCORPORATED,-117.85914611816406,33.683795928955078,0,Midday,0
2023,9670,2023-08-13,216 ,7,3,N,A,-,Y,H,,Y,4,0,1,2,C,-,18,,,N,C,A,H,-,D,D,0,Y,,-,- ,0,0,1,0,0,33.853721618652344,-117.96379089355469,ORANGE,FULLERTON,-117.96379089355469,33.853767395019531,1,Night,0
2023,9670,2023-08-13,215 ,7,3,N,A,-,Y,H,,Y,4,0,1,2,C,-,18,,,N,C,A,H,-,D,D,0,Y,,-,- ,0,0,1,0,0,33.853721618652344,-117.96379089355469,ORANGE,FULLERTON,-117.96379089355469,33.853767395019531,1,Night,0
2023,9675,2023-10-31,915 ,2,1,N,A,-,Y,H,,N,4,0,1,2,A,-,03,22350,,N,C,A,H,-,A,D,0,Y,,C,02,0,0,1,0,1,33.699310302734375,-117.774658203125,ORANGE,IRVINE,-117.77472686767578,33.69927978515625,0,Morning,0
2023,9675,2023-11-07,1653,2,2,N,A,-,Y,H,,N,4,0,1,2,A,-,07,21658,A,N,B,A,H,-,B,D,0,Y,,A,01,0,0,1,0,1,33.850101470947266,-117.84661102294922,ORANGE,ANAHEIM,-117.84659576416016,33.850063323974609,0,Evening,0
2023,9675,2023-11-08,1740,3,2,N,A,-,Y,H,,Y,3,0,1,2,A,-,07,21658,A,N,B,A,H,-,C,D,0,Y,,A,01,0,1,0,0,1,33.722198486328125,-117.79873657226562,ORANGE,TUSTIN,-117.79867553710938,33.722263336181641,0,Evening,0
2023,9675,2023-11-06,2222,1,3,N,B,-,Y,H,,N,4,0,1,2,A,-,07,21658,A,N,B,A,H,-,C,D,0,Y,,A,01,0,0,1,0,1,33.730560302734375,-117.81124877929688,ORANGE,TUSTIN,-117.81130981445312,33.730499267578125,0,Night,0
2023,9690,2023-10-31,1800,2,2,N,A,-,N,,,Y,2,0,1,2,A,-,08,22103,,N,D,A,H,-,C,D,0,Y,,D,22,1,0,0,0,1,33.555049896240234,-117.63440704345703,ORANGE,UNINCORPORATED,-117.63433837890625,33.555099487304688,0,Evening,1
2023,9690,2023-10-26,2120,4,2,N,B,-,Y,H,,Y,3,0,1,2,A,-,03,22350,,N,C,A,D,-,D,A,0,Y,,C,02,0,1,0,0,1,33.601509094238281,-117.68434143066406,ORANGE,MISSION VIEJO,-117.68436431884766,33.601470947265625,0,Night,0
2023,9675,2023-11-09,1650,4,2,N,A,-,Y,H,,N,3,0,1,2,A,-,07,21658,A,N,B,A,H,-,A,D,0,Y,,A,01,0,1,0,0,1,33.764198303222656,-117.86530303955078,ORANGE,SANTA ANA,-117.86518096923828,33.764247894287109,0,Evening,0
2023,9690,2023-11-08,705 ,3,1,N,A,-,Y,,,Y,4,0,1,2,A,-,03,22350,,N,C,A,H,-,A,D,0,Y,,C,02,0,0,1,0,1,33.606010437011719,-117.69026947021484,ORANGE,MISSION VIEJO,-117.69026947021484,33.606010437011719,0,Morning,0
2023,9675,2023-11-13,245 ,1,3,N,B,-,Y,H,,Y,2,0,1,1,A,-,01,23152,A,N,F,A,H,-,C,D,0,Y,Y,C,02,1,0,0,0,1,33.884769439697266,-117.88047027587891,ORANGE,FULLERTON,-117.88033294677734,33.884773254394531,0,Night,1
2023,9675,2023-11-13,1934,1,2,N,A,-,Y,H,,N,3,0,1,3,A,-,06,21755,A,M,B,A,H,-,C,D,0,Y,,C,02,0,1,0,0,1,33.941089630126953,-117.87496948242188,ORANGE,BREA,-117.87494659423828,33.941070556640625,0,Evening,0
2023,9675,2023-11-13,1810,1,2,N,A,-,Y,H,,N,3,0,1,3,A,-,07,21658,A,N,B,A,H,-,C,D,0,Y,,A,01,0,1,0,0,1,33.667018890380859,-117.88047790527344,ORANGE,COSTA MESA,-117.88047790527344,33.667022705078125,0,Evening,0
2023,9675,2023-11-13,1902,1,2,N,B,-,Y,H,,N,3,0,1,2,A,-,07,21658,,F,F,A,H,-,C,D,0,Y,,-,99,0,1,0,0,1,33.837600708007812,-117.87610626220703,ORANGE,ANAHEIM,-117.87623596191406,33.837600708007812,0,Evening,0
2023,9675,2023-11-16,814 ,4,1,N,A,-,Y,H,,N,3,0,1,2,A,-,08,22107,,N,F,A,H,-,A,D,0,Y,,A,07,0,1,0,0,1,33.752628326416016,-117.84770202636719,ORANGE,SANTA ANA,-117.84776306152344,33.752559661865234,0,Morning,0
2023,9675,2023-11-12,918 ,7,1,N,A,-,Y,H,,N,2,0,2,3,A,-,01,23152,A,N,B,A,H,-,A,D,0,Y,Y,A,01,1,0,1,0,1,33.633251190185547,-117.72592163085938,ORANGE,IRVINE,-117.72606658935547,33.633144378662109,1,Morning,1
2023,9675,2023-11-19,1020,7,1,N,A,-,Y,H,,N,4,0,1,2,A,-,03,22350,,N,C,A,H,-,A,D,0,Y,,C,02,0,0,1,0,1,33.87213134765625,-117.6998291015625,ORANGE,ANAHEIM,-117.69978332519531,33.872062683105469,1,Morning,0
2023,9670,2023-11-19,1045,7,1,N,A,-,N,,,Y,4,0,1,2,A,-,08,22107,,N,F,A,H,-,A,D,0,Y,,C,02,0,0,1,0,1,33.739540100097656,-117.98944091796875,ORANGE,UNINCORPORATED,-117.98972320556641,33.739486694335938,1,Morning,0
2023,9690,2023-11-23,1950,4,2,N,A,-,Y,H,,Y,2,0,1,3,A,-,07,21658,A,N,B,A,H,-,C,D,0,Y,,A,01,1,0,0,0,1,33.456279754638672,-117.65135955810547,ORANGE,SAN CLEMENTE,-117.65135192871094,33.456298828125,0,Evening,1
2023,9675,2023-11-25,110 ,6,3,N,A,-,Y,H,,N,3,0,2,2,A,-,08,22107,,N,E,A,H,-,D,D,0,Y,,-,- ,0,2,0,0,2,33.649501800537109,-117.91065216064453,ORANGE,COSTA MESA,-117.91077423095703,33.649585723876953,1,Night,0