ACCIDENT_YEAR,JURIS,COLLISION_DATE,COLLISION_TIME,DAY_OF_WEEK,CHP_SHIFT,INTERSECTION,WEATHER_1,WEATHER_2,STATE_HWY_IND,LOCATION_TYPE,RAMP_INTERSECTION,TOW_AWAY,COLLISION_SEVERITY,NUMBER_KILLED,NUMBER_INJURED,PARTY_COUNT,PRIMARY_COLL_FACTOR,PCF_CODE_OF_VIOL,PCF_VIOL_CATEGORY,PCF_VIOLATION,PCF_VIOL_SUBSECTION,HIT_AND_RUN,TYPE_OF_COLLISION,ROAD_SURFACE,ROAD_COND_1,ROAD_COND_2,LIGHTING,CONTROL_DEVICE,CHP_ROAD_TYPE,MOTORCYCLE_ACCIDENT,ALCOHOL_INVOLVED,STWD_VEHTYPE_AT_FAULT,CHP_VEHTYPE_AT_FAULT,COUNT_SEVERE_INJ,COUNT_VISIBLE_INJ,COUNT_COMPLAINT_PAIN,COUNT_MC_KILLED,COUNT_MC_INJURED,LATITUDE,LONGITUDE,COUNTY,CITY,POINT_X,POINT_Y,IS_WEEKEND,TIME_OF_DAY,SEVERE_FATAL
2023,9690,2023-12-03,1415,7,2,N,A,-,Y,H,,Y,2,0,3,2,A,-,01,23153,A,F,B,A,H,-,A,D,0,Y,Y,D,22,2,0,1,0,2,33.543380737304688,-117.54929351806641,ORANGE,UNINCORPORATED,-117.54930114746094,33.543376922607422,1,Midday,1
2023,9675,2023-11-29,854 ,3,1,N,A,-,Y,H,,Y,4,0,1,2,A,-,03,22350,,N,C,A,H,-,A,D,0,Y,,C,02,0,0,1,0,1,33.735691070556641,-117.81909942626953,ORANGE,TUSTIN,-117.81916046142578,33.735588073730469,0,Morning,0
2023,9675,2023-11-30,1730,4,2,N,B,-,Y,H,,N,2,0,1,2,A,-,03,22350,,N,C,A,H,-,C,D,0,Y,,C,02,1,0,0,0,1,33.642219543457031,-117.85942840576172,ORANGE,IRVINE,-117.85942077636719,33.642223358154297,0,Evening,1
2023,9670,2023-11-28,1710,2,2,N,A,-,Y,H,,Y,3,0,1,2,A,-,07,21658,A,N,C,A,H,-,C,D,0,Y,,A,07,0,1,0,0,1,33.856010437011719,-118.01853179931641,ORANGE,BUENA PARK,-118.01853179931641,33.856029510498047,0,Evening,0
2023,9670,2023-11-30,1737,4,2,N,A,-,Y,H,,Y,3,0,1,3,A,-,03,22350,,N,C,A,H,-,C,D,0,Y,,C,02,0,1,0,0,1,33.856449127197266,-117.98236846923828,ORANGE,BUENA PARK,-117.98236846923828,33.856449127197266,0,Evening,0
2023,9675,2023-12-02,1348,6,1,N,A,-,Y,,,N,3,0,1,1,A,-,03,22350,,N,E,A,H,-,A,D,0,Y,,C,02,0,1,0,0,1,33.849311828613281,-117.81511688232422,ORANGE,ANAHEIM,-117.81511688232422,33.849311828613281,1,Midday,0
2023,9675,2023-12-03,1558,7,2,N,A,-,Y,,,N,3,0,1,1,A,-,08,22107,,N,E,A,H,-,A,D,0,Y,,C,02,0,1,0,0,1,33.642208099365234,-117.85861206054688,ORANGE,IRVINE,-117.85861206054688,33.642208099365234,1,Midday,0
2023,9670,2023-12-07,650 ,4,1,N,B,-,Y,H,,Y,4,0,1,3,A,-,03,22350,,N,C,A,H,-,A,A,0,Y,,D,22,0,0,1,0,0,33.857681274414062,-117.97599029541016,ORANGE,ANAHEIM,-117.97609710693359,33.857467651367188,0,Morning,0
2023,9675,2023-12-02,240 ,6,3,N,A,-,Y,H,,N,2,0,1,1,A,-,08,22107,,N,E,A,D,-,C,D,0,Y,,C,02,1,0,0,0,1,33.687900543212891,-117.89930725097656,ORANGE,COSTA MESA,-117.89935302734375,33.687831878662109,1,Night,1
2023,9675,2023-12-10,1700,7,2,N,A,-,Y,H,,N,3,0,1,2,A,-,03,22350,,N,C,A,H,-,C,D,0,Y,,C,02,0,1,0,0,1,33.854629516601562,-117.80486297607422,ORANGE,ANAHEIM,-117.80486297607422,33.854633331298828,1,Evening,0
2023,9670,2023-12-14,715 ,4,1,N,A,-,Y,H,,N,4,0,1,2,A,-,07,21658,A,N,C,A,H,-,A,D,0,Y,,-,- ,0,0,1,0,1,33.777698516845703,-117.89833068847656,ORANGE,GARDEN GROVE,-117.8983154296875,33.777683258056641,0,Morning,0
2023,9675,2023-12-14,1750,4,2,N,A,-,Y,H,,Y,3,0,1,2,A,-,03,22350,,N,B,A,H,-,C,D,0,Y,,C,02,0,1,0,0,1,33.741050720214844,-117.83476257324219,ORANGE,SANTA ANA,-117.83473205566406,33.741111755371094,0,Evening,0
2023,9690,2023-12-13,1715,3,2,N,A,-,N,,,N,3,0,2,3,A,-,03,22350,,N,B,A,H,-,B,A,0,Y,,C,02,0,1,1,0,1,33.564178466796875,-117.64595031738281,ORANGE,UNINCORPORATED,-117.64523315429688,33.564762115478516,0,Evening,0
2023,9675,2023-12-18,2348,1,3,N,C,-,N,,,Y,4,0,1,1,A,-,03,22350,,N,F,B,H,-,C,D,0,Y,,C,02,0,0,1,0,1,33.780460357666016,-117.79416656494141,ORANGE,UNINCORPORATED,-117.79415893554688,33.780479431152344,0,Night,0
2023,9675,2023-12-17,1702,7,2,N,A,-,Y,H,,Y,4,0,1,3,A,-,06,21750,A,N,B,A,H,-,C,D,0,Y,,C,02,0,0,1,0,1,33.749168395996094,-117.84391784667969,ORANGE,SANTA ANA,-117.84404754638672,33.749114990234375,1,Evening,0
2023,9675,2023-12-21,1710,4,2,N,B,-,Y,H,,N,4,0,1,2,A,-,07,21658,A,N,B,A,H,-,C,D,0,Y,,A,01,0,0,1,0,1,33.665531158447266,-117.80856323242188,ORANGE,IRVINE,-117.80856323242188,33.665515899658203,0,Evening,0
2023,9670,2023-12-24,1020,7,1,N,A,-,Y,H,,N,4,0,1,1,A,-,03,22350,,N,F,A,H,-,A,D,0,Y,,C,02,0,0,1,0,1,33.775230407714844,-117.90287780761719,ORANGE,GARDEN GROVE,-117.90293884277344,33.775314331054688,1,Morning,0
2023,9675,2023-12-27,622 ,3,1,N,A,-,Y,H,,N,3,0,1,2,A,-,08,22107,,N,B,A,H,-,A,D,0,Y,,C,02,0,1,0,0,1,33.874069213867188,-117.69383239746094,ORANGE,YORBA LINDA,-117.69383239746094,33.874149322509766,0,Morning,0
2023,9690,2023-12-28,1324,4,1,N,A,-,Y,H,,Y,3,0,1,2,A,-,03,22350,,N,C,A,H,-,A,D,0,Y,,C,02,0,1,0,0,1,33.498600006103516,-117.65876770019531,ORANGE,SAN JUAN CAPISTRANO,-117.65869903564453,33.498592376708984,0,Midday,0
2023,9690,2023-04-10,2120,1,2,N,B,-,Y,H,,Y,2,0,1,2,A,-,03,22350,,N,C,A,H,-,C,D,0,Y,,A,01,1,0,0,0,1,33.520210266113281,-117.66545867919922,ORANGE,SAN JUAN CAPISTRANO,-117.66541290283203,33.520225524902344,0,Night,1
2023,9675,2023-12-23,1430,6,2,N,A,-,Y,H,,N,4,0,1,2,A,-,07,21658,A,F,B,A,H,-,A,D,0,Y,,-,99,0,0,1,0,1,33.870040893554688,-117.73365020751953,ORANGE,ANAHEIM,-117.73365783691406,33.870025634765625,1,Midday,0
2023,9675,2023-06-30,2349,5,3,N,A,-,Y,H,,Y,2,0,1,2,A,-,01,23152,A,N,C,A,H,-,D,D,0,Y,Y,C,02,1,0,0,0,1,33.682178497314453,-117.89375305175781,ORANGE,COSTA MESA,-117.89376068115234,33.682174682617188,0,Night,1
2023,9675,2023-12-19,1733,2,2,N,A,-,Y,H,,Y,1,1,0,2,A,-,03,22350,,N,C,A,H,-,D,D,0,Y,,C,02,0,0,0,1,0,33.858051300048828,-117.87650299072266,ORANGE,PLACENTIA,-117.87637329101562,33.858074188232422,0,Evening,1
2023,9675,2023-06-04,1733,7,2,N,A,-,Y,H,,Y,1,1,0,1,A,-,01,23152,A,N,E,A,H,-,A,D,0,Y,Y,C,02,0,0,0,1,0,33.747829437255859,-117.8427734375,ORANGE,SANTA ANA,-117.84296417236328,33.747783660888672,1,Evening,1
2023,9675,2023-10-04,2150,3,2,N,A,-,Y,H,,Y,3,0,1,1,A,-,08,22107,,F,E,A,H,-,C,D,0,Y,,C,02,0,1,0,0,1,33.778678894042969,-117.87779235839844,ORANGE,SANTA ANA,-117.87779235839844,33.778881072998047,0,Night,0
2023,9675,2023-08-12,1418,6,2,N,A,-,Y,H,,Y,1,1,0,3,A,-,01,23152,G,N,B,A,H,-,A,D,0,Y,Y,C,02,0,0,0,1,0,33.690658569335938,-117.86894989013672,ORANGE,COSTA MESA,-117.86895751953125,33.690666198730469,1,Midday,1
2023,9670,2023-12-15,2340,5,3,N,A,-,Y,H,,Y,1,1,0,1,A,-,01,23152,G,N,E,A,D,E,C,D,0,Y,Y,C,02,0,0,0,1,0,33.799648284912109,-118.08464050292969,ORANGE,LOS ALAMITOS,-118.08456420898438,33.799598693847656,0,Night,1
2023,9690,2023-10-22,950 ,7,1,N,A,-,N,,,N,1,1,1,2,A,-,08,22107,,N,F,A,H,-,A,D,0,Y,,C,02,0,1,0,1,0,33.596931457519531,-117.46414184570312,ORANGE,UNINCORPORATED,-117.46412658691406,33.596908569335938,1,Morning,1
2023,9675,2023-08-17,2007,4,2,N,A,-,Y,,,N,1,2,0,2,A,-,11,21954,A,N,G,A,H,-,C,D,0,Y,,N,60,0,0,0,1,0,33.776969909667969,-117.87313079833984,ORANGE,SANTA ANA,-117.87313079833984,33.776969909667969,0,Night,1
2023,9675,2023-06-17,1520,6,2,N,A,-,Y,H,,N,3,0,1,2,A,-,07,21658,A,F,C,A,H,-,A,D,0,Y,,D,22,0,1,0,0,1,33.750160217285156,-117.84471893310547,ORANGE,SANTA ANA,-117.84481048583984,33.750110626220703,1,Midday,0
2023,9690,2023-11-06,2338,1,3,Y,A,-,N,,,Y,1,1,0,1,A,-,01,23152,A,N,E,A,H,-,C,A,0,Y,Y,C,02,0,0,0,1,0,33.526458740234375,-117.61892700195312,ORANGE,UNINCORPORATED,-117.61885833740234,33.526359558105469,0,Night,1
2023,3009,2023-01-07,1145,6,5,N,A,-,N,,,Y,4,0,1,2,A,-,07,21658,A,N,D,A,H,-,A,D,0,Y,,C,02,0,0,1,0,1,,,ORANGE,GARDEN GROVE,-117.97228240966797,33.788490295410156,1,Midday,0
2023,3000,2023-08-13,1435,7,5,N,A,-,N,,,Y,4,0,1,2,A,-,09,21801,A,N,A,A,H,-,A,D,0,Y,,A,01,0,0,1,0,1,,,ORANGE,SAN CLEMENTE,-117.62195587158203,33.439189910888672,1,Midday,0
2023,3004,2023-09-14,1404,4,5,N,A,-,N,,,Y,2,0,1,1,A,-,03,22350,,N,E,A,H,-,A,D,0,Y,,C,03,1,0,0,0,1,33.674308776855469,-117.924560546875,ORANGE,COSTA MESA,-117.92494964599609,33.674396514892578,0,Midday,1
2023,3000,2023-05-16,1256,2,5,Y,A,-,N,,,Y,3,0,1,2,A,-,03,22350,,N,E,A,H,-,A,D,0,Y,,C,02,0,1,0,0,1,,,ORANGE,LAKE FOREST,-117.71257781982422,33.635791778564453,0,Midday,0
2023,3004,2023-09-30,1442,6,5,N,C,-,N,,,Y,4,0,1,1,A,-,03,22350,,N,H,B,H,-,A,D,0,Y,,C,02,0,0,1,0,1,33.671531677246094,-117.93562316894531,ORANGE,COSTA MESA,-117.93566131591797,33.671466827392578,1,Midday,0
2023,3004,2023-10-11,2030,3,5,Y,A,-,N,,,N,3,0,1,2,A,-,08,22107,,F,D,A,H,-,C,A,0,Y,,A,08,0,1,0,0,1,33.787998199462891,-117.88999938964844,ORANGE,COSTA MESA,-117.93199157714844,33.643375396728516,0,Night,0
2023,3004,2023-10-09,1220,1,5,N,A,-,N,,,N,3,0,1,2,A,-,06,21755,,N,B,A,H,-,A,D,0,Y,,C,02,0,1,0,0,1,33.681800842285156,-117.9078369140625,ORANGE,COSTA MESA,-117.90792083740234,33.681724548339844,0,Midday,0
2023,3004,2023-10-11,1300,3,5,N,A,-,N,,,N,3,0,1,2,D,-,00,,,N,B,A,H,-,A,A,0,Y,,-,- ,0,1,0,0,1,33.641010284423828,-117.9188232421875,ORANGE,COSTA MESA,-117.91885375976562,33.641040802001953,0,Midday,0
2023,3012,2023-01-16,1348,1,5,N,A,-,Y,H,-,Y,3,0,1,1,A,-,00,23103,A,N,H,A,H,-,A,D,0,Y,,C,02,0,1,0,0,1,,,ORANGE,LA HABRA,-117.96773529052734,33.93353271484375,0,Midday,0
2023,3011,2023-01-26,1309,4,5,-,A,-,Y,H,-,Y,2,0,1,2,A,-,17,21461,A,N,D,A,H,-,A,A,0,Y,,C,02,1,0,0,0,1,,,ORANGE,LAGUNA BEACH,-117.77291107177734,33.5601806640625,0,Midday,1
2023,3000,2023-10-29,639 ,7,5,N,A,-,N,,,Y,2,0,1,2,A,-,03,22350,,N,C,A,H,-,B,A,0,Y,,C,02,1,0,0,0,1,,,ORANGE,LAKE FOREST,-117.64869689941406,33.660873413085938,1,Morning,1
2023,3000,2023-09-05,1452,2,5,N,B,-,N,,,Y,3,0,1,2,A,-,03,22350,,N,C,A,H,-,A,D,0,Y,,C,02,0,1,0,0,1,,,ORANGE,LAKE FOREST,-117.67599487304688,33.638530731201172,0,Midday,0
2023,3003,2023-01-05,1721,4,5,N,B,-,N,,,Y,4,0,3,2,A,-,03,22350,,N,D,A,H,-,C,D,0,Y,,C,02,0,0,3,0,1,33.834800720214844,-118.03230285644531,ORANGE,BUENA PARK,-118.03229522705078,33.834712982177734,0,Evening,0
2023,3009,2023-01-21,1742,6,5,N,A,-,N,,,N,3,0,1,1,A,-,04,21703,,N,H,A,H,-,C,D,0,Y,,C,02,0,1,0,0,1,,,ORANGE,GARDEN GROVE,-117.96578216552734,33.773979187011719,1,Evening,0
2023,3000,2023-01-05,1728,4,5,N,A,-,N,,,Y,1,1,0,2,A,-,05,21651,A,N,D,A,H,-,D,D,0,Y,,A,07,0,0,0,1,0,33.324001312255859,-117.40280151367188,ORANGE,LAGUNA NIGUEL,-117.67440795898438,33.543239593505859,0,Evening,1
2023,3012,2023-03-26,2040,7,5,N,A,-,Y,H,-,Y,1,1,0,4,A,-,03,22350,,N,C,A,H,-,C,D,0,Y,Y,C,02,0,0,0,1,0,,,ORANGE,LA HABRA,-117.9398193359375,33.939075469970703,1,Night,1
2023,3010,2023-04-13,1549,4,5,N,A,-,N,,,Y,1,1,0,1,A,-,01,23152,A,N,E,A,H,-,A,D,0,Y,Y,C,02,0,0,0,1,0,33.711841583251953,-118.05142974853516,ORANGE,HUNTINGTON BEACH,-118.05164337158203,33.711814880371094,0,Midday,1
2023,3005,2023-01-05,1351,4,5,Y,B,-,N,,,N,4,0,1,2,A,-,03,22350,,F,C,A,H,-,A,A,0,Y,Y,C,02,0,0,1,0,1,,,ORANGE,CYPRESS,-118.03713226318359,33.839065551757812,0,Midday,0
2023,3004,2023-01-01,1133,7,5,N,B,-,N,,,N,3,0,1,2,A,-,09,21801,A,N,E,B,H,-,A,D,0,Y,,A,01,0,1,0,0,1,33.67340087890625,-117.916259765625,ORANGE,COSTA MESA,-117.91642761230469,33.673488616943359,1,Midday,0
2023,3004,2023-01-09,1923,1,5,N,B,-,N,,,Y,2,0,2,2,A,-,03,22350,,N,A,B,H,-,C,A,0,Y,,A,01,1,1,0,0,1,33.695468902587891,-117.91950988769531,ORANGE,COSTA MESA,-117.91938781738281,33.695590972900391,0,Evening,1
2023,3003,2023-02-08,1455,3,5,Y,A,-,N,,,Y,3,0,1,2,A,-,09,21802,,N,D,A,H,-,A,D,0,Y,,A,01,0,1,0,0,1,33.869899749755859,-117.99579620361328,ORANGE,BUENA PARK,-117.99594116210938,33.869869232177734,0,Midday,0
2023,3011,2023-02-13,1729,1,5,N,A,-,Y,H,-,Y,3,0,1,2,A,-,03,22350,,N,D,A,H,-,B,A,0,Y,,C,02,0,1,0,0,1,,,ORANGE,LAGUNA BEACH,-117.77629852294922,33.533180236816406,0,Evening,0
2023,3000,2023-01-20,2207,5,5,N,A,-,N,,,Y,2,0,1,1,A,-,08,22107,,N,F,A,H,-,C,D,0,Y,,C,02,1,0,0,0,1,,,ORANGE,MISSION VIEJO,-117.66828155517578,33.563819885253906,0,Night,1
2023,3000,2023-01-21,930 ,6,5,N,A,-,N,,,Y,4,0,1,2,A,-,03,22350,,N,C,A,H,-,A,A,0,Y,,A,08,0,0,1,0,1,,,ORANGE,LAGUNA WOODS,-117.73246002197266,33.609016418457031,1,Morning,0
2023,3009,2023-01-23,1611,1,5,N,A,-,N,,,Y,4,0,1,2,A,-,08,22107,,N,B,A,H,-,A,A,0,Y,,C,02,0,0,1,0,1,33.785331726074219,-117.96737670898438,ORANGE,GARDEN GROVE,-117.96737670898438,33.785251617431641,0,Evening,0
2023,3012,2023-02-02,1236,4,5,Y,A,-,N,,,N,4,0,1,2,A,-,12,21453,A,N,D,A,H,-,A,A,0,Y,,A,07,0,0,1,0,1,,,ORANGE,LA HABRA,-117.92440795898438,33.931873321533203,0,Midday,0
2023,3012,2023-01-28,1749,6,5,N,A,-,N,,,N,3,0,1,2,A,-,08,22107,,N,B,A,H,-,B,A,0,Y,,A,07,0,1,0,0,1,,,ORANGE,LA HABRA,-117.93305969238281,33.934474945068359,1,Evening,0
2023,3012,2023-03-05,2321,7,5,Y,B,-,Y,I,5,N,2,0,2,2,A,-,12,21453,A,N,D,A,H,-,C,A,0,Y,,C,02,1,0,1,0,1,,,ORANGE,LA HABRA,-117.96473693847656,33.939498901367188,1,Night,1
2023,3013,2023-01-20,1545,5,5,Y,A,-,N,,,Y,3,0,1,2,A,-,06,21760,,F,D,A,H,-,A,A,0,Y,,C,06,0,1,0,0,0,,,ORANGE,LOS ALAMITOS,-118.07192993164062,33.803028106689453,0,Midday,0
2023,3004,2023-03-19,137 ,7,5,N,A,-,N,,,Y,4,0,1,1,A,-,03,22350,,N,E,A,H,-,C,D,0,Y,,C,02,0,0,1,0,1,33.652400970458984,-117.90760040283203,ORANGE,COSTA MESA,-117.90779113769531,33.652050018310547,1,Night,0
2023,3013,2023-03-05,1835,7,5,N,A,-,N,,,N,3,0,1,2,A,-,03,22350,,N,C,A,H,-,C,D,0,Y,,O,05,0,1,0,0,1,,,ORANGE,LOS ALAMITOS,-118.07186126708984,33.807788848876953,1,Evening,0
2023,3000,2023-03-03,820 ,5,5,Y,A,-,N,,,N,3,0,1,2,A,-,17,21228,,N,D,A,H,-,A,A,0,Y,,C,03,0,1,0,0,1,,,ORANGE,ALISO VIEJO,-117.72840881347656,33.566104888916016,0,Morning,0
2023,3004,2023-03-18,1623,6,5,N,A,-,N,,,N,4,0,1,2,A,-,03,22350,,N,D,A,H,-,A,D,0,Y,,C,03,0,0,1,0,1,33.653999328613281,-117.91799926757812,ORANGE,COSTA MESA,-117.91909790039062,33.654144287109375,1,Evening,0
2023,3004,2023-03-06,648 ,1,5,N,B,-,N,,,Y,3,0,1,1,A,-,03,22350,,N,E,A,H,-,A,A,0,Y,,C,02,0,1,0,0,1,33.675849914550781,-117.90824127197266,ORANGE,COSTA MESA,-117.90805053710938,33.675819396972656,0,Morning,0
2023,3004,2023-03-20,1444,1,5,N,B,-,N,,,Y,2,0,1,2,A,-,09,21801,A,N,D,A,H,-,A,D,0,Y,,A,01,1,0,0,0,1,33.643398284912109,-117.92870330810547,ORANGE,COSTA MESA,-117.92866516113281,33.643390655517578,0,Midday,1
2023,3003,2023-04-16,1636,7,5,N,A,-,N,,,N,4,0,2,3,A,-,12,21453,A,N,D,A,H,-,A,A,0,Y,,A,01,0,0,2,0,2,33.858798980712891,-117.99960327148438,ORANGE,BUENA PARK,-117.99948120117188,33.858974456787109,1,Evening,0
2023,3000,2023-05-05,2038,5,5,N,A,-,N,,,N,2,0,1,1,A,-,03,22350,,N,F,A,H,-,C,D,0,Y,,C,02,1,0,0,0,1,33.482639312744141,-117.70086669921875,ORANGE,DANA POINT,-117.70088958740234,33.482662200927734,0,Night,1
2023,3012,2023-05-07,1909,7,5,N,A,-,Y,H,-,Y,3,0,1,1,A,-,00,23103,A,N,H,A,H,-,A,D,0,Y,,C,02,0,1,0,0,1,,,ORANGE,LA HABRA,-117.93645477294922,33.939174652099609,1,Evening,0
2023,3004,2023-05-26,1406,5,5,N,B,-,Y,H,-,Y,2,0,1,2,A,-,03,22350,,N,C,A,H,-,A,A,0,Y,,C,02,1,0,0,0,1,33.633998870849609,-117.9219970703125,ORANGE,COSTA MESA,-117.92226409912109,33.635047912597656,0,Midday,1
2023,3012,2023-05-21,1643,7,5,N,A,-,Y,H,-,Y,3,0,2,2,A,-,09,21804,A,N,C,A,H,-,A,A,0,Y,,A,01,0,2,0,0,2,,,ORANGE,LA HABRA,-117.97484588623047,33.939853668212891,1,Evening,0
2023,3000,2023-02-17,2053,5,5,N,A,-,N,,,Y,3,0,1,2,A,-,09,21804,A,N,D,A,H,-,C,D,0,Y,,A,01,0,1,0,0,1,33.380790710449219,-117.40554809570312,ORANGE,LAKE FOREST,-117.68202972412109,33.635360717773438,0,Night,0
2023,3003,2023-04-24,1830,1,5,N,A,-,N,,,N,4,0,1,2,A,-,08,22107,,N,D,A,H,-,A,A,0,Y,,A,01,0,0,1,0,1,,,ORANGE,BUENA PARK,-117.99375152587891,33.858180999755859,0,Evening,0
2023,3004,2023-04-22,1201,6,5,Y,A,-,N,,,N,2,0,1,2,A,-,09,21801,A,N,D,A,H,-,A,A,0,Y,,D,22,1,0,0,0,1,33.663799285888672,-117.902099609375,ORANGE,COSTA MESA,,,1,Midday,1
2023,3005,2023-03-31,1507,5,5,Y,A,-,N,,,Y,3,0,2,2,A,-,09,21802,A,N,D,A,H,-,A,D,0,Y,,C,02,0,2,0,0,2,,,ORANGE,CYPRESS,-118.03691864013672,33.825115203857422,0,Midday,0
2023,3009,2023-06-01,1723,4,5,Y,A,-,N,,,N,3,0,1,2,A,-,09,21802,A,N,D,A,H,-,A,D,0,Y,,-,- ,0,1,0,0,1,,,ORANGE,GARDEN GROVE,-117.93243408203125,33.784702301025391,0,Evening,0
2023,3004,2023-06-03,1109,6,5,N,B,-,N,,,N,3,0,1,1,A,-,03,22350,,N,E,A,H,-,A,D,0,Y,,C,02,0,1,0,0,1,33.666999816894531,-117.93699645996094,ORANGE,COSTA MESA,-117.93727874755859,33.667999267578125,1,Midday,0
2023,3011,2023-07-15,1623,6,5,Y,A,-,Y,I,5,N,3,0,1,2,A,-,09,21804,A,N,F,A,H,-,A,D,0,Y,,A,07,0,1,0,0,1,,,ORANGE,LAGUNA BEACH,-117.81212615966797,33.554485321044922,1,Evening,0
2023,3004,2023-04-21,1430,5,5,N,A,-,N,,,Y,3,0,1,2,A,-,03,22350,,N,C,A,B,-,A,D,0,Y,,C,02,0,1,0,0,1,33.686000823974609,-117.89199829101562,ORANGE,COSTA MESA,,,0,Midday,0
2023,3003,2023-04-03,1748,1,5,N,A,G,N,,,Y,3,0,2,2,A,-,08,22107,,N,C,A,H,-,A,D,0,Y,,A,01,0,1,1,0,1,33.846599578857422,-118.00450134277344,ORANGE,BUENA PARK,-118.00423431396484,33.846614837646484,0,Evening,0
2023,3004,2023-04-29,2200,6,5,Y,A,-,N,,,Y,2,0,1,2,A,-,09,21801,A,N,B,A,H,-,C,A,0,Y,,A,01,1,0,0,0,1,,,ORANGE,COSTA MESA,-117.90821075439453,33.651622772216797,1,Night,1
2023,3011,2023-04-26,1336,3,5,N,A,-,Y,H,-,Y,3,0,1,2,A,-,03,22350,,N,C,A,H,-,A,D,0,Y,,A,01,0,1,0,0,1,,,ORANGE,LAGUNA BEACH,-117.78241729736328,33.540988922119141,0,Midday,0
2023,3003,2023-05-02,1655,2,5,N,A,-,N,,,N,4,0,1,2,A,-,03,22350,,N,C,A,H,-,A,D,0,Y,,C,02,0,0,1,0,1,33.885200500488281,-117.99469757080078,ORANGE,BUENA PARK,-117.99481964111328,33.885284423828125,0,Evening,0
2023,3003,2023-05-01,1450,1,5,N,A,-,N,,,Y,4,0,1,2,A,-,09,21801,A,N,D,A,H,-,A,D,0,Y,,A,01,0,0,1,0,1,33.858798980712891,-118.00990295410156,ORANGE,BUENA PARK,-118.00991821289062,33.858921051025391,0,Midday,0
2023,3000,2023-05-12,1150,5,5,N,A,-,N,,,Y,3,0,1,2,A,-,07,21658,A,N,B,A,H,-,A,A,0,Y,,C,02,0,1,0,0,0,,,ORANGE,LAGUNA HILLS,-117.70982360839844,33.613018035888672,0,Midday,0
2023,3000,2023-04-30,155 ,7,5,N,A,-,N,,,Y,3,0,1,1,A,-,08,22107,,N,E,A,H,-,C,D,0,Y,,C,02,0,1,0,0,1,,,ORANGE,SAN CLEMENTE,-117.60077667236328,33.411727905273438,1,Night,0
2023,3000,2023-04-21,920 ,5,5,N,A,-,N,,,Y,2,0,1,2,A,-,07,21658,A,N,C,A,H,-,A,A,0,Y,,A,08,1,0,0,0,1,,,ORANGE,MISSION VIEJO,-117.67918395996094,33.616455078125,0,Morning,1
2023,3012,2023-05-11,1140,4,5,N,A,-,N,,,Y,3,0,1,2,A,-,06,21755,A,N,B,A,H,-,A,A,0,Y,,C,02,0,1,0,0,1,,,ORANGE,LA HABRA,-117.95488739013672,33.931861877441406,0,Midday,0
2023,3000,2023-05-22,1230,1,5,Y,A,-,Y,R,4,N,3,0,1,2,D,-,00,,,N,F,A,H,-,A,A,0,Y,,-,- ,0,1,0,0,1,,,ORANGE,SAN CLEMENTE,-117.61555480957031,33.432388305664062,0,Midday,0
2023,3006,2023-05-21,12  ,7,5,Y,B,-,N,,,Y,2,0,1,1,A,-,01,23152,A,N,F,A,H,-,C,D,0,Y,Y,C,06,1,0,0,0,1,,,ORANGE,LA PALMA,-118.04615020751953,33.850727081298828,1,Night,1
2023,3000,2023-04-12,258 ,3,5,N,A,-,N,,,Y,4,0,1,1,A,-,08,22107,,N,E,A,H,-,C,D,0,Y,,C,02,0,0,1,0,1,,,ORANGE,MISSION VIEJO,-117.65913391113281,33.570167541503906,0,Night,0
2023,3009,2023-05-20,2044,6,5,N,A,-,N,,,N,3,0,1,3,A,-,07,21658,A,M,B,A,H,-,C,A,0,Y,Y,A,01,0,1,0,0,1,,,ORANGE,GARDEN GROVE,-117.95881652832031,33.788169860839844,1,Night,0
2023,3009,2023-06-30,357 ,5,5,N,A,-,N,,,Y,4,0,1,2,A,-,08,22107,,N,B,-,H,-,C,A,0,Y,,C,02,0,0,1,0,1,,,ORANGE,GARDEN GROVE,-117.93756103515625,33.759796142578125,0,Night,0
2023,3011,2023-07-13,1653,4,5,Y,A,-,Y,I,5,N,4,0,1,1,A,-,03,22350,,N,E,A,H,-,A,A,0,Y,,C,02,0,0,1,0,1,,,ORANGE,LAGUNA BEACH,-117.79225158691406,33.545230865478516,0,Evening,0
2023,3003,2023-07-10,1007,1,5,N,A,-,Y,H,-,N,4,0,1,2,A,-,08,22107,,N,B,A,H,-,A,A,0,Y,,A,01,0,0,1,0,1,33.866081237792969,-117.99819183349609,ORANGE,BUENA PARK,-117.99826049804688,33.866302490234375,0,Morning,0
2023,3005,2023-05-01,749 ,1,5,N,B,-,N,,,N,4,0,1,2,A,-,00,21221,,N,D,A,H,-,A,D,0,Y,,C,03,0,0,1,0,1,,,ORANGE,CYPRESS,-118.01110076904297,33.797039031982422,0,Morning,0
2023,3009,2023-07-08,1625,6,5,N,A,-,N,,,N,4,0,1,2,A,-,09,21804,A,N,D,A,H,-,A,D,0,Y,,A,07,0,0,1,0,0,,,ORANGE,GARDEN GROVE,-117.94087219238281,33.759578704833984,1,Evening,0
2023,3009,2023-05-16,1916,2,5,N,A,-,N,,,N,4,0,1,2,A,-,09,21801,A,N,D,A,H,-,A,A,0,Y,,A,01,0,0,1,0,1,,,ORANGE,GARDEN GROVE,-117.94180297851562,33.788658142089844,0,Evening,0