ACCIDENT_YEAR,JURIS,COLLISION_DATE,COLLISION_TIME,DAY_OF_WEEK,CHP_SHIFT,INTERSECTION,WEATHER_1,WEATHER_2,STATE_HWY_IND,LOCATION_TYPE,RAMP_INTERSECTION,TOW_AWAY,COLLISION_SEVERITY,NUMBER_KILLED,NUMBER_INJURED,PARTY_COUNT,PRIMARY_COLL_FACTOR,PCF_CODE_OF_VIOL,PCF_VIOL_CATEGORY,PCF_VIOLATION,PCF_VIOL_SUBSECTION,HIT_AND_RUN,TYPE_OF_COLLISION,ROAD_SURFACE,ROAD_COND_1,ROAD_COND_2,LIGHTING,CONTROL_DEVICE,CHP_ROAD_TYPE,MOTORCYCLE_ACCIDENT,ALCOHOL_INVOLVED,STWD_VEHTYPE_AT_FAULT,CHP_VEHTYPE_AT_FAULT,COUNT_SEVERE_INJ,COUNT_VISIBLE_INJ,COUNT_COMPLAINT_PAIN,COUNT_MC_KILLED,COUNT_MC_INJURED,LATITUDE,LONGITUDE,COUNTY,CITY,POINT_X,POINT_Y,IS_WEEKEND,TIME_OF_DAY,SEVERE_FATAL
2023,3602,2023-02-02,1711,4,5,N,A,-,N,,,N,4,0,1,2,A,-,17,21209.0,A,N,D,A,H,-,A,D,0,Y,,C,02,0,0,1,0,1,34.02980041503906,-117.69818115234376,SAN BERNARDINO,CHINO,-117.69808959960938,34.02521896362305,0,Evening,0
2023,3607,2023-03-17,1310,5,5,N,A,-,N,,,N,2,0,1,1,A,-,03,22350.0,,N,H,A,B,-,A,D,0,Y,,C,03,1,0,0,0,1,,,SAN BERNARDINO,ONTARIO,-117.56622314453124,34.068843841552734,0,Midday,1
2023,3607,2023-03-17,1532,5,5,N,A,-,N,,,N,3,0,2,2,A,-,11,21955.0,,N,G,A,H,-,A,D,0,Y,,N,60,0,2,0,0,1,,,SAN BERNARDINO,ONTARIO,-117.64736175537108,34.0589599609375,0,Midday,0
2023,3607,2023-03-21,707,2,5,Y,C,-,N,,,Y,4,0,1,2,A,-,09,21802.0,A,N,B,B,H,-,A,D,0,Y,,A,01,0,0,1,0,0,,,SAN BERNARDINO,ONTARIO,-117.6413345336914,34.05997848510742,0,Morning,0
2023,3602,2023-03-09,1816,4,5,N,A,-,N,,,Y,3,0,2,2,A,-,11,21954.0,A,N,G,A,H,-,B,D,0,Y,Y,N,60,0,2,0,0,1,34.0334587097168,-117.6482162475586,SAN BERNARDINO,CHINO,-117.69847869873048,34.03351211547852,0,Evening,0
2023,3609,2023-02-21,1659,2,5,N,A,-,N,,,N,3,0,1,2,A,-,09,21804.0,,N,D,A,H,-,A,D,0,Y,,C,02,0,1,0,0,1,34.106719970703125,-117.4052963256836,SAN BERNARDINO,RIALTO,-117.40528106689452,34.105411529541016,0,Evening,0
2023,3607,2023-03-08,436,3,5,N,A,-,N,,,Y,2,0,1,1,C,-,18,,,N,E,A,C,-,D,D,0,Y,,-,- ,1,0,0,0,1,,,SAN BERNARDINO,ONTARIO,-117.5586395263672,34.134620666503906,0,Night,1
2023,3607,2023-03-17,1924,5,5,N,B,-,N,,,N,3,0,1,1,A,-,03,22350.0,,N,E,A,H,-,C,A,0,Y,,C,02,0,1,0,0,1,,,SAN BERNARDINO,ONTARIO,-117.56407928466795,34.07176971435547,0,Evening,0
2023,3607,2023-04-05,1553,3,5,Y,A,-,N,,,Y,4,0,2,2,A,-,12,21453.0,A,N,D,A,H,-,A,A,0,Y,,C,02,0,0,2,0,1,,,SAN BERNARDINO,ONTARIO,-117.65074157714844,34.04107666015625,0,Midday,0
2023,3602,2023-04-09,1652,7,5,N,A,-,N,,,Y,3,0,1,3,A,-,08,22107.0,,N,B,A,H,-,A,D,0,Y,,C,02,0,1,0,0,1,34.018768310546875,-117.65548706054688,SAN BERNARDINO,CHINO,-117.65532684326172,34.01847457885742,1,Evening,0
2023,3607,2023-03-28,800,2,5,N,A,-,N,,,Y,2,0,1,2,A,-,09,21453.0,B,N,C,A,H,-,A,A,0,Y,,A,01,1,0,0,0,1,,,SAN BERNARDINO,ONTARIO,-117.5583038330078,34.05538558959961,0,Morning,1
2023,3602,2023-04-07,1342,5,5,N,A,-,N,,,Y,3,0,1,2,A,-,09,21804.0,A,N,D,A,H,-,A,A,0,Y,,A,01,0,1,0,0,1,34.032669067382805,-117.70687866210938,SAN BERNARDINO,CHINO,-117.70688629150392,34.03278350830078,0,Midday,0
2023,3602,2023-04-13,1540,4,5,N,A,-,N,,,N,3,0,1,2,A,-,04,21703.0,,N,C,A,H,-,A,A,0,Y,,C,02,0,1,0,0,1,34.010040283203125,-117.71534729003906,SAN BERNARDINO,CHINO,-117.71531677246094,34.010135650634766,0,Midday,0
2023,3609,2023-04-05,1633,3,5,N,A,-,N,,,N,4,0,1,2,A,-,06,21755.0,,N,D,A,H,-,A,A,0,Y,,C,02,0,0,1,0,1,34.10533905029297,-117.36164093017578,SAN BERNARDINO,RIALTO,-117.36163330078124,34.10565185546875,0,Evening,0
2023,3609,2023-04-18,858,2,5,Y,A,-,N,,,Y,3,0,1,2,A,-,09,21801.0,B,N,D,A,H,-,A,D,0,Y,,A,07,0,1,0,0,1,34.08731842041016,-117.36598205566406,SAN BERNARDINO,RIALTO,-117.36593627929688,34.087257385253906,0,Morning,0
2023,3607,2023-04-18,813,2,5,Y,A,-,N,,,Y,3,0,1,2,A,-,09,21800.0,A,N,A,A,H,-,A,A,0,Y,,A,01,0,1,0,0,1,,,SAN BERNARDINO,ONTARIO,-117.67005920410156,34.06694412231445,0,Morning,0
2023,3607,2023-05-05,2110,5,5,Y,B,-,N,,,N,2,0,1,2,A,-,17,24250.0,,N,A,A,H,-,C,D,0,Y,,C,02,1,0,0,0,1,,,SAN BERNARDINO,ONTARIO,-117.66339874267578,34.046539306640625,0,Night,1
2023,3607,2023-05-07,1453,7,5,Y,A,-,N,,,Y,3,0,1,2,D,-,00,,,N,D,A,H,-,A,D,0,Y,,-,- ,0,1,0,0,1,,,SAN BERNARDINO,ONTARIO,-117.65077209472656,34.046531677246094,1,Midday,0
2023,3607,2023-04-22,1900,6,5,Y,A,-,Y,,,Y,3,0,1,2,A,-,09,21801.0,B,N,A,A,H,-,B,A,0,Y,,C,02,0,1,0,0,1,,,SAN BERNARDINO,ONTARIO,-117.66326141357422,34.05592727661133,1,Evening,0
2023,3602,2023-05-24,728,3,5,N,A,-,N,,,N,4,0,1,3,A,-,03,22350.0,,N,C,A,H,-,A,A,0,Y,,A,07,0,0,1,0,1,34.01189041137695,-117.68924713134766,SAN BERNARDINO,CHINO,-117.68917846679688,34.01276397705078,0,Morning,0
2023,3602,2023-05-26,2324,5,5,Y,A,-,N,,,Y,2,0,1,1,A,-,08,22107.0,,N,E,A,H,-,C,A,0,Y,,C,02,1,0,0,0,1,34.03548049926758,-117.63948822021484,SAN BERNARDINO,CHINO,-117.00083160400392,32.669281005859375,0,Night,1
2023,3607,2023-05-22,742,1,5,Y,A,-,N,,,Y,3,0,1,2,A,-,09,21804.0,A,N,D,A,H,-,A,A,0,Y,,A,01,0,1,0,0,1,,,SAN BERNARDINO,ONTARIO,-117.67008972167967,34.07419967651367,0,Morning,0
2023,3602,2023-06-01,1545,4,5,N,A,-,N,,,Y,2,0,2,2,A,-,09,21804.0,A,N,D,A,H,-,A,D,0,Y,,C,06,1,1,0,0,2,34.019100189208984,-117.6880111694336,SAN BERNARDINO,CHINO,-117.6880111694336,34.01640701293945,0,Midday,1
2023,3609,2023-04-05,1551,3,5,Y,A,-,N,,,Y,2,0,1,2,A,-,03,22350.0,,N,D,A,H,-,A,A,0,Y,,C,02,1,0,0,0,1,34.09226989746094,-117.36595916748048,SAN BERNARDINO,RIALTO,-117.36592864990234,34.092288970947266,0,Midday,1
2023,3602,2023-06-19,1424,1,5,Y,A,-,N,,,N,4,0,1,2,A,-,09,21801.0,A,N,D,A,H,-,A,D,0,Y,,C,02,0,0,1,0,1,34.01443099975586,-117.66583251953124,SAN BERNARDINO,CHINO,-117.66578674316406,34.01438522338867,0,Midday,0
2023,3607,2023-06-28,1808,3,5,N,A,-,N,,,N,4,0,1,2,A,-,21,22106.0,,N,D,A,H,-,A,D,0,Y,,A,01,0,0,1,0,1,,,SAN BERNARDINO,ONTARIO,-117.64469909667967,34.06700134277344,0,Evening,0
2023,3607,2023-06-19,554,1,5,N,B,-,N,,,Y,2,0,1,2,A,-,09,21802.0,A,F,D,A,H,-,A,A,0,Y,,A,01,1,0,0,0,1,,,SAN BERNARDINO,ONTARIO,-117.65122222900392,34.073524475097656,0,Morning,1
2023,3607,2023-06-19,1557,1,5,N,A,-,N,,,N,2,0,2,4,A,-,08,22107.0,,N,A,A,H,-,A,A,0,Y,,A,01,1,0,1,0,1,,,SAN BERNARDINO,ONTARIO,-117.6700439453125,34.0778694152832,0,Midday,1
2023,3602,2023-07-01,806,6,5,Y,A,-,N,,,Y,2,0,4,3,A,-,12,21453.0,A,N,D,A,H,-,A,A,0,Y,,C,02,1,3,0,0,1,33.99723815917969,-117.69786834716795,SAN BERNARDINO,CHINO,-117.6977996826172,33.997249603271484,1,Morning,1
2023,3609,2023-06-18,2053,7,5,N,A,-,N,,,Y,3,0,1,2,A,-,03,22350.0,,N,A,A,H,-,C,D,0,Y,,C,02,0,1,0,0,1,34.108970642089844,-117.37371063232422,SAN BERNARDINO,RIALTO,-117.37297058105467,34.108943939208984,1,Night,0
2023,3607,2023-07-15,1820,6,5,N,A,-,N,,,Y,3,0,1,2,A,-,09,21801.0,A,N,D,A,H,-,A,D,0,Y,,A,07,0,1,0,0,1,,,SAN BERNARDINO,ONTARIO,-117.67011260986328,34.07762145996094,1,Evening,0
2023,3607,2023-07-29,1904,6,5,N,A,-,N,,,Y,3,0,1,2,A,-,09,21801.0,A,N,D,A,H,-,A,D,0,Y,,A,01,0,1,0,0,1,,,SAN BERNARDINO,ONTARIO,-117.66869354248048,34.03322982788086,1,Evening,0
2023,3609,2023-05-21,1554,7,5,N,A,-,N,,,N,2,0,1,2,A,-,03,22350.0,,N,D,A,H,-,A,D,0,Y,,C,02,1,0,0,0,1,34.1019287109375,-117.38616180419922,SAN BERNARDINO,RIALTO,-117.38607788085938,34.10276412963867,1,Midday,1
2023,3607,2023-07-21,1106,5,5,N,A,-,N,,,N,2,0,1,2,A,-,09,21804.0,A,N,F,A,H,-,A,D,0,Y,,A,01,1,0,0,0,1,,,SAN BERNARDINO,ONTARIO,-117.67011260986328,34.07814407348633,0,Midday,1
2023,3609,2023-08-04,1803,5,5,N,A,-,N,,,Y,2,0,2,2,A,-,01,23152.0,A,F,D,A,H,-,A,D,0,Y,Y,A,01,1,1,0,0,2,,,SAN BERNARDINO,RIALTO,-117.3704071044922,34.12017822265625,0,Evening,1
2023,3609,2023-05-21,1254,7,5,N,A,-,N,,,Y,3,0,1,1,A,-,03,22350.0,,N,F,A,H,-,A,D,0,Y,,C,02,0,1,0,0,1,34.11030960083008,-117.38507080078124,SAN BERNARDINO,RIALTO,-117.38518524169922,34.11168670654297,1,Midday,0
2023,3609,2023-08-18,430,5,5,N,A,-,N,,,N,2,0,1,2,A,-,09,21804.0,A,N,B,A,H,-,C,D,0,Y,,C,02,1,0,0,0,1,34.10676956176758,-117.40093231201172,SAN BERNARDINO,RIALTO,-117.4009017944336,34.10575866699219,0,Night,1
2023,3607,2023-08-11,1630,5,5,Y,A,-,N,,,N,2,0,1,2,A,-,03,22350.0,,N,C,A,H,-,A,A,0,Y,,C,02,1,0,0,0,1,,,SAN BERNARDINO,ONTARIO,-117.52416229248048,34.05533218383789,0,Evening,1
2023,3607,2023-09-07,554,4,5,N,A,-,N,,,Y,2,0,1,2,A,-,08,22107.0,,N,D,A,H,-,B,D,0,Y,,C,02,1,0,0,0,1,,,SAN BERNARDINO,ONTARIO,-117.62301635742188,34.048484802246094,0,Morning,1
2023,3611,2023-01-18,1317,3,5,N,A,-,N,,,N,4,0,1,2,A,-,12,22450.0,A,N,E,A,H,-,A,A,0,Y,,A,01,0,0,1,0,1,,,SAN BERNARDINO,UPLAND,-117.64298248291016,34.132450103759766,0,Midday,0
2023,3611,2023-01-21,1932,6,5,Y,A,-,N,,,Y,2,0,1,2,A,-,12,21453.0,A,N,D,A,H,-,C,A,0,Y,,A,01,1,0,0,0,1,,,SAN BERNARDINO,UPLAND,-117.66078186035156,34.09970474243164,1,Evening,1
2023,3611,2023-01-23,1748,1,5,Y,A,-,N,,,Y,3,0,1,2,A,-,09,21801.0,A,N,D,A,H,-,C,A,0,Y,,A,01,0,1,0,0,1,34.103328704833984,-117.67017364501952,SAN BERNARDINO,UPLAND,-117.6701889038086,34.10330581665039,0,Evening,0
2023,3611,2023-03-13,2014,1,5,N,A,-,N,,,N,3,0,1,2,A,-,03,22350.0,,N,C,A,H,-,C,A,0,Y,,C,02,0,1,0,0,1,34.10708999633789,-117.63352966308594,SAN BERNARDINO,UPLAND,-117.63437652587892,34.10722732543945,0,Night,0
2023,3611,2023-04-11,752,2,5,Y,A,-,N,,,Y,3,0,1,2,A,-,09,21802.0,A,N,D,A,H,-,A,D,0,Y,,A,01,0,1,0,0,1,34.092491149902344,-117.63923645019533,SAN BERNARDINO,UPLAND,-117.6390380859375,34.09247589111328,0,Morning,0
2023,3611,2023-04-19,2309,3,5,N,A,-,N,,,Y,2,0,1,2,A,-,03,22350.0,,N,C,A,H,-,C,A,0,Y,,A,01,1,0,0,0,1,34.10702896118164,-117.64151000976562,SAN BERNARDINO,UPLAND,-117.6417236328125,34.107036590576165,0,Night,1
2023,3611,2023-05-12,1359,5,5,Y,A,-,N,,,N,3,0,1,3,A,-,09,21801.0,A,N,D,A,H,-,A,D,0,Y,,A,01,0,1,0,0,1,34.09606170654297,-117.65509796142578,SAN BERNARDINO,UPLAND,-117.65493011474608,34.0960693359375,0,Midday,0
2023,3611,2023-05-19,1940,5,5,N,A,-,N,,,N,3,0,1,1,A,-,03,22350.0,,N,E,A,H,-,B,A,0,Y,,C,02,0,1,0,0,1,34.10702896118164,-117.65096282958984,SAN BERNARDINO,UPLAND,-117.6513671875,34.106929779052734,0,Evening,0
2023,3611,2023-06-10,1340,6,5,N,A,-,N,,,Y,3,0,1,2,A,-,08,22107.0,,N,D,A,H,-,A,D,0,Y,,A,01,0,1,0,0,0,34.10689926147461,-117.6702117919922,SAN BERNARDINO,UPLAND,-117.67021942138672,34.107879638671875,1,Midday,0
2023,3611,2023-06-18,1825,7,5,N,A,-,N,,,Y,3,0,1,2,A,-,09,21801.0,A,N,D,A,H,-,A,A,0,Y,,C,02,0,1,0,0,1,34.10321044921875,-117.68959808349608,SAN BERNARDINO,UPLAND,-117.68965911865234,34.102806091308594,1,Evening,0
2023,3611,2023-06-27,2045,2,5,Y,A,-,N,,,Y,2,0,3,3,A,-,09,21801.0,A,N,D,A,H,-,B,A,0,Y,,A,07,1,2,0,0,3,34.121490478515625,-117.6609115600586,SAN BERNARDINO,UPLAND,-117.66085815429688,34.12150955200195,0,Night,1
2023,3611,2023-06-28,1426,3,5,Y,A,-,N,,,N,3,0,1,2,A,-,03,22350.0,,N,C,A,H,-,A,D,0,Y,,C,02,0,1,0,0,1,34.10702133178711,-117.67498779296876,SAN BERNARDINO,UPLAND,-117.6750030517578,34.107120513916016,0,Midday,0
2023,3611,2023-07-09,1105,7,5,Y,A,-,Y,,,N,3,0,1,2,D,-,00,,,N,D,A,H,-,A,A,0,Y,,-,- ,0,1,0,0,1,,,SAN BERNARDINO,UPLAND,-117.64137268066406,34.07429885864258,1,Midday,0
2023,3607,2023-08-05,519,6,5,N,A,-,N,,,N,2,0,1,2,A,-,03,22350.0,,N,E,A,H,-,C,A,0,Y,,C,02,1,0,0,0,1,,,SAN BERNARDINO,ONTARIO,-117.62860107421876,34.049129486083984,1,Morning,1
2023,3607,2023-10-05,922,4,5,N,A,-,N,,,N,3,0,1,2,A,-,09,21804.0,A,N,D,A,H,-,A,D,0,Y,,D,22,0,1,0,0,1,,,SAN BERNARDINO,ONTARIO,-117.61105346679688,34.078224182128906,0,Morning,0
2023,3607,2023-07-30,2134,7,5,N,A,-,N,,,Y,2,0,1,2,A,-,09,21801.0,A,N,D,A,H,-,C,D,0,Y,,A,07,1,0,0,0,1,,,SAN BERNARDINO,ONTARIO,-117.62682342529295,34.077659606933594,1,Night,1
2023,3609,2023-10-13,1315,5,5,N,A,-,N,,,N,3,0,1,1,C,-,18,,,N,E,A,A,-,A,D,0,Y,,-,- ,0,1,0,0,1,34.092239379882805,-117.37033081054688,SAN BERNARDINO,RIALTO,-117.37035369873048,34.092288970947266,0,Midday,0
2023,3607,2023-10-18,1737,3,5,Y,A,-,N,,,Y,3,0,1,2,A,-,01,23152.0,A,N,B,A,H,-,A,A,0,Y,Y,A,01,0,1,0,0,1,,,SAN BERNARDINO,ONTARIO,-117.55252075195312,34.07004928588867,0,Evening,0
2023,3602,2023-09-27,1354,3,5,N,A,-,N,,,N,4,0,1,2,A,-,09,21804.0,A,N,D,A,H,-,A,D,0,Y,,O,05,0,0,1,0,1,34.013641357421875,-117.69558715820312,SAN BERNARDINO,CHINO,-117.69628143310548,34.013626098632805,0,Midday,0
2023,3607,2023-10-21,1405,6,5,N,A,-,N,,,N,3,0,1,2,A,-,09,21804.0,A,N,A,A,H,-,A,D,0,Y,,A,01,0,1,0,0,1,,,SAN BERNARDINO,ONTARIO,-117.65100860595705,34.081539154052734,1,Midday,0
2023,3607,2023-10-21,2030,6,5,N,A,-,N,,,Y,4,0,1,2,A,-,08,22107.0,,N,D,A,H,-,C,A,0,Y,,A,01,0,0,1,0,1,,,SAN BERNARDINO,ONTARIO,-117.5558853149414,34.07624053955078,1,Night,0
2023,3607,2023-11-02,1452,4,5,Y,A,-,N,,,N,3,0,1,2,A,-,08,22107.0,,N,D,A,H,-,A,A,0,Y,,A,07,0,1,0,0,1,,,SAN BERNARDINO,ONTARIO,-117.60459136962892,34.06454086303711,0,Midday,0
2023,3607,2023-11-10,1738,5,5,Y,A,-,N,,,N,3,0,1,2,A,-,09,21801.0,A,N,D,A,H,-,C,D,0,Y,,A,01,0,1,0,0,1,,,SAN BERNARDINO,ONTARIO,-117.66531372070312,34.06332778930664,0,Evening,0
2023,3607,2023-11-12,1600,7,5,N,A,-,N,,,Y,2,0,2,2,A,-,03,22350.0,,N,C,A,H,-,A,D,0,Y,,C,02,1,0,1,0,1,,,SAN BERNARDINO,ONTARIO,-117.65829467773438,34.06333923339844,1,Evening,1
2023,3611,2023-10-07,1953,6,5,Y,A,-,N,,,N,4,0,1,1,B,-,22,,,N,F,A,H,-,B,D,0,Y,,C,02,0,0,1,0,1,34.14337921142578,-117.66110229492188,SAN BERNARDINO,UPLAND,-117.66094207763672,34.14331817626953,1,Evening,0
2023,3602,2023-10-12,1311,4,5,N,A,-,N,,,Y,2,0,1,2,A,-,09,21804.0,A,N,D,A,H,-,A,D,0,Y,,A,01,1,0,0,0,1,33.991058349609375,-117.71521759033205,SAN BERNARDINO,CHINO,-117.7160873413086,33.98942947387695,0,Midday,1
2023,3602,2023-10-13,735,5,5,N,A,-,Y,H,,Y,4,0,1,4,A,-,04,21703.0,,N,C,A,H,-,A,A,0,Y,,D,22,0,0,1,0,0,34.03038024902344,-117.66764068603516,SAN BERNARDINO,CHINO,-117.66764068603516,34.030452728271484,0,Morning,0
2023,3607,2023-11-18,1446,6,5,N,A,-,N,,,N,3,0,1,1,C,-,18,,,N,H,A,H,-,A,D,0,Y,,-,- ,0,1,0,0,1,,,SAN BERNARDINO,ONTARIO,-117.64922332763672,34.057884216308594,1,Midday,0
2023,3611,2023-09-25,1440,1,5,N,A,-,N,,,Y,3,0,1,2,A,-,08,22107.0,,M,C,A,H,-,A,A,0,Y,,F,76,0,1,0,0,1,34.117820739746094,-117.68093872070312,SAN BERNARDINO,UPLAND,-117.68092346191406,34.11783218383789,0,Midday,0
2023,3609,2023-09-22,1823,5,5,Y,A,-,N,,,Y,2,0,1,2,A,-,09,21801.0,A,N,D,A,H,-,A,A,0,Y,,F,85,1,0,0,0,1,,,SAN BERNARDINO,RIALTO,-117.37141418457033,34.04142761230469,0,Evening,1
2023,3607,2023-12-08,1541,5,5,N,A,-,N,,,N,2,0,1,2,A,-,08,22107.0,,N,A,A,H,-,A,D,0,Y,,C,02,1,0,0,0,1,,,SAN BERNARDINO,ONTARIO,-117.58209991455078,34.003631591796875,0,Midday,1
2023,3611,2023-10-27,1422,5,5,N,A,-,N,,,N,3,0,1,1,A,-,08,22107.0,,N,E,A,H,-,A,A,0,Y,,C,02,0,1,0,0,1,,,SAN BERNARDINO,UPLAND,-117.62995910644533,34.10684585571289,0,Midday,0
2023,3607,2023-12-18,1512,1,5,N,A,-,N,,,N,2,0,1,1,A,-,03,22350.0,,N,F,A,H,-,A,D,0,Y,,C,02,1,0,0,0,1,,,SAN BERNARDINO,ONTARIO,-117.61685943603516,34.08489990234375,0,Midday,1
2023,3611,2023-11-23,1233,4,5,Y,A,-,N,,,Y,3,0,1,2,A,-,09,21802.0,A,N,D,A,H,-,A,A,0,Y,,A,01,0,1,0,0,1,34.1432991027832,-117.6513671875,SAN BERNARDINO,UPLAND,-117.6514892578125,34.14337158203125,0,Midday,0
2023,3611,2023-10-31,1824,2,5,Y,A,-,N,,,Y,3,0,1,2,A,-,09,21801.0,A,N,D,A,H,-,C,D,0,Y,,A,01,0,1,0,0,1,,,SAN BERNARDINO,UPLAND,-117.6833724975586,34.12157440185547,0,Evening,0
2023,3609,2023-12-26,1514,2,5,Y,A,-,N,,,Y,3,0,1,1,A,-,03,22350.0,,N,H,A,A,B,A,D,0,Y,,C,03,0,1,0,0,1,34.14313125610352,-117.40981292724608,SAN BERNARDINO,RIALTO,-117.40978240966795,34.14311218261719,0,Midday,0
2023,3611,2023-11-18,2104,6,5,N,B,-,N,,,Y,2,0,3,3,A,-,09,21804.0,A,N,D,A,H,-,C,D,0,Y,,A,01,1,1,1,0,2,34.10702896118164,-117.65096282958984,SAN BERNARDINO,UPLAND,-117.6513671875,34.107635498046875,1,Night,1
2023,3611,2023-12-15,1654,5,5,N,A,-,N,,,Y,3,0,1,2,A,-,03,22350.0,,N,C,A,H,-,B,A,0,Y,,A,01,0,1,0,0,1,34.09600830078125,-117.6701889038086,SAN BERNARDINO,UPLAND,-117.67024993896484,34.09772109985352,0,Evening,0
2023,3611,2023-11-20,1114,1,5,N,A,-,N,,,N,3,0,1,1,A,-,03,22350.0,,N,F,A,H,-,A,D,0,Y,,C,02,0,1,0,0,1,34.1031608581543,-117.68968963623048,SAN BERNARDINO,UPLAND,-117.69010162353516,34.10321044921875,0,Midday,0
2023,3611,2023-11-24,2005,5,5,Y,A,-,N,,,Y,4,0,1,2,A,-,12,22450.0,A,N,D,A,H,-,C,A,0,Y,,C,02,0,0,1,0,1,34.11804962158203,-117.65126037597656,SAN BERNARDINO,UPLAND,-117.65138244628906,34.11791229248047,0,Night,0
2023,3607,2023-11-16,1225,4,5,N,A,-,N,,,Y,1,1,0,2,A,-,09,21804.0,A,N,B,A,H,-,A,D,0,Y,,A,01,0,0,0,1,0,,,SAN BERNARDINO,ONTARIO,-117.6725845336914,34.06330108642578,0,Midday,1
2023,9835,2023-01-02,1255,1,1,N,A,-,Y,H,,Y,2,0,1,2,A,-,03,22350.0,,N,C,A,H,-,A,D,0,Y,,C,02,1,0,0,0,1,34.95948028564453,-116.65384674072266,SAN BERNARDINO,UNINCORPORATED,-116.65386199951172,34.959495544433594,0,Midday,1
2023,9835,2023-01-03,1700,2,2,Y,A,-,N,,,Y,4,0,1,1,A,-,03,22350.0,,N,E,A,H,-,A,A,0,Y,,C,06,0,0,1,0,1,34.90092849731445,-116.92693328857422,SAN BERNARDINO,UNINCORPORATED,-116.92681121826172,34.9010009765625,0,Evening,0
2023,9850,2023-01-04,1730,3,2,N,B,-,N,,,Y,4,0,2,3,A,-,03,22350.0,,N,C,B,H,-,B,D,0,Y,,A,01,0,0,2,0,1,34.44474029541016,-117.521240234375,SAN BERNARDINO,UNINCORPORATED,-117.521240234375,34.44470977783203,0,Evening,0
2023,9834,2023-01-13,1320,5,1,N,A,-,Y,H,,Y,3,0,1,2,A,-,03,22350.0,,N,C,A,H,-,A,D,0,Y,,C,02,0,1,0,0,1,34.3702507019043,-114.65511322021484,SAN BERNARDINO,UNINCORPORATED,-114.65511322021484,34.3702507019043,0,Midday,0
2023,9860,2023-01-18,2037,3,2,N,A,-,N,,,N,3,0,1,1,A,-,08,22107.0,,N,E,A,H,-,D,D,0,Y,Y,C,02,0,1,0,0,1,34.06837844848633,-117.395263671875,SAN BERNARDINO,UNINCORPORATED,-117.39905548095705,34.07633972167969,0,Night,0
2023,9855,2023-01-13,1615,5,2,N,A,-,Y,H,,Y,3,0,1,2,A,-,08,22107.0,,N,F,A,H,-,A,D,0,Y,,C,02,0,1,0,0,1,34.025611877441406,-117.56490325927734,SAN BERNARDINO,ONTARIO,-117.56483459472656,34.0257682800293,0,Evening,0
2023,9850,2023-01-22,1200,7,1,N,A,-,N,,,N,2,0,1,1,A,-,03,38305.0,,N,F,A,A,-,A,D,0,Y,,C,02,1,0,0,0,1,34.45917892456055,-117.43032073974608,SAN BERNARDINO,VICTORVILLE,-117.43025970458984,34.45923614501953,1,Midday,1
2023,9850,2023-01-21,2500,6,4,Y,A,-,N,,,Y,3,0,1,1,A,-,01,23152.0,A,N,E,A,H,-,D,D,0,Y,Y,-,- ,0,1,0,0,1,34.38304138183594,-117.6147918701172,SAN BERNARDINO,UNINCORPORATED,-117.61469268798828,34.382896423339844,1,Night,0
2023,9855,2023-01-26,1510,4,2,N,A,-,Y,H,,Y,3,0,3,2,A,-,07,21658.0,A,N,C,A,D,-,A,D,0,Y,,A,07,0,1,2,0,1,34.06769943237305,-117.6013412475586,SAN BERNARDINO,ONTARIO,-117.60133361816406,34.067729949951165,0,Midday,0
2023,9855,2023-01-22,1933,7,2,N,A,-,Y,H,,Y,2,0,1,2,A,-,01,23152.0,A,F,B,A,H,-,C,D,0,Y,Y,C,02,1,0,0,0,1,34.030208587646484,-117.69126129150392,SAN BERNARDINO,CHINO,-117.69126129150392,34.030174255371094,1,Evening,1
2023,9855,2023-01-29,1500,7,2,N,B,C,Y,H,,N,2,0,1,1,A,-,03,22350.0,,N,F,B,H,-,A,D,0,Y,,C,02,1,0,0,0,1,34.137691497802734,-117.4936294555664,SAN BERNARDINO,FONTANA,-117.49382019042967,34.13785171508789,1,Midday,1
2023,9860,2023-02-01,1653,3,2,N,A,-,Y,H,,N,3,0,1,2,A,-,07,21658.0,A,N,B,A,H,-,A,D,0,Y,,A,01,0,1,0,0,1,34.02711868286133,-117.12059020996094,SAN BERNARDINO,YUCAIPA,-117.12060546875,34.027069091796875,0,Evening,0
2023,9855,2023-02-05,540,7,3,N,B,-,Y,H,,Y,2,0,1,1,A,-,03,22350.0,,N,F,A,D,-,D,D,0,Y,,C,02,1,0,0,0,1,34.06748962402344,-117.56736755371094,SAN BERNARDINO,ONTARIO,-117.56736755371094,34.06740951538086,1,Morning,1
2023,9855,2023-02-03,1435,5,2,N,A,-,Y,H,,N,3,0,1,3,A,-,08,22107.0,,F,B,A,H,-,A,D,0,Y,,-,99,0,1,0,0,1,34.03028869628906,-117.65660858154295,SAN BERNARDINO,CHINO,-117.65660858154295,34.03030776977539,0,Midday,0
2023,9835,2023-02-21,1020,2,1,N,A,-,N,,,Y,3,0,1,1,A,-,03,22350.0,,N,F,A,H,-,A,D,0,Y,,C,02,0,1,0,0,1,35.003631591796875,-116.90966796875,SAN BERNARDINO,UNINCORPORATED,-116.8114776611328,35.115474700927734,0,Morning,0
2023,9860,2023-02-10,1340,5,1,N,A,-,Y,H,,Y,2,0,1,2,A,-,07,21658.0,A,N,B,A,H,-,A,D,0,Y,,C,02,1,0,0,0,1,34.0653190612793,-117.30494689941406,SAN BERNARDINO,COLTON,-117.30494689941406,34.06536102294922,0,Midday,1